image_id,source_dataset,source_path,perceptual_hash,duplicate_group_id,source_label,pawphile_condition_label,pawphile_finding_label,label_type,label_quality,clinical_validation,split,body_region,dog_id,tier,exclusion_reason,erythema,alopecia,crust,scaling,erosion,ulcer,pustule,lichenification,parsed_findings,experimental_split
38c5bff1-134f-4067-b30e-d6b53fd3b19d,Roboflow,C:\Users\ESSAKKI RAJA T  EV\OneDrive\Desktop\DB PAWPHILE\Dog Skin Disease Dataset.v2i.folder\valid\bacterial dermatosis\bacterial_416_jpg.rf.7003380c4edf6ada1304c886092a2ab6.jpg,200,0aae7414-8c4d-4654-a4d8-9cd37dcf50f5,bacterial dermatosis,bacterial dermatosis,"[""erythema"", ""pustule"", ""crust""]",disease-level (provisional),research-only,unsupported,valid,skin,unknown,C,,1.0,0.0,1.0,0.0,0.0,0.0,1.0,0.0,"['erythema', 'pustule', 'crust']",train
15a66f0e-924c-485b-909a-3b3de4d305bf,Kaggle,C:\Users\ESSAKKI RAJA T  EV\OneDrive\Desktop\DB PAWPHILE\archive\valid\Hypersensitivity\B9781416056638000070_f007-003-9781416056638_jpg.rf.ad041a908e7a7c2af2010f21db718bd6.jpg,425,27b07548-bd0d-49ab-be62-3b8470bdbfe9,Hypersensitivity,hypersensitivity / allergic dermatitis,"[""erythema"", ""lichenification""]",disease-level (provisional),research-only,unsupported,valid,skin,unknown,C,,1.0,0.0,0.0,0.0,0.0,0.0,0.0,1.0,"['erythema', 'lichenification']",train
77d02bff-c111-4020-b096-2dd67e0e44a7,Roboflow,C:\Users\ESSAKKI RAJA T  EV\OneDrive\Desktop\DB PAWPHILE\Dog Skin Disease Dataset.v2i.folder\valid\healthy\healthy_387_jpg.rf.3fd584b8796aab82ee388acb2628df3d.jpg,1326,a8ddeef3-ebc0-4b4c-8fa1-6057a0fa6510,healthy,healthy,[],disease-level (provisional),research-only,unsupported,valid,skin,unknown,C,,0.0,0.0,0.0,0.0,0.0,0.0,0.0,0.0,[],train
f47a0440-3aca-4f2d-a66f-76ae35a8a4ee,Roboflow,C:\Users\ESSAKKI RAJA T  EV\OneDrive\Desktop\DB PAWPHILE\Dog Skin Disease Dataset.v2i.folder\valid\fungal infection\fungal_262_jpg.rf.420997d00f8e4e7835f389010b6a3abf.jpg,575,811efca2-cd7a-4e66-a801-cd4e025c1295,fungal infection,fungal infection,"[""alopecia"", ""scaling""]",disease-level (provisional),research-only,unsupported,valid,skin,unknown,C,,0.0,1.0,0.0,1.0,0.0,0.0,0.0,0.0,"['alopecia', 'scaling']",train
5fa331a3-4cbc-41b0-9939-7996bf3ba268,Kaggle,C:\Users\ESSAKKI RAJA T  EV\OneDrive\Desktop\DB PAWPHILE\archive\valid\Dermatitis\HOT-SPOT-IN-DOG-HOW-vet-treated-symptom-prevention_-flea-bite-moist-eczema_dog-itching-000150_png_jpg.rf.393c2d4d6ca282cad3ce9fe4a3ce6160.jpg,273,2290a664-649f-4685-b7c7-971f14ff77dd,Dermatitis,nonspecific dermatitis,"[""erythema"", ""scaling""]",disease-level (provisional),research-only,unsupported,valid,skin,unknown,C,,1.0,0.0,0.0,1.0,0.0,0.0,0.0,0.0,"['erythema', 'scaling']",train
2b356736-5240-4484-852b-63cb2cb244cb,Roboflow,C:\Users\ESSAKKI RAJA T  EV\OneDrive\Desktop\DB PAWPHILE\Dog Skin Disease Dataset.v2i.folder\train\hypersensitivity dermatitis\hypersensitivity_365_jpg.rf.427d002a746d63f6a4acb0d8ae1c3d43.jpg,1157,c77a4476-1c7f-4a12-919e-44fcb053b253,hypersensitivity dermatitis,hypersensitivity / allergic dermatitis,"[""erythema"", ""lichenification""]",disease-level (provisional),research-only,unsupported,train,skin,unknown,C,,1.0,0.0,0.0,0.0,0.0,0.0,0.0,1.0,"['erythema', 'lichenification']",train
7a68ba00-2285-479d-863b-342868967d63,Roboflow,C:\Users\ESSAKKI RAJA T  EV\OneDrive\Desktop\DB PAWPHILE\Dog Skin Disease Dataset.v2i.folder\train\hypersensitivity dermatitis\hypersensitivity_330_jpg.rf.70115067257f826eb0e711add3369405.jpg,801,693b1580-cc5b-4991-83c7-c002c5d8583f,hypersensitivity dermatitis,hypersensitivity / allergic dermatitis,"[""erythema"", ""lichenification""]",disease-level (provisional),research-only,unsupported,train,skin,unknown,C,,1.0,0.0,0.0,0.0,0.0,0.0,0.0,1.0,"['erythema', 'lichenification']",train
b39c1eaa-e108-4468-acb9-10786b96c4bd,Kaggle,C:\Users\ESSAKKI RAJA T  EV\OneDrive\Desktop\DB PAWPHILE\archive\test\Dermatitis\HOT-SPOT-IN-DOG-HOW-vet-treated-symptom-prevention_-flea-bite-moist-eczema_dog-itching-000504_png_jpg.rf.32c73267a6af2a3df8cdb5dd40848b8f.jpg,1298,7012bb5a-7a97-4562-8591-f5ccb927561c,Dermatitis,nonspecific dermatitis,"[""erythema"", ""scaling""]",disease-level (provisional),research-only,unsupported,test,skin,unknown,C,,1.0,0.0,0.0,1.0,0.0,0.0,0.0,0.0,"['erythema', 'scaling']",train
6b4d4064-b210-47ce-a700-7fcdb7a8f4e1,Roboflow,C:\Users\ESSAKKI RAJA T  EV\OneDrive\Desktop\DB PAWPHILE\Dog Skin Disease Dataset.v2i.folder\train\hypersensitivity dermatitis\hypersensitivity_119_jpg.rf.189bde55eebbfc74dbfdb6ce55cd38fe.jpg,1325,f9e441e6-abbd-4ecf-93d1-814242647f60,hypersensitivity dermatitis,hypersensitivity / allergic dermatitis,"[""erythema"", ""lichenification""]",disease-level (provisional),research-only,unsupported,train,skin,unknown,C,,1.0,0.0,0.0,0.0,0.0,0.0,0.0,1.0,"['erythema', 'lichenification']",train
fb47717c-693a-44bb-a47f-14334100f0b8,Kaggle,C:\Users\ESSAKKI RAJA T  EV\OneDrive\Desktop\DB PAWPHILE\archive\valid\ringworm\WIN_20240514_17_23_20_Pro_jpg.rf.b84bfe70eb98353596c2b47c5f6ed16b.jpg,1363,43e91639-be1f-4af0-b6e9-b72f76bb0681,ringworm,fungal infection,"[""alopecia"", ""scaling""]",disease-level (provisional),research-only,unsupported,valid,skin,unknown,C,,0.0,1.0,0.0,1.0,0.0,0.0,0.0,0.0,"['alopecia', 'scaling']",train
54677992-b3fc-4cbe-a66d-308912cfedb1,Roboflow,C:\Users\ESSAKKI RAJA T  EV\OneDrive\Desktop\DB PAWPHILE\Dog Skin Disease Dataset.v2i.folder\train\bacterial dermatosis\bacterial_383_jpg.rf.42e683948989586a6caf799cc9e23cf9.jpg,98,49419587-c7db-4c07-ac26-f490897e6ad9,bacterial dermatosis,bacterial dermatosis,"[""erythema"", ""pustule"", ""crust""]",disease-level (provisional),research-only,unsupported,train,skin,unknown,C,,1.0,0.0,1.0,0.0,0.0,0.0,1.0,0.0,"['erythema', 'pustule', 'crust']",train
286b3a17-78b3-4e86-a052-670344a0696e,Roboflow,C:\Users\ESSAKKI RAJA T  EV\OneDrive\Desktop\DB PAWPHILE\Dog Skin Disease Dataset.v2i.folder\train\bacterial dermatosis\bacterial_81_jpg.rf.a7c229fd90687f51af02b46c77d2a007.jpg,1695,8c4749ff-93f5-405a-971f-c9e8229468ee,bacterial dermatosis,bacterial dermatosis,"[""erythema"", ""pustule"", ""crust""]",disease-level (provisional),research-only,unsupported,train,skin,unknown,C,,1.0,0.0,1.0,0.0,0.0,0.0,1.0,0.0,"['erythema', 'pustule', 'crust']",train
8ad4dfca-9aa4-4fad-9073-890181f72fc1,Kaggle,C:\Users\ESSAKKI RAJA T  EV\OneDrive\Desktop\DB PAWPHILE\archive\test\Fungal_infections\FUNGAL-INFECTION_054_jpg.rf.6e668626e590158e3bc98c77cb8cf646.jpg,1528,269f8943-b529-480c-a50c-c3f9384dae78,Fungal_infections,fungal infection,"[""alopecia"", ""scaling""]",disease-level (provisional),research-only,unsupported,test,skin,unknown,C,,0.0,1.0,0.0,1.0,0.0,0.0,0.0,0.0,"['alopecia', 'scaling']",train
9c14ce95-9e04-4efd-98c9-0ddfbde6c072,Kaggle,C:\Users\ESSAKKI RAJA T  EV\OneDrive\Desktop\DB PAWPHILE\archive\valid\ringworm\ringworm-57-_jpg.rf.e267ef9ddf745ef9f9c24efa3aaac959.jpg,1244,8bff0da5-a695-492e-a6f9-263cb1743d6f,ringworm,fungal infection,"[""alopecia"", ""scaling""]",disease-level (provisional),research-only,unsupported,valid,skin,unknown,C,,0.0,1.0,0.0,1.0,0.0,0.0,0.0,0.0,"['alopecia', 'scaling']",train
a233416d-80bc-48ab-938d-836dcda6dc26,Roboflow,C:\Users\ESSAKKI RAJA T  EV\OneDrive\Desktop\DB PAWPHILE\Dog Skin Disease Dataset.v2i.folder\valid\bacterial dermatosis\bacterial17_jpg.rf.4817fd324e30dc9f6295182185e75b3f.jpg,554,70abd9c5-ea5e-4c68-b556-5b6f31840bab,bacterial dermatosis,bacterial dermatosis,"[""erythema"", ""pustule"", ""crust""]",disease-level (provisional),research-only,unsupported,valid,skin,unknown,C,,1.0,0.0,1.0,0.0,0.0,0.0,1.0,0.0,"['erythema', 'pustule', 'crust']",train
372e09d0-86d3-40e6-8486-160ea88f0fdb,Roboflow,C:\Users\ESSAKKI RAJA T  EV\OneDrive\Desktop\DB PAWPHILE\Dog Skin Disease Dataset.v2i.folder\train\hypersensitivity dermatitis\hypersensitivity_20_jpg.rf.aceab92b50f8f150d888ae0d6b8e7d2c.jpg,1672,40363054-fc7d-4068-893f-ad41c7ef413c,hypersensitivity dermatitis,hypersensitivity / allergic dermatitis,"[""erythema"", ""lichenification""]",disease-level (provisional),research-only,unsupported,train,skin,unknown,C,,1.0,0.0,0.0,0.0,0.0,0.0,0.0,1.0,"['erythema', 'lichenification']",train
e404196f-316f-4937-88f7-22506abf78cc,Roboflow,C:\Users\ESSAKKI RAJA T  EV\OneDrive\Desktop\DB PAWPHILE\Dog Skin Disease Dataset.v2i.folder\test\bacterial dermatosis\bacterial_59_jpg.rf.97e06680cba4af875a3531ac09674331.jpg,1513,93b14dfe-f46d-4f59-9d6a-3a3072dd22b8,bacterial dermatosis,bacterial dermatosis,"[""erythema"", ""pustule"", ""crust""]",disease-level (provisional),research-only,unsupported,test,skin,unknown,C,,1.0,0.0,1.0,0.0,0.0,0.0,1.0,0.0,"['erythema', 'pustule', 'crust']",train
599582de-8958-4e0f-815b-3adc27416952,Roboflow,C:\Users\ESSAKKI RAJA T  EV\OneDrive\Desktop\DB PAWPHILE\Dog Skin Disease Dataset.v2i.folder\train\healthy\healthy_52_jpg.rf.93ad3e6393f7cad97987508ceab49113.jpg,1543,d8ff28ce-919a-49d7-bb56-04d35400e747,healthy,healthy,[],disease-level (provisional),research-only,unsupported,train,skin,unknown,C,,0.0,0.0,0.0,0.0,0.0,0.0,0.0,0.0,[],train
fecf8df4-db9d-4cbe-8ee3-ef1cb3c35499,Kaggle,C:\Users\ESSAKKI RAJA T  EV\OneDrive\Desktop\DB PAWPHILE\archive\train\demodicosis\IMG_5223_jpeg_jpg.rf.a72c06b79b31d3f26fec8ff70776f7a8.jpg,1634,4e27ded6-3115-42be-b172-6548fe1335f4,demodicosis,demodicosis,"[""alopecia"", ""erythema"", ""crust""]",disease-level (provisional),research-only,unsupported,train,skin,unknown,C,,1.0,1.0,1.0,0.0,0.0,0.0,0.0,0.0,"['alopecia', 'erythema', 'crust']",train
be42ff97-d026-48fb-8268-3c9aa7bb83ba,Roboflow,C:\Users\ESSAKKI RAJA T  EV\OneDrive\Desktop\DB PAWPHILE\Dog Skin Disease Dataset.v2i.folder\train\bacterial dermatosis\bacterial_288_jpg.rf.208c57a7af09231d9dba1e1ee0e0ec44.jpg,228,ba63cb81-48af-4be9-942a-5fbb85fd4082,bacterial dermatosis,bacterial dermatosis,"[""erythema"", ""pustule"", ""crust""]",disease-level (provisional),research-only,unsupported,train,skin,unknown,C,,1.0,0.0,1.0,0.0,0.0,0.0,1.0,0.0,"['erythema', 'pustule', 'crust']",train
4e21daeb-757c-4be9-b24a-d5fae94eb048,Kaggle,C:\Users\ESSAKKI RAJA T  EV\OneDrive\Desktop\DB PAWPHILE\archive\test\Healthy\HEALTHY_035_jpg.rf.989044cc4f07b2d860cf38666087c0c7.jpg,1267,2e3ba949-0b74-4d19-8efa-fd8fc8bed424,Healthy,healthy,[],disease-level (provisional),research-only,unsupported,test,skin,unknown,C,,0.0,0.0,0.0,0.0,0.0,0.0,0.0,0.0,[],train
b9440e5e-daf5-4e96-8b7f-a4d42c9c305d,Kaggle,C:\Users\ESSAKKI RAJA T  EV\OneDrive\Desktop\DB PAWPHILE\archive\valid\Dermatitis\1000010652_x16_jpg.rf.035365f7ba651fe9e6f871beb7d9bff4.jpg,1185,5628decf-94d4-4b67-8390-f07b1c34fbc3,Dermatitis,nonspecific dermatitis,"[""erythema"", ""scaling""]",disease-level (provisional),research-only,unsupported,valid,skin,unknown,C,,1.0,0.0,0.0,1.0,0.0,0.0,0.0,0.0,"['erythema', 'scaling']",train
c0f5f0d8-db2b-4f36-bd3f-f6695b86b393,Kaggle,C:\Users\ESSAKKI RAJA T  EV\OneDrive\Desktop\DB PAWPHILE\archive\train\Fungal_infections\pic71_jpg.rf.06b9ef80d78950eeec0888e186c1caa4.jpg,1391,8d7238ef-8a38-4574-b98d-2f80099e61d9,Fungal_infections,fungal infection,"[""alopecia"", ""scaling""]",disease-level (provisional),research-only,unsupported,train,skin,unknown,C,,0.0,1.0,0.0,1.0,0.0,0.0,0.0,0.0,"['alopecia', 'scaling']",train
fdb8e4f1-b443-4f03-9669-d7cb05bf6a50,Roboflow,C:\Users\ESSAKKI RAJA T  EV\OneDrive\Desktop\DB PAWPHILE\Dog Skin Disease Dataset.v2i.folder\test\healthy\healthy_53_jpg.rf.a618ddb3f02529e47b9d0c96b45b48fd.jpg,621,3cac7ba3-ac86-4064-8158-0940c78b1e8e,healthy,healthy,[],disease-level (provisional),research-only,unsupported,test,skin,unknown,C,,0.0,0.0,0.0,0.0,0.0,0.0,0.0,0.0,[],train
0d27f174-c7c2-4690-aaeb-b75aa8c25ef5,Kaggle,C:\Users\ESSAKKI RAJA T  EV\OneDrive\Desktop\DB PAWPHILE\archive\valid\demodicosis\P34_png_jpg.rf.61e5a18681a115cb973005a8887301dd.jpg,1295,f3a4fa38-7137-4073-a302-831255ed04cf,demodicosis,demodicosis,"[""alopecia"", ""erythema"", ""crust""]",disease-level (provisional),research-only,unsupported,valid,skin,unknown,C,,1.0,1.0,1.0,0.0,0.0,0.0,0.0,0.0,"['alopecia', 'erythema', 'crust']",train
2c6bda56-d064-4874-9b52-329e1b96c6a6,Kaggle,C:\Users\ESSAKKI RAJA T  EV\OneDrive\Desktop\DB PAWPHILE\archive\test\demodicosis\1-3-_jpg.rf.6e2ab527970a29a42ffb50b571404cf6.jpg,793,3a373408-503e-4856-b932-31f9b25335f6,demodicosis,demodicosis,"[""alopecia"", ""erythema"", ""crust""]",disease-level (provisional),research-only,unsupported,test,skin,unknown,C,,1.0,1.0,1.0,0.0,0.0,0.0,0.0,0.0,"['alopecia', 'erythema', 'crust']",train
1c129f3a-0a70-4a53-a09d-bcae8fb18236,Kaggle,C:\Users\ESSAKKI RAJA T  EV\OneDrive\Desktop\DB PAWPHILE\archive\test\Hypersensitivity\1724_jpg.rf.f06d0d11b847d4dd9582cb981c54ed57.jpg,917,4459f554-f9f4-460f-99bd-90881377a589,Hypersensitivity,hypersensitivity / allergic dermatitis,"[""erythema"", ""lichenification""]",disease-level (provisional),research-only,unsupported,test,skin,unknown,C,,1.0,0.0,0.0,0.0,0.0,0.0,0.0,1.0,"['erythema', 'lichenification']",train
6f9af319-99a1-4a98-8c14-be6b5e7e92c1,Roboflow,C:\Users\ESSAKKI RAJA T  EV\OneDrive\Desktop\DB PAWPHILE\Dog Skin Disease Dataset.v2i.folder\test\fungal infection\fungal_122_jpg.rf.02abae9695cb7b74de4227ad15e6fe61.jpg,556,5cefbea1-cb67-4e14-913d-ff4e548862b7,fungal infection,fungal infection,"[""alopecia"", ""scaling""]",disease-level (provisional),research-only,unsupported,test,skin,unknown,C,,0.0,1.0,0.0,1.0,0.0,0.0,0.0,0.0,"['alopecia', 'scaling']",train
79f01f52-a15a-4a09-9db6-a76b4ed9cffa,Kaggle,C:\Users\ESSAKKI RAJA T  EV\OneDrive\Desktop\DB PAWPHILE\archive\test\ringworm\WIN_20240514_17_29_49_Pro_jpg.rf.50e6385859f0f52f1d6f0c1c4309fce2.jpg,1636,5737922a-c901-4ddc-a244-2938e1c7c01f,ringworm,fungal infection,"[""alopecia"", ""scaling""]",disease-level (provisional),research-only,unsupported,test,skin,unknown,C,,0.0,1.0,0.0,1.0,0.0,0.0,0.0,0.0,"['alopecia', 'scaling']",train
2c7445ed-9f92-4ff3-a62a-1ee65790175d,Kaggle,C:\Users\ESSAKKI RAJA T  EV\OneDrive\Desktop\DB PAWPHILE\archive\test\demodicosis\IMG_5206_jpeg_jpg.rf.fca7e407229ff989de73f12069f80f5c.jpg,1406,2849d2b7-6724-4665-9798-cb27454c7c00,demodicosis,demodicosis,"[""alopecia"", ""erythema"", ""crust""]",disease-level (provisional),research-only,unsupported,test,skin,unknown,C,,1.0,1.0,1.0,0.0,0.0,0.0,0.0,0.0,"['alopecia', 'erythema', 'crust']",train
44bf180d-522c-48e7-9723-e379f56e306d,Roboflow,C:\Users\ESSAKKI RAJA T  EV\OneDrive\Desktop\DB PAWPHILE\Dog Skin Disease Dataset.v2i.folder\test\healthy\healthy_143_jpg.rf.c454480341d0a89bba5f7cca4417ee4e.jpg,1517,da9f5f16-145d-4a3e-bf2b-ba80660d25a6,healthy,healthy,[],disease-level (provisional),research-only,unsupported,test,skin,unknown,C,,0.0,0.0,0.0,0.0,0.0,0.0,0.0,0.0,[],train
d1e3067e-c9d9-47f8-8611-64d278810b3a,Roboflow,C:\Users\ESSAKKI RAJA T  EV\OneDrive\Desktop\DB PAWPHILE\Dog Skin Disease Dataset.v2i.folder\test\hypersensitivity dermatitis\hypersensitivity_192_jpg.rf.6324ef0bbda9bd3cf57679c21ac7603f.jpg,1232,9b3969b5-4fb8-4b43-8418-34e8a37c1962,hypersensitivity dermatitis,hypersensitivity / allergic dermatitis,"[""erythema"", ""lichenification""]",disease-level (provisional),research-only,unsupported,test,skin,unknown,C,,1.0,0.0,0.0,0.0,0.0,0.0,0.0,1.0,"['erythema', 'lichenification']",train
0f4c65f2-53dd-4911-8897-65f3781f271e,Kaggle,C:\Users\ESSAKKI RAJA T  EV\OneDrive\Desktop\DB PAWPHILE\archive\test\demodicosis\IMG_5217_jpeg_jpg.rf.4d1095ff3e528c9c8d1a7e58ba699736.jpg,1257,9e4ca729-d240-4990-9737-b61ca5aa0878,demodicosis,demodicosis,"[""alopecia"", ""erythema"", ""crust""]",disease-level (provisional),research-only,unsupported,test,skin,unknown,C,,1.0,1.0,1.0,0.0,0.0,0.0,0.0,0.0,"['alopecia', 'erythema', 'crust']",train
9b6eb87b-1adf-4528-a72e-01bb5d7a9228,Roboflow,C:\Users\ESSAKKI RAJA T  EV\OneDrive\Desktop\DB PAWPHILE\Dog Skin Disease Dataset.v2i.folder\train\bacterial dermatosis\bacterial_264_jpg.rf.2c7845253480db726f667b1ac4a8ea7b.jpg,1443,76140e6f-ff0f-4a65-97a1-3be1cb680992,bacterial dermatosis,bacterial dermatosis,"[""erythema"", ""pustule"", ""crust""]",disease-level (provisional),research-only,unsupported,train,skin,unknown,C,,1.0,0.0,1.0,0.0,0.0,0.0,1.0,0.0,"['erythema', 'pustule', 'crust']",train
5c00872d-ac70-4989-984b-16990851749d,Kaggle,C:\Users\ESSAKKI RAJA T  EV\OneDrive\Desktop\DB PAWPHILE\archive\valid\Dermatitis\May-is-allergy-awareness-month-here-at-The-Shot-Spot_01918_jpg.rf.795333fd343d000de00554aac5d11926.jpg,1119,3e35da27-354d-4cb5-bfb4-118b9fb76e9d,Dermatitis,nonspecific dermatitis,"[""erythema"", ""scaling""]",disease-level (provisional),research-only,unsupported,valid,skin,unknown,C,,1.0,0.0,0.0,1.0,0.0,0.0,0.0,0.0,"['erythema', 'scaling']",train
0823d6b7-1616-4d64-bb44-e909d2a9fdd2,Kaggle,C:\Users\ESSAKKI RAJA T  EV\OneDrive\Desktop\DB PAWPHILE\archive\test\demodicosis\IMG_5314_jpeg_jpg.rf.4f059513805fef3e6b04c00e6c523a91.jpg,1457,b61f60ea-6016-472a-9eee-49e6ac7880b3,demodicosis,demodicosis,"[""alopecia"", ""erythema"", ""crust""]",disease-level (provisional),research-only,unsupported,test,skin,unknown,C,,1.0,1.0,1.0,0.0,0.0,0.0,0.0,0.0,"['alopecia', 'erythema', 'crust']",train
20282d85-1ad9-4887-a09c-50ab458c9792,Roboflow,C:\Users\ESSAKKI RAJA T  EV\OneDrive\Desktop\DB PAWPHILE\Dog Skin Disease Dataset.v2i.folder\train\bacterial dermatosis\bacterial_132_jpg.rf.cdca5ad88e397c95cbf36b26b889fd29.jpg,777,b9a62790-fc98-4378-ada2-cef68e4bd43a,bacterial dermatosis,bacterial dermatosis,"[""erythema"", ""pustule"", ""crust""]",disease-level (provisional),research-only,unsupported,train,skin,unknown,C,,1.0,0.0,1.0,0.0,0.0,0.0,1.0,0.0,"['erythema', 'pustule', 'crust']",train
a6cede56-ba4e-4c86-91e8-27254d8f7827,Kaggle,C:\Users\ESSAKKI RAJA T  EV\OneDrive\Desktop\DB PAWPHILE\archive\valid\Dermatitis\May-is-allergy-awareness-month-here-at-The-Shot-Spot_00070_jpg.rf.bc1de34506ab995aa6cbdad1f71db8f4.jpg,993,538b7f10-548e-4bd3-a56c-79256acd4c9f,Dermatitis,nonspecific dermatitis,"[""erythema"", ""scaling""]",disease-level (provisional),research-only,unsupported,valid,skin,unknown,C,,1.0,0.0,0.0,1.0,0.0,0.0,0.0,0.0,"['erythema', 'scaling']",train
e3489b56-f630-4164-8437-838c78ae0139,Kaggle,C:\Users\ESSAKKI RAJA T  EV\OneDrive\Desktop\DB PAWPHILE\archive\valid\Dermatitis\83482425_2666988283398175_4819098995697647616_n_jpg.rf.8578c80770d4b22ff3c2705b90115314.jpg,1734,55173794-fb50-416f-829b-82e6b219ce0f,Dermatitis,nonspecific dermatitis,"[""erythema"", ""scaling""]",disease-level (provisional),research-only,unsupported,valid,skin,unknown,C,,1.0,0.0,0.0,1.0,0.0,0.0,0.0,0.0,"['erythema', 'scaling']",train
ce658fb7-fdaf-40c9-a8f7-8631decb264e,Kaggle,C:\Users\ESSAKKI RAJA T  EV\OneDrive\Desktop\DB PAWPHILE\archive\train\ringworm\R20_png_jpg.rf.49f89e51b437193fc12a9eb50c2c9fe8.jpg,349,245466a7-adbe-479b-be51-b26cc0b53324,ringworm,fungal infection,"[""alopecia"", ""scaling""]",disease-level (provisional),research-only,unsupported,train,skin,unknown,C,,0.0,1.0,0.0,1.0,0.0,0.0,0.0,0.0,"['alopecia', 'scaling']",train
2f3b6015-1049-4fa0-9d01-3d56e32bff9f,Roboflow,C:\Users\ESSAKKI RAJA T  EV\OneDrive\Desktop\DB PAWPHILE\Dog Skin Disease Dataset.v2i.folder\train\hypersensitivity dermatitis\hypersensitivity_188_jpg.rf.ee074f52f2c1f5669c256a6fc567545b.jpg,1269,88ad6e08-e127-4084-8f5f-dcd07f11b76d,hypersensitivity dermatitis,hypersensitivity / allergic dermatitis,"[""erythema"", ""lichenification""]",disease-level (provisional),research-only,unsupported,train,skin,unknown,C,,1.0,0.0,0.0,0.0,0.0,0.0,0.0,1.0,"['erythema', 'lichenification']",train
22d942f8-dc7c-4d10-ab28-db68a1898373,Roboflow,C:\Users\ESSAKKI RAJA T  EV\OneDrive\Desktop\DB PAWPHILE\Dog Skin Disease Dataset.v2i.folder\train\healthy\healthy_381_jpg.rf.78d8c7ea92e14e6a96300494d31973f5.jpg,433,b19453e5-2773-44c5-9639-49282e73f08f,healthy,healthy,[],disease-level (provisional),research-only,unsupported,train,skin,unknown,C,,0.0,0.0,0.0,0.0,0.0,0.0,0.0,0.0,[],train
2bd35e23-29af-4b38-abb7-d42bd345633b,Roboflow,C:\Users\ESSAKKI RAJA T  EV\OneDrive\Desktop\DB PAWPHILE\Dog Skin Disease Dataset.v2i.folder\test\bacterial dermatosis\bacterial15_jpg.rf.58a539981a4ae384c6ce188bb4070593.jpg,265,7fd3c73d-148f-406d-b56c-718c45daead7,bacterial dermatosis,bacterial dermatosis,"[""erythema"", ""pustule"", ""crust""]",disease-level (provisional),research-only,unsupported,test,skin,unknown,C,,1.0,0.0,1.0,0.0,0.0,0.0,1.0,0.0,"['erythema', 'pustule', 'crust']",train
af2d7b40-4549-478b-a21c-4da7e5953e1c,Kaggle,C:\Users\ESSAKKI RAJA T  EV\OneDrive\Desktop\DB PAWPHILE\archive\valid\ringworm\R34_png_jpg.rf.770242f71d94e94257aafd066916fef3.jpg,1362,fb2b8296-1afe-4f80-9062-ceed54ec7d12,ringworm,fungal infection,"[""alopecia"", ""scaling""]",disease-level (provisional),research-only,unsupported,valid,skin,unknown,C,,0.0,1.0,0.0,1.0,0.0,0.0,0.0,0.0,"['alopecia', 'scaling']",train
d982444c-c6c4-449b-90ae-54aad87fe355,Roboflow,C:\Users\ESSAKKI RAJA T  EV\OneDrive\Desktop\DB PAWPHILE\Dog Skin Disease Dataset.v2i.folder\test\bacterial dermatosis\bacterial_derm_3_jpg.rf.79e7304a2b89b1d258522682e672cd6b.jpg,889,420e0c26-7c6a-4bb9-b6cd-445772022b88,bacterial dermatosis,bacterial dermatosis,"[""erythema"", ""pustule"", ""crust""]",disease-level (provisional),research-only,unsupported,test,skin,unknown,C,,1.0,0.0,1.0,0.0,0.0,0.0,1.0,0.0,"['erythema', 'pustule', 'crust']",train
67a6f8ec-40a2-45a4-9be5-1047ecf19f3c,Kaggle,C:\Users\ESSAKKI RAJA T  EV\OneDrive\Desktop\DB PAWPHILE\archive\train\Dermatitis\hotspot-84-_jpg.rf.52dc1dfaf9882b319cf2fbf342ebd049.jpg,792,531cb61e-ed99-4980-a4e4-0158be47bc5b,Dermatitis,nonspecific dermatitis,"[""erythema"", ""scaling""]",disease-level (provisional),research-only,unsupported,train,skin,unknown,C,,1.0,0.0,0.0,1.0,0.0,0.0,0.0,0.0,"['erythema', 'scaling']",train
dd0ba070-95a4-4ad7-bfd4-ae4fa7eb68ce,Roboflow,C:\Users\ESSAKKI RAJA T  EV\OneDrive\Desktop\DB PAWPHILE\Dog Skin Disease Dataset.v2i.folder\valid\hypersensitivity dermatitis\hypersensitivity_100_jpg.rf.dce7fa716fc0919c7612e80a6292de29.jpg,1022,fc50e937-89d1-4871-8317-66f2ec07e610,hypersensitivity dermatitis,hypersensitivity / allergic dermatitis,"[""erythema"", ""lichenification""]",disease-level (provisional),research-only,unsupported,valid,skin,unknown,C,,1.0,0.0,0.0,0.0,0.0,0.0,0.0,1.0,"['erythema', 'lichenification']",train
97a141ca-0952-4510-9048-667bafe4ec8d,Roboflow,C:\Users\ESSAKKI RAJA T  EV\OneDrive\Desktop\DB PAWPHILE\Dog Skin Disease Dataset.v2i.folder\valid\fungal infection\fungal_108_jpg.rf.daa7e3ee6e454c50e19f3537a908bd42.jpg,1359,ddd7def4-c07a-4f82-9ec4-464c6e584e75,fungal infection,fungal infection,"[""alopecia"", ""scaling""]",disease-level (provisional),research-only,unsupported,valid,skin,unknown,C,,0.0,1.0,0.0,1.0,0.0,0.0,0.0,0.0,"['alopecia', 'scaling']",train
d615450a-e0f6-4a82-8e95-6d5f9be6ea2a,Roboflow,C:\Users\ESSAKKI RAJA T  EV\OneDrive\Desktop\DB PAWPHILE\Dog Skin Disease Dataset.v2i.folder\train\bacterial dermatosis\bacterial5_jpg.rf.4b8bbdb2ef304bd9f49b9d4fc5b0280a.jpg,231,910a39ff-9e8c-488c-a43d-2aea3e684529,bacterial dermatosis,bacterial dermatosis,"[""erythema"", ""pustule"", ""crust""]",disease-level (provisional),research-only,unsupported,train,skin,unknown,C,,1.0,0.0,1.0,0.0,0.0,0.0,1.0,0.0,"['erythema', 'pustule', 'crust']",train
38ebf658-60df-4301-9196-ad1514ff08ca,Roboflow,C:\Users\ESSAKKI RAJA T  EV\OneDrive\Desktop\DB PAWPHILE\Dog Skin Disease Dataset.v2i.folder\train\healthy\healthy_52_jpg.rf.bdc8d631d0c721fcd448ba0f588bdb63.jpg,1571,f6d43c36-d92a-4a1b-ada5-a63821042e56,healthy,healthy,[],disease-level (provisional),research-only,unsupported,train,skin,unknown,C,,0.0,0.0,0.0,0.0,0.0,0.0,0.0,0.0,[],train
c9e3409c-7b7f-4c47-8bed-194d12061c2e,Multispectral,C:\Users\ESSAKKI RAJA T  EV\OneDrive\Desktop\DB PAWPHILE\Classification of pet dog skin diseases using deep learning with images captured from multispectral imaging device\5dbht54kw7-1\Dog210623_05_01_38\pic7.jpg,389,f6ecbe14-c98a-42af-b198-08a1fec61172,unknown,unknown,[],disease-level (provisional),research-only,unsupported,none,skin,pic7.jpg,B,,0.0,0.0,0.0,0.0,0.0,0.0,0.0,0.0,[],train
ca14b4a8-b055-4cf4-bcf1-1cff270113f0,Roboflow,C:\Users\ESSAKKI RAJA T  EV\OneDrive\Desktop\DB PAWPHILE\Dog Skin Disease Dataset.v2i.folder\train\fungal infection\fungal_102_jpg.rf.fb55b8ecc521221b281dcda2484cb060.jpg,1161,dcf198e9-affb-4b69-8511-ce8085eb44de,fungal infection,fungal infection,"[""alopecia"", ""scaling""]",disease-level (provisional),research-only,unsupported,train,skin,unknown,C,,0.0,1.0,0.0,1.0,0.0,0.0,0.0,0.0,"['alopecia', 'scaling']",train
019cf308-e3a5-41ba-8161-d6796dad00b0,Kaggle,C:\Users\ESSAKKI RAJA T  EV\OneDrive\Desktop\DB PAWPHILE\archive\train\demodicosis\scabies_123_png_jpg.rf.1b2c3c7f837041d0601b350a4812f8bb.jpg,355,4931b1c0-301d-4fe1-a760-12c7bbd54b72,demodicosis,demodicosis,"[""alopecia"", ""erythema"", ""crust""]",disease-level (provisional),research-only,unsupported,train,skin,unknown,C,,1.0,1.0,1.0,0.0,0.0,0.0,0.0,0.0,"['alopecia', 'erythema', 'crust']",train
07781aca-b4a5-4e7d-97c5-2d10442e0edf,Roboflow,C:\Users\ESSAKKI RAJA T  EV\OneDrive\Desktop\DB PAWPHILE\Dog Skin Disease Dataset.v2i.folder\train\fungal infection\fungal_424_jpg.rf.50ac8eb4c19bc015a0fa3483623565de.jpg,703,bd146a1c-7686-4a80-b821-7eee93027e61,fungal infection,fungal infection,"[""alopecia"", ""scaling""]",disease-level (provisional),research-only,unsupported,train,skin,unknown,C,,0.0,1.0,0.0,1.0,0.0,0.0,0.0,0.0,"['alopecia', 'scaling']",train
83e3b3af-3cbd-4644-a16e-6c8fdaf771f4,Roboflow,C:\Users\ESSAKKI RAJA T  EV\OneDrive\Desktop\DB PAWPHILE\Dog Skin Disease Dataset.v2i.folder\test\fungal infection\fungal_115_jpg.rf.02a5c401fca1ba46053b2fa74f215e6b.jpg,612,7bc3cae0-a598-4805-a56a-cf49356f8863,fungal infection,fungal infection,"[""alopecia"", ""scaling""]",disease-level (provisional),research-only,unsupported,test,skin,unknown,C,,0.0,1.0,0.0,1.0,0.0,0.0,0.0,0.0,"['alopecia', 'scaling']",train
76005917-2890-4636-8d8a-87d30ac16fb0,Roboflow,C:\Users\ESSAKKI RAJA T  EV\OneDrive\Desktop\DB PAWPHILE\Dog Skin Disease Dataset.v2i.folder\train\healthy\healthy_177_jpg.rf.49cae99803626d1e907265d0d31f4c31.jpg,1721,314cd445-e5a9-4434-be05-0538eb1967f7,healthy,healthy,[],disease-level (provisional),research-only,unsupported,train,skin,unknown,C,,0.0,0.0,0.0,0.0,0.0,0.0,0.0,0.0,[],train
bb2a93ab-aaf0-4b36-9fc7-e35f6ef8e5eb,Roboflow,C:\Users\ESSAKKI RAJA T  EV\OneDrive\Desktop\DB PAWPHILE\Dog Skin Disease Dataset.v2i.folder\train\healthy\healhty12_jpg.rf.4379f1234c15ded87f653fbded723937.jpg,1817,bf9d184a-a9a7-4d29-93aa-3a6887748ad1,healthy,healthy,[],disease-level (provisional),research-only,unsupported,train,skin,unknown,C,,0.0,0.0,0.0,0.0,0.0,0.0,0.0,0.0,[],train
ac66de08-7c01-425f-a353-a6812bf56cf4,Kaggle,C:\Users\ESSAKKI RAJA T  EV\OneDrive\Desktop\DB PAWPHILE\archive\train\demodicosis\IMG_5222_jpeg_jpg.rf.384b0b1eda0cc60b7eae62fed9a437f2.jpg,1573,9ed942c2-98b0-49b3-b617-7d73ba3aafde,demodicosis,demodicosis,"[""alopecia"", ""erythema"", ""crust""]",disease-level (provisional),research-only,unsupported,train,skin,unknown,C,,1.0,1.0,1.0,0.0,0.0,0.0,0.0,0.0,"['alopecia', 'erythema', 'crust']",train
bccbb9f5-d2af-46e5-a4cc-b4f21a109a08,Roboflow,C:\Users\ESSAKKI RAJA T  EV\OneDrive\Desktop\DB PAWPHILE\Dog Skin Disease Dataset.v2i.folder\valid\healthy\healthy_346_jpg.rf.c4013caee0fe7b54e786146705038afa.jpg,1236,e11edb01-4e8c-40a0-9c7f-3c549df51eef,healthy,healthy,[],disease-level (provisional),research-only,unsupported,valid,skin,unknown,C,,0.0,0.0,0.0,0.0,0.0,0.0,0.0,0.0,[],train
6f88520e-78a5-4d89-bf85-47bfe326c0d2,Kaggle,C:\Users\ESSAKKI RAJA T  EV\OneDrive\Desktop\DB PAWPHILE\archive\test\demodicosis\2024-05-13-164346_4_jpg.rf.ee7b183d25cf28748e859a0c4818851b.jpg,1348,f2c5e8cf-6ed1-4af3-b534-aecbbfb3980a,demodicosis,demodicosis,"[""alopecia"", ""erythema"", ""crust""]",disease-level (provisional),research-only,unsupported,test,skin,unknown,C,,1.0,1.0,1.0,0.0,0.0,0.0,0.0,0.0,"['alopecia', 'erythema', 'crust']",train
f030cb3f-fae1-4ffb-8946-41e887a0fc5e,Kaggle,C:\Users\ESSAKKI RAJA T  EV\OneDrive\Desktop\DB PAWPHILE\archive\test\demodicosis\1-11-_png_jpg.rf.c1b6a7843404f9c2b5737ecbfddb5d59.jpg,814,accf0dc6-93a6-4781-8cfe-b2f48b73abca,demodicosis,demodicosis,"[""alopecia"", ""erythema"", ""crust""]",disease-level (provisional),research-only,unsupported,test,skin,unknown,C,,1.0,1.0,1.0,0.0,0.0,0.0,0.0,0.0,"['alopecia', 'erythema', 'crust']",train
bff226b5-8c14-41ed-8bbb-33291490a1f3,Roboflow,C:\Users\ESSAKKI RAJA T  EV\OneDrive\Desktop\DB PAWPHILE\Dog Skin Disease Dataset.v2i.folder\valid\fungal infection\fungal_194_jpg.rf.74292e2fa36df8634c2edd1a46188db8.jpg,1702,3198c5e9-fea8-4ee1-ba25-76917cb44030,fungal infection,fungal infection,"[""alopecia"", ""scaling""]",disease-level (provisional),research-only,unsupported,valid,skin,unknown,C,,0.0,1.0,0.0,1.0,0.0,0.0,0.0,0.0,"['alopecia', 'scaling']",train
9d41f430-aecc-4dba-9087-c25ace3fc2e4,Roboflow,C:\Users\ESSAKKI RAJA T  EV\OneDrive\Desktop\DB PAWPHILE\Dog Skin Disease Dataset.v2i.folder\test\fungal infection\fungal_343_jpg.rf.907d8a7c926cf7c01143be9b244cd3f9.jpg,437,c3c60eeb-71f9-4ca6-88f3-15e873bf9e91,fungal infection,fungal infection,"[""alopecia"", ""scaling""]",disease-level (provisional),research-only,unsupported,test,skin,unknown,C,,0.0,1.0,0.0,1.0,0.0,0.0,0.0,0.0,"['alopecia', 'scaling']",train
9af482ba-1c0b-4aa8-b1c3-08a64840bd37,Kaggle,C:\Users\ESSAKKI RAJA T  EV\OneDrive\Desktop\DB PAWPHILE\archive\valid\demodicosis\IMG_5172_jpeg_jpg.rf.62a0367003bafc2f103b19102ac56476.jpg,1274,3242a561-99ec-4379-bc1d-be9923b9bbc1,demodicosis,demodicosis,"[""alopecia"", ""erythema"", ""crust""]",disease-level (provisional),research-only,unsupported,valid,skin,unknown,C,,1.0,1.0,1.0,0.0,0.0,0.0,0.0,0.0,"['alopecia', 'erythema', 'crust']",train
af329b20-4047-43aa-b4ef-c192897cae25,Roboflow,C:\Users\ESSAKKI RAJA T  EV\OneDrive\Desktop\DB PAWPHILE\Dog Skin Disease Dataset.v2i.folder\test\bacterial dermatosis\bacterial_derm_25_jpg.rf.6f33d5bd567ce890fb7853d2317cb536.jpg,544,1007bc7f-854c-4588-8f44-1f4ddf7bb47f,bacterial dermatosis,bacterial dermatosis,"[""erythema"", ""pustule"", ""crust""]",disease-level (provisional),research-only,unsupported,test,skin,unknown,C,,1.0,0.0,1.0,0.0,0.0,0.0,1.0,0.0,"['erythema', 'pustule', 'crust']",train
fe3cdfe3-2c2d-4101-9652-c9b4c162400f,Roboflow,C:\Users\ESSAKKI RAJA T  EV\OneDrive\Desktop\DB PAWPHILE\Dog Skin Disease Dataset.v2i.folder\train\bacterial dermatosis\bacterial_161_jpg.rf.5fe31400252e3b48b9eb1f061edbc65f.jpg,839,9a6542ac-6a86-46b2-adee-2b9778d976a8,bacterial dermatosis,bacterial dermatosis,"[""erythema"", ""pustule"", ""crust""]",disease-level (provisional),research-only,unsupported,train,skin,unknown,C,,1.0,0.0,1.0,0.0,0.0,0.0,1.0,0.0,"['erythema', 'pustule', 'crust']",train
44e820a2-d363-4c8f-98a2-48f33a84683e,Kaggle,C:\Users\ESSAKKI RAJA T  EV\OneDrive\Desktop\DB PAWPHILE\archive\train\Dermatitis\fungal_dermatitis_4935_11_600_webp_jpg.rf.1bb2d83b194f9b693e7015070d847b07.jpg,1484,ee8d2b8c-4027-4a96-a465-a5cf0cfcfd56,Dermatitis,nonspecific dermatitis,"[""erythema"", ""scaling""]",disease-level (provisional),research-only,unsupported,train,skin,unknown,C,,1.0,0.0,0.0,1.0,0.0,0.0,0.0,0.0,"['erythema', 'scaling']",train
227fc041-5e09-4402-85e5-19b294db7ba7,Kaggle,C:\Users\ESSAKKI RAJA T  EV\OneDrive\Desktop\DB PAWPHILE\archive\valid\Dermatitis\bac1_jpg.rf.eb7b7013241bc02cbbb326e7f4abdd98.jpg,168,d060dfb3-7241-4569-8ddd-95d0b5e16a4d,Dermatitis,nonspecific dermatitis,"[""erythema"", ""scaling""]",disease-level (provisional),research-only,unsupported,valid,skin,unknown,C,,1.0,0.0,0.0,1.0,0.0,0.0,0.0,0.0,"['erythema', 'scaling']",train
f6d460c9-da52-407e-a5f2-47f183b084f4,Roboflow,C:\Users\ESSAKKI RAJA T  EV\OneDrive\Desktop\DB PAWPHILE\Dog Skin Disease Dataset.v2i.folder\valid\fungal infection\fungal_282_jpg.rf.78ac5d2d12ca41b2ce067ae2cec91704.jpg,1213,ebddd8af-8801-41a7-b441-c7c07a6baa2e,fungal infection,fungal infection,"[""alopecia"", ""scaling""]",disease-level (provisional),research-only,unsupported,valid,skin,unknown,C,,0.0,1.0,0.0,1.0,0.0,0.0,0.0,0.0,"['alopecia', 'scaling']",train
955f9ef3-16d2-4450-8d98-48619b5cf8a5,Kaggle,C:\Users\ESSAKKI RAJA T  EV\OneDrive\Desktop\DB PAWPHILE\archive\test\Dermatitis\hot-spots-suck_00100_jpg.rf.cfcf59bc6d89baf76ed0d17620214796.jpg,919,0ce9a16f-a542-4915-ac34-00c24709df29,Dermatitis,nonspecific dermatitis,"[""erythema"", ""scaling""]",disease-level (provisional),research-only,unsupported,test,skin,unknown,C,,1.0,0.0,0.0,1.0,0.0,0.0,0.0,0.0,"['erythema', 'scaling']",train
90736f24-92f2-4a64-8d58-b512939d1649,Kaggle,C:\Users\ESSAKKI RAJA T  EV\OneDrive\Desktop\DB PAWPHILE\archive\valid\Dermatitis\Owners-usually-don-t-get-a-good-vote-of-just-how-big-hotspots_00345_jpg.rf.40fd389e7cbc85f73c5eb9b035337229.jpg,943,51233b8d-3d0f-4692-9291-6c0a902cad99,Dermatitis,nonspecific dermatitis,"[""erythema"", ""scaling""]",disease-level (provisional),research-only,unsupported,valid,skin,unknown,C,,1.0,0.0,0.0,1.0,0.0,0.0,0.0,0.0,"['erythema', 'scaling']",train
c6ad1171-c0df-4849-a5f2-88240d680d3e,Roboflow,C:\Users\ESSAKKI RAJA T  EV\OneDrive\Desktop\DB PAWPHILE\Dog Skin Disease Dataset.v2i.folder\test\healthy\healhty19_jpg.rf.b0c4e8086b5b74a18b3d89c197166296.jpg,890,5d897f0e-fbe4-4351-b91e-5613f059c21e,healthy,healthy,[],disease-level (provisional),research-only,unsupported,test,skin,unknown,C,,0.0,0.0,0.0,0.0,0.0,0.0,0.0,0.0,[],train
7d3273de-ce5f-40cd-b10a-356a5e333adc,Kaggle,C:\Users\ESSAKKI RAJA T  EV\OneDrive\Desktop\DB PAWPHILE\archive\test\Dermatitis\HOT-SPOT-IN-DOG-HOW-vet-treated-symptom-prevention_-flea-bite-moist-eczema_dog-itching-000483_png_jpg.rf.63f9b3c2f5a97214f52cebe2e5616ca7.jpg,1147,f0a24eaa-72b6-4ae1-95e4-5776544a6853,Dermatitis,nonspecific dermatitis,"[""erythema"", ""scaling""]",disease-level (provisional),research-only,unsupported,test,skin,unknown,C,,1.0,0.0,0.0,1.0,0.0,0.0,0.0,0.0,"['erythema', 'scaling']",train
d40af921-c4fb-42d8-9b12-c61f52609239,Roboflow,C:\Users\ESSAKKI RAJA T  EV\OneDrive\Desktop\DB PAWPHILE\Dog Skin Disease Dataset.v2i.folder\test\fungal infection\fungal_218_jpg.rf.2d9a7b3dcb8746108cabc778c224eb83.jpg,933,383560a5-8573-4893-8870-23629c917653,fungal infection,fungal infection,"[""alopecia"", ""scaling""]",disease-level (provisional),research-only,unsupported,test,skin,unknown,C,,0.0,1.0,0.0,1.0,0.0,0.0,0.0,0.0,"['alopecia', 'scaling']",train
b688dce5-abad-40cd-8771-92968b46f031,Kaggle,C:\Users\ESSAKKI RAJA T  EV\OneDrive\Desktop\DB PAWPHILE\archive\train\Healthy\Image_18_jpg.rf.ce056692b7b00c8fdfe99baf5bc6a5fb.jpg,1833,99cd227c-34ef-41aa-b73b-0a4db52d8c99,Healthy,healthy,[],disease-level (provisional),research-only,unsupported,train,skin,unknown,C,,0.0,0.0,0.0,0.0,0.0,0.0,0.0,0.0,[],train
4e02f937-428c-494a-936a-c89212d4c14e,Kaggle,C:\Users\ESSAKKI RAJA T  EV\OneDrive\Desktop\DB PAWPHILE\archive\valid\demodicosis\IMG_5247_jpeg_jpg.rf.232030abaf522cd7497e2e188f0ef508.jpg,1316,ec0710da-5867-47e7-b7a4-6556ad656aca,demodicosis,demodicosis,"[""alopecia"", ""erythema"", ""crust""]",disease-level (provisional),research-only,unsupported,valid,skin,unknown,C,,1.0,1.0,1.0,0.0,0.0,0.0,0.0,0.0,"['alopecia', 'erythema', 'crust']",train
9a5e1799-e0f2-43ba-854f-c1d93434082d,Roboflow,C:\Users\ESSAKKI RAJA T  EV\OneDrive\Desktop\DB PAWPHILE\Dog Skin Disease Dataset.v2i.folder\valid\fungal infection\fungal_420_jpg.rf.fb49a267023e5ab41ab732a7e8aabcc1.jpg,477,475792ed-1571-4872-81ff-af0954f4845b,fungal infection,fungal infection,"[""alopecia"", ""scaling""]",disease-level (provisional),research-only,unsupported,valid,skin,unknown,C,,0.0,1.0,0.0,1.0,0.0,0.0,0.0,0.0,"['alopecia', 'scaling']",train
c4e2b1e7-ece1-4b9c-bf94-02b6c7ceeb9e,Roboflow,C:\Users\ESSAKKI RAJA T  EV\OneDrive\Desktop\DB PAWPHILE\Dog Skin Disease Dataset.v2i.folder\train\healthy\healthy_108_jpg.rf.0ebb85a8551f74bdbf54981a6291749e.jpg,1283,50db10e0-d8a4-4a9a-be96-ca5b3495239b,healthy,healthy,[],disease-level (provisional),research-only,unsupported,train,skin,unknown,C,,0.0,0.0,0.0,0.0,0.0,0.0,0.0,0.0,[],train
c948194e-a52c-47be-8d2e-944c83840df9,Roboflow,C:\Users\ESSAKKI RAJA T  EV\OneDrive\Desktop\DB PAWPHILE\Dog Skin Disease Dataset.v2i.folder\test\healthy\healhty7_jpg.rf.5d9d1fc59ed3fdaf53330e57662914f5.jpg,583,06ce73d9-d70a-4adb-86f9-42f800326291,healthy,healthy,[],disease-level (provisional),research-only,unsupported,test,skin,unknown,C,,0.0,0.0,0.0,0.0,0.0,0.0,0.0,0.0,[],train
d77103c5-ffb6-4792-aa7e-0081598ce32f,Kaggle,C:\Users\ESSAKKI RAJA T  EV\OneDrive\Desktop\DB PAWPHILE\archive\test\Healthy\images-52_jpg.rf.b171881528ac3967f149447424b887c7.jpg,428,7fb471de-2ea1-4b62-baac-05c6b9ba735d,Healthy,healthy,[],disease-level (provisional),research-only,unsupported,test,skin,unknown,C,,0.0,0.0,0.0,0.0,0.0,0.0,0.0,0.0,[],train
04b20699-1171-463f-b1b6-b3ec3967cf72,Kaggle,C:\Users\ESSAKKI RAJA T  EV\OneDrive\Desktop\DB PAWPHILE\archive\valid\ringworm\ringworm-18-_jpg.rf.26e0d0ca0e7e517d91eeb4aff16d7c25.jpg,539,a3fe9c5a-df2c-4b57-b68e-342c4d57c00e,ringworm,fungal infection,"[""alopecia"", ""scaling""]",disease-level (provisional),research-only,unsupported,valid,skin,unknown,C,,0.0,1.0,0.0,1.0,0.0,0.0,0.0,0.0,"['alopecia', 'scaling']",train
e844aa77-b597-43c4-8c12-408fbfea1f99,Kaggle,C:\Users\ESSAKKI RAJA T  EV\OneDrive\Desktop\DB PAWPHILE\archive\train\Fungal_infections\pic91_jpg.rf.c57928bd253690ca1be68f6a47456f48.jpg,323,ece04211-924a-4081-8dcc-2757b1359a2d,Fungal_infections,fungal infection,"[""alopecia"", ""scaling""]",disease-level (provisional),research-only,unsupported,train,skin,unknown,C,,0.0,1.0,0.0,1.0,0.0,0.0,0.0,0.0,"['alopecia', 'scaling']",train
e2a161e5-c627-4b46-a7b4-5de1a4a4484b,Roboflow,C:\Users\ESSAKKI RAJA T  EV\OneDrive\Desktop\DB PAWPHILE\Dog Skin Disease Dataset.v2i.folder\test\hypersensitivity dermatitis\hypersensitivity_295_jpg.rf.00414d6a2baee6b970f824cb48ddf48e.jpg,396,2f9312f7-0b4e-4300-84f0-976bc068238d,hypersensitivity dermatitis,hypersensitivity / allergic dermatitis,"[""erythema"", ""lichenification""]",disease-level (provisional),research-only,unsupported,test,skin,unknown,C,,1.0,0.0,0.0,0.0,0.0,0.0,0.0,1.0,"['erythema', 'lichenification']",train
05fca290-6d54-4611-908e-64c3bfe1345d,Roboflow,C:\Users\ESSAKKI RAJA T  EV\OneDrive\Desktop\DB PAWPHILE\Dog Skin Disease Dataset.v2i.folder\valid\bacterial dermatosis\bacterial_135_jpg.rf.db3931b1accc7da2d5efabac2c769dab.jpg,997,1cae6c6a-92e7-454f-a20f-54b76e9da0fb,bacterial dermatosis,bacterial dermatosis,"[""erythema"", ""pustule"", ""crust""]",disease-level (provisional),research-only,unsupported,valid,skin,unknown,C,,1.0,0.0,1.0,0.0,0.0,0.0,1.0,0.0,"['erythema', 'pustule', 'crust']",train
aa2af7bd-0fb8-444e-93b9-95355046c6e9,Roboflow,C:\Users\ESSAKKI RAJA T  EV\OneDrive\Desktop\DB PAWPHILE\Dog Skin Disease Dataset.v2i.folder\train\fungal infection\fungal_196_jpg.rf.0d0de05dc6e56f5e0d0bcfe279242128.jpg,373,c6670012-ae69-453a-9c48-8dbee60f351c,fungal infection,fungal infection,"[""alopecia"", ""scaling""]",disease-level (provisional),research-only,unsupported,train,skin,unknown,C,,0.0,1.0,0.0,1.0,0.0,0.0,0.0,0.0,"['alopecia', 'scaling']",train
0c25eeaa-a559-4e65-8810-be9646bbedd8,Roboflow,C:\Users\ESSAKKI RAJA T  EV\OneDrive\Desktop\DB PAWPHILE\Dog Skin Disease Dataset.v2i.folder\valid\healthy\healthy_42_jpg.rf.8bd2bb60c8b59faa4b597d554e7af60b.jpg,1437,d00651e7-4ab2-412b-b762-cf35594c5a57,healthy,healthy,[],disease-level (provisional),research-only,unsupported,valid,skin,unknown,C,,0.0,0.0,0.0,0.0,0.0,0.0,0.0,0.0,[],train
663f2869-071e-470c-a60e-d80e22581c58,Kaggle,C:\Users\ESSAKKI RAJA T  EV\OneDrive\Desktop\DB PAWPHILE\archive\test\ringworm\ringworm-47-_jpg.rf.9d3183025dc71e4e09295876bea173b8.jpg,552,612fe08b-bb9d-44b6-bd83-8461a35870d6,ringworm,fungal infection,"[""alopecia"", ""scaling""]",disease-level (provisional),research-only,unsupported,test,skin,unknown,C,,0.0,1.0,0.0,1.0,0.0,0.0,0.0,0.0,"['alopecia', 'scaling']",train
21182ed6-5647-46e5-b942-b76fbdf25812,Kaggle,C:\Users\ESSAKKI RAJA T  EV\OneDrive\Desktop\DB PAWPHILE\archive\valid\demodicosis\2024-05-13-164000_jpg.rf.26c793bb2c6b64d0162f45c3e94589c2.jpg,416,72fe0eac-5014-4adb-a537-d607e36c95fe,demodicosis,demodicosis,"[""alopecia"", ""erythema"", ""crust""]",disease-level (provisional),research-only,unsupported,valid,skin,unknown,C,,1.0,1.0,1.0,0.0,0.0,0.0,0.0,0.0,"['alopecia', 'erythema', 'crust']",train
3f0610d2-21d1-4cc2-80d2-de3d353fa312,Kaggle,C:\Users\ESSAKKI RAJA T  EV\OneDrive\Desktop\DB PAWPHILE\archive\valid\demodicosis\2024-05-13-133853_2_jpg.rf.364987879bb933e98760e2b994c7e7d0.jpg,1150,71453fcf-6422-47fe-b6ae-990e1b11e832,demodicosis,demodicosis,"[""alopecia"", ""erythema"", ""crust""]",disease-level (provisional),research-only,unsupported,valid,skin,unknown,C,,1.0,1.0,1.0,0.0,0.0,0.0,0.0,0.0,"['alopecia', 'erythema', 'crust']",train
bd2af14e-ef70-4e38-a51c-9457d409b30d,Kaggle,C:\Users\ESSAKKI RAJA T  EV\OneDrive\Desktop\DB PAWPHILE\archive\valid\Hypersensitivity\Hypersensitivity_image_4_jpg.rf.2ffcad14a47812293585c38721a12e20.jpg,1149,fec9238e-c4ac-41c6-8f99-6216d1e94d80,Hypersensitivity,hypersensitivity / allergic dermatitis,"[""erythema"", ""lichenification""]",disease-level (provisional),research-only,unsupported,valid,skin,unknown,C,,1.0,0.0,0.0,0.0,0.0,0.0,0.0,1.0,"['erythema', 'lichenification']",train
3c1187d7-e998-4b02-9961-114e388bdb34,Roboflow,C:\Users\ESSAKKI RAJA T  EV\OneDrive\Desktop\DB PAWPHILE\Dog Skin Disease Dataset.v2i.folder\test\hypersensitivity dermatitis\hypersensitivity_91_jpg.rf.01a5ba5064ec4477b176390b8d1c17ec.jpg,818,f8377c92-6d6f-4c2b-8114-dfe9c61302b6,hypersensitivity dermatitis,hypersensitivity / allergic dermatitis,"[""erythema"", ""lichenification""]",disease-level (provisional),research-only,unsupported,test,skin,unknown,C,,1.0,0.0,0.0,0.0,0.0,0.0,0.0,1.0,"['erythema', 'lichenification']",train
c3e219c7-0bfb-4995-b773-70904edfcd0e,Roboflow,C:\Users\ESSAKKI RAJA T  EV\OneDrive\Desktop\DB PAWPHILE\Dog Skin Disease Dataset.v2i.folder\valid\bacterial dermatosis\bacterial_71_jpg.rf.b5136ecee30dd952e2a107e12fef410c.jpg,1906,c849a06c-d501-48ae-9102-07d05a67aafe,bacterial dermatosis,bacterial dermatosis,"[""erythema"", ""pustule"", ""crust""]",disease-level (provisional),research-only,unsupported,valid,skin,unknown,C,,1.0,0.0,1.0,0.0,0.0,0.0,1.0,0.0,"['erythema', 'pustule', 'crust']",train
96c450f7-8508-41a4-b2fb-b93039fe513d,Kaggle,C:\Users\ESSAKKI RAJA T  EV\OneDrive\Desktop\DB PAWPHILE\archive\test\Healthy\HEALTHY_058_jpg.rf.11701dfb477adba58da03ceae5476476.jpg,1005,a617185b-3240-41b2-a7a3-ddd998d7ea46,Healthy,healthy,[],disease-level (provisional),research-only,unsupported,test,skin,unknown,C,,0.0,0.0,0.0,0.0,0.0,0.0,0.0,0.0,[],train
ed904652-59d4-4ec4-b20f-56de687cbdbd,Roboflow,C:\Users\ESSAKKI RAJA T  EV\OneDrive\Desktop\DB PAWPHILE\Dog Skin Disease Dataset.v2i.folder\valid\fungal infection\fungal_418_jpg.rf.41a1f527690eeeca97e533f4786f0e64.jpg,386,0bad767f-9817-47b9-83aa-e0cba6e482e6,fungal infection,fungal infection,"[""alopecia"", ""scaling""]",disease-level (provisional),research-only,unsupported,valid,skin,unknown,C,,0.0,1.0,0.0,1.0,0.0,0.0,0.0,0.0,"['alopecia', 'scaling']",train
db63c65f-c64b-4867-b5bb-512e240b96c5,Roboflow,C:\Users\ESSAKKI RAJA T  EV\OneDrive\Desktop\DB PAWPHILE\Dog Skin Disease Dataset.v2i.folder\train\hypersensitivity dermatitis\hypersensitivity_390_jpg.rf.9739c5556ac9867b5ba2995116e2fd9a.jpg,252,ea38ac90-afe8-468a-9d64-b44accf38581,hypersensitivity dermatitis,hypersensitivity / allergic dermatitis,"[""erythema"", ""lichenification""]",disease-level (provisional),research-only,unsupported,train,skin,unknown,C,,1.0,0.0,0.0,0.0,0.0,0.0,0.0,1.0,"['erythema', 'lichenification']",train
42449369-b093-48e6-8c91-95b9aeacf14f,Kaggle,C:\Users\ESSAKKI RAJA T  EV\OneDrive\Desktop\DB PAWPHILE\archive\valid\demodicosis\2024-05-13-162429_jpg.rf.92e7723fc84fc33695bde616e9bfc149.jpg,551,3f8c31ad-e11e-440c-aa7e-ce83b77ed490,demodicosis,demodicosis,"[""alopecia"", ""erythema"", ""crust""]",disease-level (provisional),research-only,unsupported,valid,skin,unknown,C,,1.0,1.0,1.0,0.0,0.0,0.0,0.0,0.0,"['alopecia', 'erythema', 'crust']",train
e0ff0dd4-b744-4342-b5bd-35fa75c254ff,Roboflow,C:\Users\ESSAKKI RAJA T  EV\OneDrive\Desktop\DB PAWPHILE\Dog Skin Disease Dataset.v2i.folder\train\hypersensitivity dermatitis\hypersensitivity_70_jpg.rf.41e9a75faea0f768417acbda446b0cee.jpg,1405,34e7396d-2091-4007-92a5-7183d15da6bd,hypersensitivity dermatitis,hypersensitivity / allergic dermatitis,"[""erythema"", ""lichenification""]",disease-level (provisional),research-only,unsupported,train,skin,unknown,C,,1.0,0.0,0.0,0.0,0.0,0.0,0.0,1.0,"['erythema', 'lichenification']",train
6f45050f-f42c-4c31-95e5-ed9544789b29,Kaggle,C:\Users\ESSAKKI RAJA T  EV\OneDrive\Desktop\DB PAWPHILE\archive\train\Healthy\dogs_279_jpg.rf.1cabdb74dc75a7a4a1e9c35221d340b8.jpg,1186,4775259f-ec15-49b9-ae1d-c26c05d5a7e2,Healthy,healthy,[],disease-level (provisional),research-only,unsupported,train,skin,unknown,C,,0.0,0.0,0.0,0.0,0.0,0.0,0.0,0.0,[],train
0904d72b-2d34-4293-b61f-3c3100b0228f,Roboflow,C:\Users\ESSAKKI RAJA T  EV\OneDrive\Desktop\DB PAWPHILE\Dog Skin Disease Dataset.v2i.folder\train\bacterial dermatosis\bacterial_237_jpg.rf.09b4120c859506405e55bc17020b5f8d.jpg,436,dcc1095a-14f8-4356-accf-29fea4afccf2,bacterial dermatosis,bacterial dermatosis,"[""erythema"", ""pustule"", ""crust""]",disease-level (provisional),research-only,unsupported,train,skin,unknown,C,,1.0,0.0,1.0,0.0,0.0,0.0,1.0,0.0,"['erythema', 'pustule', 'crust']",train
57476985-bb6c-4647-be44-176c9d5d8224,Kaggle,C:\Users\ESSAKKI RAJA T  EV\OneDrive\Desktop\DB PAWPHILE\archive\train\Dermatitis\May-is-allergy-awareness-month-here-at-The-Shot-Spot_00070_jpg.rf.111d7e61755aee69bd880b814fd666bb.jpg,947,77ab1ca9-eab6-42f7-8f88-6bc6e6de4608,Dermatitis,nonspecific dermatitis,"[""erythema"", ""scaling""]",disease-level (provisional),research-only,unsupported,train,skin,unknown,C,,1.0,0.0,0.0,1.0,0.0,0.0,0.0,0.0,"['erythema', 'scaling']",train
1353d81d-f073-4b37-9b11-120bbc69587d,Kaggle,C:\Users\ESSAKKI RAJA T  EV\OneDrive\Desktop\DB PAWPHILE\archive\test\Fungal_infections\FUNGAL-INFECTION_004_png_jpg.rf.ad5dd88e9187f0204b44457bfd3990fc.jpg,1485,dfe3f9c1-05e4-498a-8a55-462969eca717,Fungal_infections,fungal infection,"[""alopecia"", ""scaling""]",disease-level (provisional),research-only,unsupported,test,skin,unknown,C,,0.0,1.0,0.0,1.0,0.0,0.0,0.0,0.0,"['alopecia', 'scaling']",train
8a35f8ea-4648-4ae3-8eea-50227bf32f8a,Kaggle,C:\Users\ESSAKKI RAJA T  EV\OneDrive\Desktop\DB PAWPHILE\archive\test\Healthy\dogs_146_jpg.rf.1a4aa48c03ba5e0083e685b3779fb358.jpg,1522,a6e54dac-c455-480c-9807-b507108c5de0,Healthy,healthy,[],disease-level (provisional),research-only,unsupported,test,skin,unknown,C,,0.0,0.0,0.0,0.0,0.0,0.0,0.0,0.0,[],train
a0f00495-7d73-4c3d-8685-f833f16c63e6,Roboflow,C:\Users\ESSAKKI RAJA T  EV\OneDrive\Desktop\DB PAWPHILE\Dog Skin Disease Dataset.v2i.folder\train\fungal infection\fungal_292_jpg.rf.575b0b6f3ffd5202aaafab74f3947417.jpg,108,16fe5b12-7ebc-43d8-8d50-2fba1a208add,fungal infection,fungal infection,"[""alopecia"", ""scaling""]",disease-level (provisional),research-only,unsupported,train,skin,unknown,C,,0.0,1.0,0.0,1.0,0.0,0.0,0.0,0.0,"['alopecia', 'scaling']",train
9b297f05-5aa4-41c6-b604-e6f2de6ee822,Roboflow,C:\Users\ESSAKKI RAJA T  EV\OneDrive\Desktop\DB PAWPHILE\Dog Skin Disease Dataset.v2i.folder\valid\hypersensitivity dermatitis\hypersensitivity_229_jpg.rf.456d7ba7e2c05ca5ad8c48f310ce3e60.jpg,408,cc9a312a-19d0-48a6-9a99-cbc2c299345b,hypersensitivity dermatitis,hypersensitivity / allergic dermatitis,"[""erythema"", ""lichenification""]",disease-level (provisional),research-only,unsupported,valid,skin,unknown,C,,1.0,0.0,0.0,0.0,0.0,0.0,0.0,1.0,"['erythema', 'lichenification']",train
588595e4-a3b1-4640-bd52-63ace6126011,Kaggle,C:\Users\ESSAKKI RAJA T  EV\OneDrive\Desktop\DB PAWPHILE\archive\train\demodicosis\IMG_5188_jpeg_jpg.rf.4ceb18b60a34ef098eaff0a9af85ed40.jpg,1545,6410374d-fe37-430d-8759-f97e37afd0c7,demodicosis,demodicosis,"[""alopecia"", ""erythema"", ""crust""]",disease-level (provisional),research-only,unsupported,train,skin,unknown,C,,1.0,1.0,1.0,0.0,0.0,0.0,0.0,0.0,"['alopecia', 'erythema', 'crust']",train
2f04b22c-1574-4434-b11a-979e2e027914,Kaggle,C:\Users\ESSAKKI RAJA T  EV\OneDrive\Desktop\DB PAWPHILE\archive\test\Dermatitis\1000010494_x16_jpg.rf.ea6148c3096cad322d093d8c9202b9cd.jpg,635,22308c1e-7244-4182-870f-f908933706fa,Dermatitis,nonspecific dermatitis,"[""erythema"", ""scaling""]",disease-level (provisional),research-only,unsupported,test,skin,unknown,C,,1.0,0.0,0.0,1.0,0.0,0.0,0.0,0.0,"['erythema', 'scaling']",train
3cff0b76-6728-4ca6-adb2-e307a140ab34,Roboflow,C:\Users\ESSAKKI RAJA T  EV\OneDrive\Desktop\DB PAWPHILE\Dog Skin Disease Dataset.v2i.folder\valid\healthy\healthy_332_jpg.rf.5f1d40581dfbd847de23f29aeee1712e.jpg,1638,da02c389-a42c-46c6-ab6a-7d0c4c02c221,healthy,healthy,[],disease-level (provisional),research-only,unsupported,valid,skin,unknown,C,,0.0,0.0,0.0,0.0,0.0,0.0,0.0,0.0,[],train
164255bc-6af7-4809-af80-2a6e7c959472,Roboflow,C:\Users\ESSAKKI RAJA T  EV\OneDrive\Desktop\DB PAWPHILE\Dog Skin Disease Dataset.v2i.folder\train\bacterial dermatosis\bacterial_317_jpg.rf.73d808a75a15411605ccfca815c3466b.jpg,1109,ebeac4ef-b281-4185-8021-cfa6f92fd629,bacterial dermatosis,bacterial dermatosis,"[""erythema"", ""pustule"", ""crust""]",disease-level (provisional),research-only,unsupported,train,skin,unknown,C,,1.0,0.0,1.0,0.0,0.0,0.0,1.0,0.0,"['erythema', 'pustule', 'crust']",train
6629bb39-dfa1-4db1-8d34-faaa16b53f5d,Roboflow,C:\Users\ESSAKKI RAJA T  EV\OneDrive\Desktop\DB PAWPHILE\Dog Skin Disease Dataset.v2i.folder\valid\bacterial dermatosis\bacterial_346_jpg.rf.2dc0c2c027dedfea8faa3bd77f81fabd.jpg,1338,588f2b93-807e-44c2-bb34-7ac3e03f29c3,bacterial dermatosis,bacterial dermatosis,"[""erythema"", ""pustule"", ""crust""]",disease-level (provisional),research-only,unsupported,valid,skin,unknown,C,,1.0,0.0,1.0,0.0,0.0,0.0,1.0,0.0,"['erythema', 'pustule', 'crust']",train
05590f7d-b1a3-451c-9246-91849ed7a6f9,Kaggle,C:\Users\ESSAKKI RAJA T  EV\OneDrive\Desktop\DB PAWPHILE\archive\train\demodicosis\P34_png_jpg.rf.39ce25d31a0267fcf6b24327334427b7.jpg,1102,94cb375a-3a9f-4e32-98a4-cb3dc5801261,demodicosis,demodicosis,"[""alopecia"", ""erythema"", ""crust""]",disease-level (provisional),research-only,unsupported,train,skin,unknown,C,,1.0,1.0,1.0,0.0,0.0,0.0,0.0,0.0,"['alopecia', 'erythema', 'crust']",train
1eef5556-5ad6-4e2d-8ef9-edc362bf690a,Kaggle,C:\Users\ESSAKKI RAJA T  EV\OneDrive\Desktop\DB PAWPHILE\archive\valid\demodicosis\1-42-_png_jpg.rf.218bf01fca74e7daed459d7106a5ea15.jpg,1216,a0f2a537-9482-4fa9-b21a-79ac90412fc6,demodicosis,demodicosis,"[""alopecia"", ""erythema"", ""crust""]",disease-level (provisional),research-only,unsupported,valid,skin,unknown,C,,1.0,1.0,1.0,0.0,0.0,0.0,0.0,0.0,"['alopecia', 'erythema', 'crust']",train
f0837111-b661-4734-822f-4f68941d4d07,Kaggle,C:\Users\ESSAKKI RAJA T  EV\OneDrive\Desktop\DB PAWPHILE\archive\valid\ringworm\NEWR23_png_jpg.rf.4585283048ddd4259c7a1394d7d8fd5e.jpg,1828,c3046a76-0d8b-4eae-aafa-0f641b428c97,ringworm,fungal infection,"[""alopecia"", ""scaling""]",disease-level (provisional),research-only,unsupported,valid,skin,unknown,C,,0.0,1.0,0.0,1.0,0.0,0.0,0.0,0.0,"['alopecia', 'scaling']",train
c00ba35e-0217-47ad-b2d2-ef31d354fa15,Kaggle,C:\Users\ESSAKKI RAJA T  EV\OneDrive\Desktop\DB PAWPHILE\archive\valid\demodicosis\1-1-_jpg.rf.69d09c95e96f1baa4377b5f29bb39d0d.jpg,1449,3d429873-9acd-4a63-9f36-6bd1009433c8,demodicosis,demodicosis,"[""alopecia"", ""erythema"", ""crust""]",disease-level (provisional),research-only,unsupported,valid,skin,unknown,C,,1.0,1.0,1.0,0.0,0.0,0.0,0.0,0.0,"['alopecia', 'erythema', 'crust']",train
fd9e1a49-bc9e-4de9-b5ed-094b6040d3ed,Roboflow,C:\Users\ESSAKKI RAJA T  EV\OneDrive\Desktop\DB PAWPHILE\Dog Skin Disease Dataset.v2i.folder\train\bacterial dermatosis\bacterial_266_jpg.rf.e442c7ceab150557b71ff6ee589341e3.jpg,1408,5a1c1565-c205-4025-a65c-58574dd8439e,bacterial dermatosis,bacterial dermatosis,"[""erythema"", ""pustule"", ""crust""]",disease-level (provisional),research-only,unsupported,train,skin,unknown,C,,1.0,0.0,1.0,0.0,0.0,0.0,1.0,0.0,"['erythema', 'pustule', 'crust']",train
7b7cc4a7-1647-4637-a1bf-8dd453efdcc7,Roboflow,C:\Users\ESSAKKI RAJA T  EV\OneDrive\Desktop\DB PAWPHILE\Dog Skin Disease Dataset.v2i.folder\valid\hypersensitivity dermatitis\hypersensitivity_15_jpg.rf.2051da079982c28a57c98a23c7635943.jpg,676,103fedef-3b74-44cb-80b9-0a6aad08379c,hypersensitivity dermatitis,hypersensitivity / allergic dermatitis,"[""erythema"", ""lichenification""]",disease-level (provisional),research-only,unsupported,valid,skin,unknown,C,,1.0,0.0,0.0,0.0,0.0,0.0,0.0,1.0,"['erythema', 'lichenification']",train
bf0392b3-27bc-473e-a996-19c1bfb862c1,Kaggle,C:\Users\ESSAKKI RAJA T  EV\OneDrive\Desktop\DB PAWPHILE\archive\test\demodicosis\P25_png_jpg.rf.5dd383cba7daddef5965f1245b1fe314.jpg,1607,8cb16d4c-1527-4f44-9542-bbed59043472,demodicosis,demodicosis,"[""alopecia"", ""erythema"", ""crust""]",disease-level (provisional),research-only,unsupported,test,skin,unknown,C,,1.0,1.0,1.0,0.0,0.0,0.0,0.0,0.0,"['alopecia', 'erythema', 'crust']",train
84bca48a-4cb6-4d90-90f5-89c619ee78c1,Roboflow,C:\Users\ESSAKKI RAJA T  EV\OneDrive\Desktop\DB PAWPHILE\Dog Skin Disease Dataset.v2i.folder\train\fungal infection\fungal_272_jpg.rf.386c4fc37f6a2d36766b65e3798dbafd.jpg,371,096e0f21-e53c-44e0-a52e-8ba9a400252b,fungal infection,fungal infection,"[""alopecia"", ""scaling""]",disease-level (provisional),research-only,unsupported,train,skin,unknown,C,,0.0,1.0,0.0,1.0,0.0,0.0,0.0,0.0,"['alopecia', 'scaling']",train
17e91209-86a2-48d1-98d8-da6be2ad43b0,Kaggle,C:\Users\ESSAKKI RAJA T  EV\OneDrive\Desktop\DB PAWPHILE\archive\test\Healthy\Image_27_jpg.rf.f7d749c597233a54e0e183dec5c67b46.jpg,709,e445ea01-f8c6-4a26-9ae2-5f489434d593,Healthy,healthy,[],disease-level (provisional),research-only,unsupported,test,skin,unknown,C,,0.0,0.0,0.0,0.0,0.0,0.0,0.0,0.0,[],train
38cf002f-ad80-4d35-a0c4-5f111ae41047,Kaggle,C:\Users\ESSAKKI RAJA T  EV\OneDrive\Desktop\DB PAWPHILE\archive\valid\Dermatitis\Canine_lick_granuloma_jpg.rf.542caf0e473f9881294e8db01a152d3d.jpg,1509,49c37b6a-9bcd-4db2-8b9e-173f22512cf7,Dermatitis,nonspecific dermatitis,"[""erythema"", ""scaling""]",disease-level (provisional),research-only,unsupported,valid,skin,unknown,C,,1.0,0.0,0.0,1.0,0.0,0.0,0.0,0.0,"['erythema', 'scaling']",train
96b45196-cc5a-43f6-a832-3e842336291f,Kaggle,C:\Users\ESSAKKI RAJA T  EV\OneDrive\Desktop\DB PAWPHILE\archive\train\Hypersensitivity\B9781416056638000070_f007-046-9781416056638_jpg.rf.72b774c14004066a1e81aaf3f5467f90.jpg,184,98ba68a4-16bb-4527-9163-3b3b7c79bcb6,Hypersensitivity,hypersensitivity / allergic dermatitis,"[""erythema"", ""lichenification""]",disease-level (provisional),research-only,unsupported,train,skin,unknown,C,,1.0,0.0,0.0,0.0,0.0,0.0,0.0,1.0,"['erythema', 'lichenification']",train
e7af71de-3200-4a48-a9a4-8845563bdbde,Roboflow,C:\Users\ESSAKKI RAJA T  EV\OneDrive\Desktop\DB PAWPHILE\Dog Skin Disease Dataset.v2i.folder\train\bacterial dermatosis\bacterial_derm_20_jpg.rf.32370479bd223b3849907e1582ab263f.jpg,579,e402e2fa-0c42-4136-a132-144662ec1783,bacterial dermatosis,bacterial dermatosis,"[""erythema"", ""pustule"", ""crust""]",disease-level (provisional),research-only,unsupported,train,skin,unknown,C,,1.0,0.0,1.0,0.0,0.0,0.0,1.0,0.0,"['erythema', 'pustule', 'crust']",train
112c985a-ed70-4644-b282-c175e5643693,Multispectral,C:\Users\ESSAKKI RAJA T  EV\OneDrive\Desktop\DB PAWPHILE\Classification of pet dog skin diseases using deep learning with images captured from multispectral imaging device\5dbht54kw7-1\dog210617_01_02_03\pic0.jpg,170,23d01158-e663-4799-a1d4-1128ab7d3438,unknown,unknown,[],disease-level (provisional),research-only,unsupported,none,skin,pic0.jpg,B,,0.0,0.0,0.0,0.0,0.0,0.0,0.0,0.0,[],train
33d31302-1f1e-4c1b-babb-01100adf3466,Roboflow,C:\Users\ESSAKKI RAJA T  EV\OneDrive\Desktop\DB PAWPHILE\Dog Skin Disease Dataset.v2i.folder\valid\healthy\healthy_train_35_jpg.rf.bfbc05377f7b9b7468f1b44a5c5af894.jpg,1217,c153c418-b148-47b6-ad0d-ce00b1227aaa,healthy,healthy,[],disease-level (provisional),research-only,unsupported,valid,skin,unknown,C,,0.0,0.0,0.0,0.0,0.0,0.0,0.0,0.0,[],train
2a9bdb52-9f44-47e1-90d1-0835c6f0974c,Roboflow,C:\Users\ESSAKKI RAJA T  EV\OneDrive\Desktop\DB PAWPHILE\Dog Skin Disease Dataset.v2i.folder\valid\healthy\healthy_135_jpg.rf.76f9e9c505105e6da373e9ade408b190.jpg,337,e1b51147-42ee-48d5-abea-f7c399bb1dc8,healthy,healthy,[],disease-level (provisional),research-only,unsupported,valid,skin,unknown,C,,0.0,0.0,0.0,0.0,0.0,0.0,0.0,0.0,[],train
dd67a16b-5cbd-4843-928b-ca13763391e6,Kaggle,C:\Users\ESSAKKI RAJA T  EV\OneDrive\Desktop\DB PAWPHILE\archive\valid\ringworm\WIN_20240514_17_42_19_Pro_jpg.rf.104ee8b00261d1eb2707de51d79cc3f5.jpg,423,4c057114-5f83-4555-8e51-793392441266,ringworm,fungal infection,"[""alopecia"", ""scaling""]",disease-level (provisional),research-only,unsupported,valid,skin,unknown,C,,0.0,1.0,0.0,1.0,0.0,0.0,0.0,0.0,"['alopecia', 'scaling']",train
11431bd5-1601-4d26-8f73-97dd2ca88974,Roboflow,C:\Users\ESSAKKI RAJA T  EV\OneDrive\Desktop\DB PAWPHILE\Dog Skin Disease Dataset.v2i.folder\train\healthy\healthy_150_jpg.rf.644a9179a59f65e9182aec78d9deb486.jpg,863,32645d9a-720f-4bc6-b4dd-a97cc7bc5a72,healthy,healthy,[],disease-level (provisional),research-only,unsupported,train,skin,unknown,C,,0.0,0.0,0.0,0.0,0.0,0.0,0.0,0.0,[],train
5882e2d3-2fff-4270-aef0-29b7832b83a5,Kaggle,C:\Users\ESSAKKI RAJA T  EV\OneDrive\Desktop\DB PAWPHILE\archive\test\ringworm\436724346_1101576490931453_293184214701696605_n_jpg.rf.9565958e5a476ec5cb9629fca3abff04.jpg,1223,85fc9af6-4ab3-4c40-b9e0-df2bccd0cf44,ringworm,fungal infection,"[""alopecia"", ""scaling""]",disease-level (provisional),research-only,unsupported,test,skin,unknown,C,,0.0,1.0,0.0,1.0,0.0,0.0,0.0,0.0,"['alopecia', 'scaling']",train
f3112d9a-4fbc-40a1-8839-24319c624753,Roboflow,C:\Users\ESSAKKI RAJA T  EV\OneDrive\Desktop\DB PAWPHILE\Dog Skin Disease Dataset.v2i.folder\test\healthy\healthy_253_jpg.rf.7bebe7fbe32a2c197f13ce841f0d261a.jpg,925,4f9d764c-25ea-46c6-98e7-0b23ccd4a374,healthy,healthy,[],disease-level (provisional),research-only,unsupported,test,skin,unknown,C,,0.0,0.0,0.0,0.0,0.0,0.0,0.0,0.0,[],train
83ec2f70-e03e-42cc-89ea-df6449ec71a1,Roboflow,C:\Users\ESSAKKI RAJA T  EV\OneDrive\Desktop\DB PAWPHILE\Dog Skin Disease Dataset.v2i.folder\train\healthy\healthy_223_jpg.rf.b2ff090f982fffcf237c0668a2efdc7e.jpg,599,c31587a0-1285-4719-a508-b0bd4dc4dded,healthy,healthy,[],disease-level (provisional),research-only,unsupported,train,skin,unknown,C,,0.0,0.0,0.0,0.0,0.0,0.0,0.0,0.0,[],train
b7b8a9a5-88e0-4f10-b8be-b4da03d6b9f6,Roboflow,C:\Users\ESSAKKI RAJA T  EV\OneDrive\Desktop\DB PAWPHILE\Dog Skin Disease Dataset.v2i.folder\train\bacterial dermatosis\bacterial_20_jpg.rf.2dafb323230ceb93da98b4f7a8fab340.jpg,1581,d34f16bb-56cb-4d07-88f6-08426f8d6c66,bacterial dermatosis,bacterial dermatosis,"[""erythema"", ""pustule"", ""crust""]",disease-level (provisional),research-only,unsupported,train,skin,unknown,C,,1.0,0.0,1.0,0.0,0.0,0.0,1.0,0.0,"['erythema', 'pustule', 'crust']",train
2db908b7-f7b5-4743-8c4a-e7d5fa09ccc9,Roboflow,C:\Users\ESSAKKI RAJA T  EV\OneDrive\Desktop\DB PAWPHILE\Dog Skin Disease Dataset.v2i.folder\test\fungal infection\fungal_inf_23_jpg.rf.47df49f22d6abe70c67206fb2dfc61c0.jpg,1364,c61fb082-8207-461b-873d-d6906a5b9384,fungal infection,fungal infection,"[""alopecia"", ""scaling""]",disease-level (provisional),research-only,unsupported,test,skin,unknown,C,,0.0,1.0,0.0,1.0,0.0,0.0,0.0,0.0,"['alopecia', 'scaling']",train
e36127e5-5ee2-4cde-9fae-b54762bf8559,Roboflow,C:\Users\ESSAKKI RAJA T  EV\OneDrive\Desktop\DB PAWPHILE\Dog Skin Disease Dataset.v2i.folder\train\bacterial dermatosis\bacterial_420_jpg.rf.4f758a11802555ee3ecf9d3d7c7bb144.jpg,1125,72c9b32c-2c82-4a60-ba3b-5732eb9479a2,bacterial dermatosis,bacterial dermatosis,"[""erythema"", ""pustule"", ""crust""]",disease-level (provisional),research-only,unsupported,train,skin,unknown,C,,1.0,0.0,1.0,0.0,0.0,0.0,1.0,0.0,"['erythema', 'pustule', 'crust']",train
0e76d0a2-b4f6-434b-99ba-d0259c19e3fb,Kaggle,C:\Users\ESSAKKI RAJA T  EV\OneDrive\Desktop\DB PAWPHILE\archive\valid\Fungal_infections\1147_jpg.rf.13beef8307c6d4fe97428d62c4d75dd5.jpg,853,0bda3264-53ef-4739-9de4-a5e5db74b130,Fungal_infections,fungal infection,"[""alopecia"", ""scaling""]",disease-level (provisional),research-only,unsupported,valid,skin,unknown,C,,0.0,1.0,0.0,1.0,0.0,0.0,0.0,0.0,"['alopecia', 'scaling']",train
8d16faf2-3260-49d8-8458-b82595fb37a6,Kaggle,C:\Users\ESSAKKI RAJA T  EV\OneDrive\Desktop\DB PAWPHILE\archive\valid\demodicosis\2024-05-13-161905_jpg.rf.9e9593a17f5b7321fee2252d257036b7.jpg,1190,ca823127-4950-46ca-8e54-bb047603b3d9,demodicosis,demodicosis,"[""alopecia"", ""erythema"", ""crust""]",disease-level (provisional),research-only,unsupported,valid,skin,unknown,C,,1.0,1.0,1.0,0.0,0.0,0.0,0.0,0.0,"['alopecia', 'erythema', 'crust']",train
704bad22-436a-4ea5-bd80-3693928c9c92,Roboflow,C:\Users\ESSAKKI RAJA T  EV\OneDrive\Desktop\DB PAWPHILE\Dog Skin Disease Dataset.v2i.folder\test\healthy\healthy_207_jpg.rf.dcc2860cb4f5b6ac1f333c193225c623.jpg,1410,f01fccff-bc4e-436f-ae36-71f6448c5d89,healthy,healthy,[],disease-level (provisional),research-only,unsupported,test,skin,unknown,C,,0.0,0.0,0.0,0.0,0.0,0.0,0.0,0.0,[],train
65de2c33-f8aa-429d-b1d2-ea808e92b3d0,Kaggle,C:\Users\ESSAKKI RAJA T  EV\OneDrive\Desktop\DB PAWPHILE\archive\valid\demodicosis\2024-05-13-133458_4_jpg.rf.c2d7843ad6dd693fcb66169ff60d948f.jpg,913,e241a174-be25-476c-bf42-8dfdbe52bfaf,demodicosis,demodicosis,"[""alopecia"", ""erythema"", ""crust""]",disease-level (provisional),research-only,unsupported,valid,skin,unknown,C,,1.0,1.0,1.0,0.0,0.0,0.0,0.0,0.0,"['alopecia', 'erythema', 'crust']",train
2b6ddc6e-0946-49f5-88bc-774eaa5d2bc8,Roboflow,C:\Users\ESSAKKI RAJA T  EV\OneDrive\Desktop\DB PAWPHILE\Dog Skin Disease Dataset.v2i.folder\train\healthy\healthy_56_jpg.rf.12fe8d372037f1c994ec520c544bdf38.jpg,1448,0b9eb5f4-2562-47e0-b789-60f94d123547,healthy,healthy,[],disease-level (provisional),research-only,unsupported,train,skin,unknown,C,,0.0,0.0,0.0,0.0,0.0,0.0,0.0,0.0,[],train
bbdc6e02-5030-4b32-bb84-45215bb7149e,Roboflow,C:\Users\ESSAKKI RAJA T  EV\OneDrive\Desktop\DB PAWPHILE\Dog Skin Disease Dataset.v2i.folder\valid\bacterial dermatosis\bacterial_252_jpg.rf.5c9f968f8ea3d016bbcacd0a32e3dfa9.jpg,1030,bd52eff3-faa5-412c-b661-0cc66c2cba2f,bacterial dermatosis,bacterial dermatosis,"[""erythema"", ""pustule"", ""crust""]",disease-level (provisional),research-only,unsupported,valid,skin,unknown,C,,1.0,0.0,1.0,0.0,0.0,0.0,1.0,0.0,"['erythema', 'pustule', 'crust']",train
99b9a8ba-7d14-40cd-a78c-9dd17f3f85a7,Roboflow,C:\Users\ESSAKKI RAJA T  EV\OneDrive\Desktop\DB PAWPHILE\Dog Skin Disease Dataset.v2i.folder\test\hypersensitivity dermatitis\hypersensitivity_104_jpg.rf.65987a6628fa64e600bda5a319f95a66.jpg,1110,212bbcd1-35e1-40ce-821b-c450bce9ae1c,hypersensitivity dermatitis,hypersensitivity / allergic dermatitis,"[""erythema"", ""lichenification""]",disease-level (provisional),research-only,unsupported,test,skin,unknown,C,,1.0,0.0,0.0,0.0,0.0,0.0,0.0,1.0,"['erythema', 'lichenification']",train
d06e08d2-67c1-4016-803c-c3df739c7ce6,Kaggle,C:\Users\ESSAKKI RAJA T  EV\OneDrive\Desktop\DB PAWPHILE\archive\test\demodicosis\2024-05-13-162638_jpg.rf.dba67d5f0e7d8b08e310d516f6e57fe6.jpg,485,90b14de1-0e67-4016-98ed-ff2a0da6a093,demodicosis,demodicosis,"[""alopecia"", ""erythema"", ""crust""]",disease-level (provisional),research-only,unsupported,test,skin,unknown,C,,1.0,1.0,1.0,0.0,0.0,0.0,0.0,0.0,"['alopecia', 'erythema', 'crust']",train
cf47a8ae-2127-4518-84d6-f7459ab8decf,Roboflow,C:\Users\ESSAKKI RAJA T  EV\OneDrive\Desktop\DB PAWPHILE\Dog Skin Disease Dataset.v2i.folder\train\fungal infection\fungal_inf_39_jpg.rf.a8dece96b1ad94b9aa14bc76dd291361.jpg,1626,278ef814-f98d-4dcc-ad8a-a433ad2a6fbd,fungal infection,fungal infection,"[""alopecia"", ""scaling""]",disease-level (provisional),research-only,unsupported,train,skin,unknown,C,,0.0,1.0,0.0,1.0,0.0,0.0,0.0,0.0,"['alopecia', 'scaling']",train
f59b3fe0-860a-4a34-b3f4-877ca2b8dfc2,Roboflow,C:\Users\ESSAKKI RAJA T  EV\OneDrive\Desktop\DB PAWPHILE\Dog Skin Disease Dataset.v2i.folder\train\bacterial dermatosis\bacterial_42_jpg.rf.a5f1572f278bdddafeebc883fb55f8e7.jpg,1919,caee53c9-7a1e-4be5-a990-81997ef9777b,bacterial dermatosis,bacterial dermatosis,"[""erythema"", ""pustule"", ""crust""]",disease-level (provisional),research-only,unsupported,train,skin,unknown,C,,1.0,0.0,1.0,0.0,0.0,0.0,1.0,0.0,"['erythema', 'pustule', 'crust']",train
de8cd133-243c-4c5e-94da-45f8f55a5ddf,Kaggle,C:\Users\ESSAKKI RAJA T  EV\OneDrive\Desktop\DB PAWPHILE\archive\valid\demodicosis\IMG_5179_jpeg_jpg.rf.06d4072d75258996c7e6a85587e35948.jpg,975,227f1758-6771-401f-8a40-3c142a7a215a,demodicosis,demodicosis,"[""alopecia"", ""erythema"", ""crust""]",disease-level (provisional),research-only,unsupported,valid,skin,unknown,C,,1.0,1.0,1.0,0.0,0.0,0.0,0.0,0.0,"['alopecia', 'erythema', 'crust']",train
d094c1a6-8fa3-4d86-a2e2-f696cd9b08cc,Multispectral,C:\Users\ESSAKKI RAJA T  EV\OneDrive\Desktop\DB PAWPHILE\Classification of pet dog skin diseases using deep learning with images captured from multispectral imaging device\5dbht54kw7-1\Dog211011_19_02_09\pic3.jpg,1711,5237995b-06e9-4a67-a4f4-4cd5e3c176c5,unknown,unknown,[],disease-level (provisional),research-only,unsupported,none,skin,pic3.jpg,B,,0.0,0.0,0.0,0.0,0.0,0.0,0.0,0.0,[],train
b5bc8db5-bc8a-4cdf-a46c-f84283214980,Kaggle,C:\Users\ESSAKKI RAJA T  EV\OneDrive\Desktop\DB PAWPHILE\archive\test\Dermatitis\May-is-allergy-awareness-month-here-at-The-Shot-Spot_02224_jpg.rf.c07723df846858d9f86f8bcf2ca3fa26.jpg,1239,7908cd58-e7d6-4975-a115-28cdf0d98311,Dermatitis,nonspecific dermatitis,"[""erythema"", ""scaling""]",disease-level (provisional),research-only,unsupported,test,skin,unknown,C,,1.0,0.0,0.0,1.0,0.0,0.0,0.0,0.0,"['erythema', 'scaling']",train
ba8de39d-2ac2-4747-b6cd-4174e1123e2b,Kaggle,C:\Users\ESSAKKI RAJA T  EV\OneDrive\Desktop\DB PAWPHILE\archive\test\Dermatitis\Hot-Spot-on-_Chance_-How-to-treat-a-dog-that-you-can_t-touch_-000619_png_jpg.rf.d53b4fa5bab2311ea83e3cb42d4fe9fa.jpg,882,02765e49-e109-41e7-9104-348297c99eaa,Dermatitis,nonspecific dermatitis,"[""erythema"", ""scaling""]",disease-level (provisional),research-only,unsupported,test,skin,unknown,C,,1.0,0.0,0.0,1.0,0.0,0.0,0.0,0.0,"['erythema', 'scaling']",train
39af24c8-6731-497b-90cd-5deb901230d9,Roboflow,C:\Users\ESSAKKI RAJA T  EV\OneDrive\Desktop\DB PAWPHILE\Dog Skin Disease Dataset.v2i.folder\test\fungal infection\fungal_405_jpg.rf.c305939a5cb3d0a37d2f452261da3980.jpg,455,b30a1ade-f037-432e-a2de-9e192fee8ff0,fungal infection,fungal infection,"[""alopecia"", ""scaling""]",disease-level (provisional),research-only,unsupported,test,skin,unknown,C,,0.0,1.0,0.0,1.0,0.0,0.0,0.0,0.0,"['alopecia', 'scaling']",train
1b761dec-d4cf-43d4-8d6b-535b44d439e7,Roboflow,C:\Users\ESSAKKI RAJA T  EV\OneDrive\Desktop\DB PAWPHILE\Dog Skin Disease Dataset.v2i.folder\train\bacterial dermatosis\bacterial_126_jpg.rf.72111135416fb4307ff57aa2e4e777a1.jpg,1720,e69dd439-f41d-4b24-9235-1afea3c18a6f,bacterial dermatosis,bacterial dermatosis,"[""erythema"", ""pustule"", ""crust""]",disease-level (provisional),research-only,unsupported,train,skin,unknown,C,,1.0,0.0,1.0,0.0,0.0,0.0,1.0,0.0,"['erythema', 'pustule', 'crust']",train
dedd5441-3cf5-44af-8a9a-c2c8bb381b58,Roboflow,C:\Users\ESSAKKI RAJA T  EV\OneDrive\Desktop\DB PAWPHILE\Dog Skin Disease Dataset.v2i.folder\train\hypersensitivity dermatitis\hypersensitivity_96_jpg.rf.395cb79ab410dcecb536017c11d35aee.jpg,1793,c9aff9fe-b153-4fe4-9f48-476970439742,hypersensitivity dermatitis,hypersensitivity / allergic dermatitis,"[""erythema"", ""lichenification""]",disease-level (provisional),research-only,unsupported,train,skin,unknown,C,,1.0,0.0,0.0,0.0,0.0,0.0,0.0,1.0,"['erythema', 'lichenification']",train
b1bc0493-abe1-473c-a678-92b01e06c624,Kaggle,C:\Users\ESSAKKI RAJA T  EV\OneDrive\Desktop\DB PAWPHILE\archive\train\Hypersensitivity\B9781416056638000070_f007-001-9781416056638_jpg.rf.dce0cdc032193b719e38c2a0bd4c450e.jpg,411,f8dfedde-1c79-4e3b-9842-7bdd3560e8bf,Hypersensitivity,hypersensitivity / allergic dermatitis,"[""erythema"", ""lichenification""]",disease-level (provisional),research-only,unsupported,train,skin,unknown,C,,1.0,0.0,0.0,0.0,0.0,0.0,0.0,1.0,"['erythema', 'lichenification']",train
b4c95415-8ba8-4612-9f4e-a09b4434a2c5,Roboflow,C:\Users\ESSAKKI RAJA T  EV\OneDrive\Desktop\DB PAWPHILE\Dog Skin Disease Dataset.v2i.folder\test\hypersensitivity dermatitis\hypersensitivity_25_jpg.rf.714c2822e926317f2ccae4f47c62fb89.jpg,647,2197fc50-9cce-48d2-ad50-383e81b003f7,hypersensitivity dermatitis,hypersensitivity / allergic dermatitis,"[""erythema"", ""lichenification""]",disease-level (provisional),research-only,unsupported,test,skin,unknown,C,,1.0,0.0,0.0,0.0,0.0,0.0,0.0,1.0,"['erythema', 'lichenification']",train
8c3bc7c1-fcfa-49e3-9526-53845fa4ba23,Roboflow,C:\Users\ESSAKKI RAJA T  EV\OneDrive\Desktop\DB PAWPHILE\Dog Skin Disease Dataset.v2i.folder\train\fungal infection\fungal_384_jpg.rf.8596e97d0fd0735045a05e98793ff0f4.jpg,530,320d9092-e9b9-4454-bf66-dbb1c30bc89f,fungal infection,fungal infection,"[""alopecia"", ""scaling""]",disease-level (provisional),research-only,unsupported,train,skin,unknown,C,,0.0,1.0,0.0,1.0,0.0,0.0,0.0,0.0,"['alopecia', 'scaling']",train
82062071-8f94-4cf1-a421-9c6d53919912,Roboflow,C:\Users\ESSAKKI RAJA T  EV\OneDrive\Desktop\DB PAWPHILE\Dog Skin Disease Dataset.v2i.folder\train\healthy\healthy_127_jpg.rf.a9c812e43097167339b07c891bc46810.jpg,1347,f6305f2e-99ab-4936-9448-7cf91d97fb61,healthy,healthy,[],disease-level (provisional),research-only,unsupported,train,skin,unknown,C,,0.0,0.0,0.0,0.0,0.0,0.0,0.0,0.0,[],train
7b8201a7-55a8-48d0-af32-853ce83e75b9,Roboflow,C:\Users\ESSAKKI RAJA T  EV\OneDrive\Desktop\DB PAWPHILE\Dog Skin Disease Dataset.v2i.folder\test\hypersensitivity dermatitis\hypersensitivity_290_jpg.rf.9172e0b97de840004703b33b87f8d1c9.jpg,896,ce55958c-b131-4b15-8e47-2be58956c62e,hypersensitivity dermatitis,hypersensitivity / allergic dermatitis,"[""erythema"", ""lichenification""]",disease-level (provisional),research-only,unsupported,test,skin,unknown,C,,1.0,0.0,0.0,0.0,0.0,0.0,0.0,1.0,"['erythema', 'lichenification']",train
c323d1d2-5d36-44f9-9b15-1608899e45d8,Kaggle,C:\Users\ESSAKKI RAJA T  EV\OneDrive\Desktop\DB PAWPHILE\archive\test\ringworm\436827116_313204271618259_7494145659042912998_n_jpg.rf.1d158cced59aea5b6e858a7f17d43df5.jpg,895,6b7a0e6a-1175-463d-8062-e3af281b73d2,ringworm,fungal infection,"[""alopecia"", ""scaling""]",disease-level (provisional),research-only,unsupported,test,skin,unknown,C,,0.0,1.0,0.0,1.0,0.0,0.0,0.0,0.0,"['alopecia', 'scaling']",train
88d1fec7-b718-45d5-83ab-45c3f361857f,Roboflow,C:\Users\ESSAKKI RAJA T  EV\OneDrive\Desktop\DB PAWPHILE\Dog Skin Disease Dataset.v2i.folder\valid\hypersensitivity dermatitis\hypersensitivity_derm39_jpg.rf.7979c1be591fa98324d6f11e6b036ed6.jpg,596,b5c1de18-16d1-418c-aa1a-b32697f5dad3,hypersensitivity dermatitis,hypersensitivity / allergic dermatitis,"[""erythema"", ""lichenification""]",disease-level (provisional),research-only,unsupported,valid,skin,unknown,C,,1.0,0.0,0.0,0.0,0.0,0.0,0.0,1.0,"['erythema', 'lichenification']",train
08e16d32-f236-41cf-8bed-32e670b89457,Roboflow,C:\Users\ESSAKKI RAJA T  EV\OneDrive\Desktop\DB PAWPHILE\Dog Skin Disease Dataset.v2i.folder\valid\healthy\healthy_295_jpg.rf.82c56813f3054d3b1784f837715270fe.jpg,989,a134c4f6-9154-4af1-a074-55d3109429d7,healthy,healthy,[],disease-level (provisional),research-only,unsupported,valid,skin,unknown,C,,0.0,0.0,0.0,0.0,0.0,0.0,0.0,0.0,[],train
0344ca27-6c31-493b-b55b-9a8f62dc34df,Kaggle,C:\Users\ESSAKKI RAJA T  EV\OneDrive\Desktop\DB PAWPHILE\archive\test\Dermatitis\May-is-allergy-awareness-month-here-at-The-Shot-Spot_01561_jpg.rf.2723bb211953aa104016b47ff6a67c2e.jpg,1094,07b5e25b-694c-4940-89fd-3d45721dd737,Dermatitis,nonspecific dermatitis,"[""erythema"", ""scaling""]",disease-level (provisional),research-only,unsupported,test,skin,unknown,C,,1.0,0.0,0.0,1.0,0.0,0.0,0.0,0.0,"['erythema', 'scaling']",train
4d09d6d6-0961-48f3-956e-b585dfaed24d,Roboflow,C:\Users\ESSAKKI RAJA T  EV\OneDrive\Desktop\DB PAWPHILE\Dog Skin Disease Dataset.v2i.folder\train\fungal infection\fungal_168_jpg.rf.6f9abded3b3de32bc9af5b4991d71b79.jpg,348,3c9b1f3b-8c35-4440-824e-78d167e312c7,fungal infection,fungal infection,"[""alopecia"", ""scaling""]",disease-level (provisional),research-only,unsupported,train,skin,unknown,C,,0.0,1.0,0.0,1.0,0.0,0.0,0.0,0.0,"['alopecia', 'scaling']",train
3deec88f-e801-474b-977b-5684a3248f68,Roboflow,C:\Users\ESSAKKI RAJA T  EV\OneDrive\Desktop\DB PAWPHILE\Dog Skin Disease Dataset.v2i.folder\test\bacterial dermatosis\bacterial_339_jpg.rf.1e68f312169f85cbb0b36b1f72d7dc1e.jpg,927,0e4e06f7-830e-4d45-98ca-c8dc38167494,bacterial dermatosis,bacterial dermatosis,"[""erythema"", ""pustule"", ""crust""]",disease-level (provisional),research-only,unsupported,test,skin,unknown,C,,1.0,0.0,1.0,0.0,0.0,0.0,1.0,0.0,"['erythema', 'pustule', 'crust']",train
9a64eab2-4d89-422d-83a1-1b78e70988ce,Roboflow,C:\Users\ESSAKKI RAJA T  EV\OneDrive\Desktop\DB PAWPHILE\Dog Skin Disease Dataset.v2i.folder\test\healthy\healthy_326_jpg.rf.90809d49fab50505a2db8e0f34a47717.jpg,1425,358e8cc6-a0a7-4bcd-a070-fa93f8becba2,healthy,healthy,[],disease-level (provisional),research-only,unsupported,test,skin,unknown,C,,0.0,0.0,0.0,0.0,0.0,0.0,0.0,0.0,[],train
2a2b7250-8b79-4f77-8aff-e23bd04771f4,Roboflow,C:\Users\ESSAKKI RAJA T  EV\OneDrive\Desktop\DB PAWPHILE\Dog Skin Disease Dataset.v2i.folder\valid\healthy\healhty4_jpg.rf.9c120019ec99f4007f7d626aa2d37fde.jpg,1196,3121c206-5194-4374-8d09-55ba2b2fdc7c,healthy,healthy,[],disease-level (provisional),research-only,unsupported,valid,skin,unknown,C,,0.0,0.0,0.0,0.0,0.0,0.0,0.0,0.0,[],train
fee5c7f2-75fc-4530-87ba-8d2a82409ecd,Roboflow,C:\Users\ESSAKKI RAJA T  EV\OneDrive\Desktop\DB PAWPHILE\Dog Skin Disease Dataset.v2i.folder\test\healthy\healthy_415_jpg.rf.e4690fe171450a7d963964683a30436e.jpg,258,1feb9dbb-6704-4f39-9383-9d6233e7144b,healthy,healthy,[],disease-level (provisional),research-only,unsupported,test,skin,unknown,C,,0.0,0.0,0.0,0.0,0.0,0.0,0.0,0.0,[],train
0090963e-a85a-43c5-967c-d2a52ae21a5d,Multispectral,C:\Users\ESSAKKI RAJA T  EV\OneDrive\Desktop\DB PAWPHILE\Classification of pet dog skin diseases using deep learning with images captured from multispectral imaging device\5dbht54kw7-1\Dog211002_08_01_15\pic3.jpg,71,16734ff9-6860-49d4-a5b3-c60651150255,unknown,unknown,[],disease-level (provisional),research-only,unsupported,none,skin,pic3.jpg,B,,0.0,0.0,0.0,0.0,0.0,0.0,0.0,0.0,[],train
47bf67c6-5dee-45e8-acbc-bc764f6b8607,Kaggle,C:\Users\ESSAKKI RAJA T  EV\OneDrive\Desktop\DB PAWPHILE\archive\train\demodicosis\scabies_90_png_jpg.rf.2eaad5a09816430f052c4669fd97f586.jpg,1594,08665cc2-c872-4eec-a723-289239dc5532,demodicosis,demodicosis,"[""alopecia"", ""erythema"", ""crust""]",disease-level (provisional),research-only,unsupported,train,skin,unknown,C,,1.0,1.0,1.0,0.0,0.0,0.0,0.0,0.0,"['alopecia', 'erythema', 'crust']",train
0d3ab41a-6952-44ef-a7fb-493d7d762cc5,Roboflow,C:\Users\ESSAKKI RAJA T  EV\OneDrive\Desktop\DB PAWPHILE\Dog Skin Disease Dataset.v2i.folder\test\healthy\healthy_254_jpg.rf.e13b645c220152b36bb309977334f498.jpg,1012,23423998-7b22-4529-b982-08b154e8dd46,healthy,healthy,[],disease-level (provisional),research-only,unsupported,test,skin,unknown,C,,0.0,0.0,0.0,0.0,0.0,0.0,0.0,0.0,[],train
5bf3b0ef-5d4c-4246-9366-c4635df52992,Kaggle,C:\Users\ESSAKKI RAJA T  EV\OneDrive\Desktop\DB PAWPHILE\archive\test\demodicosis\1-11-_png_jpg.rf.9ba3817ce9f7ce031ba37b3f53fd54e1.jpg,706,463c1914-7c15-4291-984d-121f17c5e18a,demodicosis,demodicosis,"[""alopecia"", ""erythema"", ""crust""]",disease-level (provisional),research-only,unsupported,test,skin,unknown,C,,1.0,1.0,1.0,0.0,0.0,0.0,0.0,0.0,"['alopecia', 'erythema', 'crust']",train
3b791045-9ab3-494e-aa1c-109977eb5c85,Kaggle,C:\Users\ESSAKKI RAJA T  EV\OneDrive\Desktop\DB PAWPHILE\archive\test\Dermatitis\May-is-allergy-awareness-month-here-at-The-Shot-Spot_02671_jpg.rf.8587d0f1fd39c2f716488fbb8c51be99.jpg,864,a5c72dd5-1228-4799-b108-249d0da4444f,Dermatitis,nonspecific dermatitis,"[""erythema"", ""scaling""]",disease-level (provisional),research-only,unsupported,test,skin,unknown,C,,1.0,0.0,0.0,1.0,0.0,0.0,0.0,0.0,"['erythema', 'scaling']",train
10282cc0-fd57-4bcd-830b-d953fdc02fd3,Kaggle,C:\Users\ESSAKKI RAJA T  EV\OneDrive\Desktop\DB PAWPHILE\archive\test\Dermatitis\May-is-allergy-awareness-month-here-at-The-Shot-Spot_00070_jpg.rf.c438d13cc4bce1f923007ac1d22c5acf.jpg,929,c62409bc-2d90-487f-a806-ab1a19d973b0,Dermatitis,nonspecific dermatitis,"[""erythema"", ""scaling""]",disease-level (provisional),research-only,unsupported,test,skin,unknown,C,,1.0,0.0,0.0,1.0,0.0,0.0,0.0,0.0,"['erythema', 'scaling']",train
7ae11949-5580-4597-a1b1-79242b4b2748,Kaggle,C:\Users\ESSAKKI RAJA T  EV\OneDrive\Desktop\DB PAWPHILE\archive\test\Healthy\dogs_265_jpg.rf.4074519fcc2b860102447e5af270bfe5.jpg,614,3877315f-6c3b-4e12-92c5-c982fc1829fe,Healthy,healthy,[],disease-level (provisional),research-only,unsupported,test,skin,unknown,C,,0.0,0.0,0.0,0.0,0.0,0.0,0.0,0.0,[],train
1994b072-0e13-4608-8c5b-2cc91387c14a,Roboflow,C:\Users\ESSAKKI RAJA T  EV\OneDrive\Desktop\DB PAWPHILE\Dog Skin Disease Dataset.v2i.folder\valid\hypersensitivity dermatitis\hypersensitivity_304_jpg.rf.f2c0f59758af6f1f20eef06053c6a923.jpg,677,575a7d37-126b-4bc0-b53b-0ea9278cd142,hypersensitivity dermatitis,hypersensitivity / allergic dermatitis,"[""erythema"", ""lichenification""]",disease-level (provisional),research-only,unsupported,valid,skin,unknown,C,,1.0,0.0,0.0,0.0,0.0,0.0,0.0,1.0,"['erythema', 'lichenification']",train
57bd81a4-7c6a-4814-9711-5dd4a2ce98fa,Kaggle,C:\Users\ESSAKKI RAJA T  EV\OneDrive\Desktop\DB PAWPHILE\archive\valid\Healthy\HEALTHY_049_jpeg_jpg.rf.c90c953f295811b263c06075e4193e40.jpg,1355,63c5aecd-cf36-4826-ade4-d2ab3ca5f8e9,Healthy,healthy,[],disease-level (provisional),research-only,unsupported,valid,skin,unknown,C,,0.0,0.0,0.0,0.0,0.0,0.0,0.0,0.0,[],train
2437b850-d279-4fe5-90dd-d93e608ab0af,Kaggle,C:\Users\ESSAKKI RAJA T  EV\OneDrive\Desktop\DB PAWPHILE\archive\valid\Dermatitis\HOT-SPOT-IN-DOG-HOW-vet-treated-symptom-prevention_-flea-bite-moist-eczema_dog-itching-000495_png_jpg.rf.56f5a980f28c61778df4c82769050964.jpg,843,790ada27-25f2-4456-96bd-c2370960b04e,Dermatitis,nonspecific dermatitis,"[""erythema"", ""scaling""]",disease-level (provisional),research-only,unsupported,valid,skin,unknown,C,,1.0,0.0,0.0,1.0,0.0,0.0,0.0,0.0,"['erythema', 'scaling']",train
900f22c0-b38c-435e-ad3b-ee2d467bc06b,Kaggle,C:\Users\ESSAKKI RAJA T  EV\OneDrive\Desktop\DB PAWPHILE\archive\valid\Healthy\dogs_271_jpg.rf.19d1158b23f6e2a8ae3292f31ee3ccf5.jpg,1663,e09c01da-40d2-49cd-a3a9-1fe5d74991f1,Healthy,healthy,[],disease-level (provisional),research-only,unsupported,valid,skin,unknown,C,,0.0,0.0,0.0,0.0,0.0,0.0,0.0,0.0,[],train
ef86022e-7844-48b3-8e6a-8b479c31e5bf,Kaggle,C:\Users\ESSAKKI RAJA T  EV\OneDrive\Desktop\DB PAWPHILE\archive\valid\Dermatitis\Bacterial_Image_2_jpg.rf.86d874470a1a2e629cf49fbcd3cf2b31.jpg,1073,9863da8c-757c-4f7f-8db6-67e0f4dacbaa,Dermatitis,nonspecific dermatitis,"[""erythema"", ""scaling""]",disease-level (provisional),research-only,unsupported,valid,skin,unknown,C,,1.0,0.0,0.0,1.0,0.0,0.0,0.0,0.0,"['erythema', 'scaling']",train
20072d22-e680-4836-b8dd-9d1ccc4e74b9,Roboflow,C:\Users\ESSAKKI RAJA T  EV\OneDrive\Desktop\DB PAWPHILE\Dog Skin Disease Dataset.v2i.folder\valid\healthy\healthy_191_jpg.rf.ac325e45f6536101577cf2b3cde4c9b3.jpg,1354,a9b223ec-1cd2-40f7-bded-692f9051464b,healthy,healthy,[],disease-level (provisional),research-only,unsupported,valid,skin,unknown,C,,0.0,0.0,0.0,0.0,0.0,0.0,0.0,0.0,[],train
0a98e1a5-264b-4eef-8dfd-749fccbb60c5,Roboflow,C:\Users\ESSAKKI RAJA T  EV\OneDrive\Desktop\DB PAWPHILE\Dog Skin Disease Dataset.v2i.folder\train\healthy\healthy_356_jpg.rf.4012340722733f8dc20569452c96487a.jpg,1478,6a4ba23e-bf23-4481-b905-e05dceb3519d,healthy,healthy,[],disease-level (provisional),research-only,unsupported,train,skin,unknown,C,,0.0,0.0,0.0,0.0,0.0,0.0,0.0,0.0,[],train
c6f5ac97-a4b3-4ac4-b6d3-101568eb4d9d,Roboflow,C:\Users\ESSAKKI RAJA T  EV\OneDrive\Desktop\DB PAWPHILE\Dog Skin Disease Dataset.v2i.folder\test\bacterial dermatosis\bacterial8_jpg.rf.a87a08e2d7a056a687c6befccfe09b1a.jpg,916,6a4ab122-0052-4e2d-9c09-843676f345c6,bacterial dermatosis,bacterial dermatosis,"[""erythema"", ""pustule"", ""crust""]",disease-level (provisional),research-only,unsupported,test,skin,unknown,C,,1.0,0.0,1.0,0.0,0.0,0.0,1.0,0.0,"['erythema', 'pustule', 'crust']",train
40e99a31-f313-498d-91ae-da096d46d454,Roboflow,C:\Users\ESSAKKI RAJA T  EV\OneDrive\Desktop\DB PAWPHILE\Dog Skin Disease Dataset.v2i.folder\train\healthy\healthy_381_jpg.rf.4703b1e7aaee910936b63b66d8ad1cb2.jpg,297,dfb0353e-4bbd-4223-98d3-667f47e18772,healthy,healthy,[],disease-level (provisional),research-only,unsupported,train,skin,unknown,C,,0.0,0.0,0.0,0.0,0.0,0.0,0.0,0.0,[],train
4c38787b-d8a3-4be7-bdfb-6d8589dadcc4,Roboflow,C:\Users\ESSAKKI RAJA T  EV\OneDrive\Desktop\DB PAWPHILE\Dog Skin Disease Dataset.v2i.folder\test\bacterial dermatosis\bacterial_derm_29_jpg.rf.37ab8005d9d1b071bf42099095f1bcc6.jpg,625,40f5f439-7bb5-436b-8716-22a1023ab1f0,bacterial dermatosis,bacterial dermatosis,"[""erythema"", ""pustule"", ""crust""]",disease-level (provisional),research-only,unsupported,test,skin,unknown,C,,1.0,0.0,1.0,0.0,0.0,0.0,1.0,0.0,"['erythema', 'pustule', 'crust']",train
86050cf4-7289-4cd8-997a-fbdeb0f1b6c1,Kaggle,C:\Users\ESSAKKI RAJA T  EV\OneDrive\Desktop\DB PAWPHILE\archive\train\demodicosis\2024-05-13-165441_jpg.rf.4c96e5a5ec3e18695453d5d02df6f545.jpg,697,447cd39a-b54e-4035-8d74-201d2ae97589,demodicosis,demodicosis,"[""alopecia"", ""erythema"", ""crust""]",disease-level (provisional),research-only,unsupported,train,skin,unknown,C,,1.0,1.0,1.0,0.0,0.0,0.0,0.0,0.0,"['alopecia', 'erythema', 'crust']",train
aa449fd9-d68a-4d3c-b44c-61d8b60b957f,Roboflow,C:\Users\ESSAKKI RAJA T  EV\OneDrive\Desktop\DB PAWPHILE\Dog Skin Disease Dataset.v2i.folder\valid\hypersensitivity dermatitis\hypersensitivity_387_jpg.rf.da1d7c09304dce9da67699bc2b35ae82.jpg,1379,b1f71b8e-d1fd-49ac-b663-becc53972b5f,hypersensitivity dermatitis,hypersensitivity / allergic dermatitis,"[""erythema"", ""lichenification""]",disease-level (provisional),research-only,unsupported,valid,skin,unknown,C,,1.0,0.0,0.0,0.0,0.0,0.0,0.0,1.0,"['erythema', 'lichenification']",train
118417b2-a03d-405e-b05f-ffb0481db52c,Kaggle,C:\Users\ESSAKKI RAJA T  EV\OneDrive\Desktop\DB PAWPHILE\archive\test\demodicosis\IMG_5167_jpeg_jpg.rf.9fedce6071303474510fcff77f8c8eab.jpg,585,85e32d47-dea8-43dc-8ad0-935a9ce57ab7,demodicosis,demodicosis,"[""alopecia"", ""erythema"", ""crust""]",disease-level (provisional),research-only,unsupported,test,skin,unknown,C,,1.0,1.0,1.0,0.0,0.0,0.0,0.0,0.0,"['alopecia', 'erythema', 'crust']",train
4fb3bade-d855-4384-aa7a-968ce7e52e9c,Kaggle,C:\Users\ESSAKKI RAJA T  EV\OneDrive\Desktop\DB PAWPHILE\archive\valid\Healthy\dogs_052_jpg.rf.340c4d955659dbe83cc28d8012ff6c56.jpg,205,97239f21-7e34-4875-bcfb-2ea0aaea93d9,Healthy,healthy,[],disease-level (provisional),research-only,unsupported,valid,skin,unknown,C,,0.0,0.0,0.0,0.0,0.0,0.0,0.0,0.0,[],train
d3500043-8314-44d2-aae6-b48e669aabed,Roboflow,C:\Users\ESSAKKI RAJA T  EV\OneDrive\Desktop\DB PAWPHILE\Dog Skin Disease Dataset.v2i.folder\train\bacterial dermatosis\bacterial_321_jpg.rf.bad0a59750c653caf0883c2b5c7fbd9e.jpg,960,fb9834a1-a185-4d44-8af9-44d724036fe2,bacterial dermatosis,bacterial dermatosis,"[""erythema"", ""pustule"", ""crust""]",disease-level (provisional),research-only,unsupported,train,skin,unknown,C,,1.0,0.0,1.0,0.0,0.0,0.0,1.0,0.0,"['erythema', 'pustule', 'crust']",train
72665ab0-3832-4c4f-97b7-454a835a4f6c,Kaggle,C:\Users\ESSAKKI RAJA T  EV\OneDrive\Desktop\DB PAWPHILE\archive\valid\Healthy\pic10_jpg.rf.f4a1cea55fcf082d22fe249df55e5ff0.jpg,146,131839cf-6d23-49e9-8cda-803efadaf043,Healthy,healthy,[],disease-level (provisional),research-only,unsupported,valid,skin,unknown,C,,0.0,0.0,0.0,0.0,0.0,0.0,0.0,0.0,[],train
633d1cfb-119f-4ec5-bd54-30a144292e5a,Roboflow,C:\Users\ESSAKKI RAJA T  EV\OneDrive\Desktop\DB PAWPHILE\Dog Skin Disease Dataset.v2i.folder\train\fungal infection\fungal_136_jpg.rf.1832428dc4795700ef25790813bbc80c.jpg,1010,95ce4a67-e670-48b7-b268-620df310e969,fungal infection,fungal infection,"[""alopecia"", ""scaling""]",disease-level (provisional),research-only,unsupported,train,skin,unknown,C,,0.0,1.0,0.0,1.0,0.0,0.0,0.0,0.0,"['alopecia', 'scaling']",train
04b73c6c-0dbf-4d47-ad32-eca986ba3d6e,Roboflow,C:\Users\ESSAKKI RAJA T  EV\OneDrive\Desktop\DB PAWPHILE\Dog Skin Disease Dataset.v2i.folder\test\fungal infection\fungal_391_jpg.rf.72f1eed3b62c3766005ba3a9ba6373cf.jpg,446,44a54755-8a14-47b0-a782-0cf99f7c49a0,fungal infection,fungal infection,"[""alopecia"", ""scaling""]",disease-level (provisional),research-only,unsupported,test,skin,unknown,C,,0.0,1.0,0.0,1.0,0.0,0.0,0.0,0.0,"['alopecia', 'scaling']",train
4202ba52-7369-4e22-990b-a8198a039dc7,Kaggle,C:\Users\ESSAKKI RAJA T  EV\OneDrive\Desktop\DB PAWPHILE\archive\test\Dermatitis\hotspot-109-_jpg.rf.e5a277c955157402f873127cf12a0d91.jpg,1092,fa9b8b37-f3c7-4481-9559-77548a2b16c8,Dermatitis,nonspecific dermatitis,"[""erythema"", ""scaling""]",disease-level (provisional),research-only,unsupported,test,skin,unknown,C,,1.0,0.0,0.0,1.0,0.0,0.0,0.0,0.0,"['erythema', 'scaling']",train
f14ba529-6c63-4307-b544-0724dd07aead,Kaggle,C:\Users\ESSAKKI RAJA T  EV\OneDrive\Desktop\DB PAWPHILE\archive\valid\Dermatitis\1000010573_x4_jpg.rf.5993f62f13f4e5cd4995a9ae3ed4545f.jpg,702,fe7f576a-e1ca-4721-ab93-e0f63ee0bf36,Dermatitis,nonspecific dermatitis,"[""erythema"", ""scaling""]",disease-level (provisional),research-only,unsupported,valid,skin,unknown,C,,1.0,0.0,0.0,1.0,0.0,0.0,0.0,0.0,"['erythema', 'scaling']",train
b1a5095c-f34d-45ca-aa1a-4ea22fe35599,Kaggle,C:\Users\ESSAKKI RAJA T  EV\OneDrive\Desktop\DB PAWPHILE\archive\valid\ringworm\ringworm-3-_jpg.rf.224c75714b8825f0e879ce83ff1679c2.jpg,131,80e42fea-f529-49bb-9491-750ae3bc2f34,ringworm,fungal infection,"[""alopecia"", ""scaling""]",disease-level (provisional),research-only,unsupported,valid,skin,unknown,C,,0.0,1.0,0.0,1.0,0.0,0.0,0.0,0.0,"['alopecia', 'scaling']",train
818cb636-23ed-42a8-a8ed-55aee077eb28,Roboflow,C:\Users\ESSAKKI RAJA T  EV\OneDrive\Desktop\DB PAWPHILE\Dog Skin Disease Dataset.v2i.folder\test\fungal infection\fungal_190_jpg.rf.85179d57a60d41de8a24fcb0ef79ef61.jpg,680,b447a309-b192-4824-b3ed-4387780fb19f,fungal infection,fungal infection,"[""alopecia"", ""scaling""]",disease-level (provisional),research-only,unsupported,test,skin,unknown,C,,0.0,1.0,0.0,1.0,0.0,0.0,0.0,0.0,"['alopecia', 'scaling']",train
9f13f222-cc56-4fda-bd78-495e11e01e0c,Roboflow,C:\Users\ESSAKKI RAJA T  EV\OneDrive\Desktop\DB PAWPHILE\Dog Skin Disease Dataset.v2i.folder\train\bacterial dermatosis\bacterial_30_jpg.rf.e6ccd97205da1a9588610e53891359e0.jpg,233,24cd6bd0-87a6-4fe5-ad8a-f97cc80269c7,bacterial dermatosis,bacterial dermatosis,"[""erythema"", ""pustule"", ""crust""]",disease-level (provisional),research-only,unsupported,train,skin,unknown,C,,1.0,0.0,1.0,0.0,0.0,0.0,1.0,0.0,"['erythema', 'pustule', 'crust']",train
46b09c10-8db9-4272-8c0c-b2b69142b30c,Roboflow,C:\Users\ESSAKKI RAJA T  EV\OneDrive\Desktop\DB PAWPHILE\Dog Skin Disease Dataset.v2i.folder\train\bacterial dermatosis\bacterial_376_jpg.rf.099bfbee25873e13c338bc0438286979.jpg,1585,b90a2835-1140-4e2c-8f78-9b5bf4f5342d,bacterial dermatosis,bacterial dermatosis,"[""erythema"", ""pustule"", ""crust""]",disease-level (provisional),research-only,unsupported,train,skin,unknown,C,,1.0,0.0,1.0,0.0,0.0,0.0,1.0,0.0,"['erythema', 'pustule', 'crust']",train
3e196c22-3df5-4492-bde9-7bd28262fa16,Kaggle,C:\Users\ESSAKKI RAJA T  EV\OneDrive\Desktop\DB PAWPHILE\archive\valid\demodicosis\P34_png_jpg.rf.fb29a87d38083e66a52a213f7e47c89b.jpg,797,98c2a179-28f8-4273-9581-a64954680115,demodicosis,demodicosis,"[""alopecia"", ""erythema"", ""crust""]",disease-level (provisional),research-only,unsupported,valid,skin,unknown,C,,1.0,1.0,1.0,0.0,0.0,0.0,0.0,0.0,"['alopecia', 'erythema', 'crust']",train
94b754c1-760a-4395-980a-3df7cb285598,Roboflow,C:\Users\ESSAKKI RAJA T  EV\OneDrive\Desktop\DB PAWPHILE\Dog Skin Disease Dataset.v2i.folder\valid\hypersensitivity dermatitis\hypersensitivity_159_jpg.rf.d25101c041ffa65ae5f53ec619fe5947.jpg,392,19a1dfa5-a7c2-4455-902f-62c6f0b15482,hypersensitivity dermatitis,hypersensitivity / allergic dermatitis,"[""erythema"", ""lichenification""]",disease-level (provisional),research-only,unsupported,valid,skin,unknown,C,,1.0,0.0,0.0,0.0,0.0,0.0,0.0,1.0,"['erythema', 'lichenification']",train
32d8f13e-5006-4ba0-b5b0-ce2a100890fa,Kaggle,C:\Users\ESSAKKI RAJA T  EV\OneDrive\Desktop\DB PAWPHILE\archive\valid\Healthy\dogs_028_jpg.rf.132b349f779744676395cacdb440991d.jpg,358,fd22153c-7757-446a-afdb-7c2725b75b0b,Healthy,healthy,[],disease-level (provisional),research-only,unsupported,valid,skin,unknown,C,,0.0,0.0,0.0,0.0,0.0,0.0,0.0,0.0,[],train
eacbb0fa-dc1c-46f0-80bc-31cb631648ea,Kaggle,C:\Users\ESSAKKI RAJA T  EV\OneDrive\Desktop\DB PAWPHILE\archive\valid\ringworm\ringworm-38-_jpg.rf.ca718830a85848ed631a1237f4efe974.jpg,468,c8bd6aa0-b7cb-46b0-b3c1-1499f76bdbb3,ringworm,fungal infection,"[""alopecia"", ""scaling""]",disease-level (provisional),research-only,unsupported,valid,skin,unknown,C,,0.0,1.0,0.0,1.0,0.0,0.0,0.0,0.0,"['alopecia', 'scaling']",train
75eac441-6def-44b9-ad87-e224dab5dfb6,Kaggle,C:\Users\ESSAKKI RAJA T  EV\OneDrive\Desktop\DB PAWPHILE\archive\test\Fungal_infections\1577_jpg.rf.d717ef19ad2d510ce9d48e9f9919e864.jpg,1604,20a5c039-8a72-4654-9a7a-7a905a884c0a,Fungal_infections,fungal infection,"[""alopecia"", ""scaling""]",disease-level (provisional),research-only,unsupported,test,skin,unknown,C,,0.0,1.0,0.0,1.0,0.0,0.0,0.0,0.0,"['alopecia', 'scaling']",train
8229210e-a9d7-47bf-b8d9-8e19dc4d9d06,Roboflow,C:\Users\ESSAKKI RAJA T  EV\OneDrive\Desktop\DB PAWPHILE\Dog Skin Disease Dataset.v2i.folder\train\healthy\healthy_train_23_jpg.rf.60ee29a4a0216ad3f2b5cfcf26163d66.jpg,1563,f781bc2b-9bc5-4ad8-8b3f-d8139b08cef1,healthy,healthy,[],disease-level (provisional),research-only,unsupported,train,skin,unknown,C,,0.0,0.0,0.0,0.0,0.0,0.0,0.0,0.0,[],train
ad9518bd-6aed-446a-bb47-9d0f9258481f,Roboflow,C:\Users\ESSAKKI RAJA T  EV\OneDrive\Desktop\DB PAWPHILE\Dog Skin Disease Dataset.v2i.folder\train\hypersensitivity dermatitis\hypersensitivity_80_jpg.rf.0c693098425d7ebcc3bec280c54bd419.jpg,363,95e5bdab-5db8-405c-9285-c26eee6698a8,hypersensitivity dermatitis,hypersensitivity / allergic dermatitis,"[""erythema"", ""lichenification""]",disease-level (provisional),research-only,unsupported,train,skin,unknown,C,,1.0,0.0,0.0,0.0,0.0,0.0,0.0,1.0,"['erythema', 'lichenification']",train
fa46deee-59f0-4b02-a824-bf1c7e576b5b,Roboflow,C:\Users\ESSAKKI RAJA T  EV\OneDrive\Desktop\DB PAWPHILE\Dog Skin Disease Dataset.v2i.folder\train\bacterial dermatosis\bacterial_349_jpg.rf.346ef7bfc522b7d16909d0e13b566856.jpg,898,3a2d86be-dd0c-471c-aad2-25cf029e2fee,bacterial dermatosis,bacterial dermatosis,"[""erythema"", ""pustule"", ""crust""]",disease-level (provisional),research-only,unsupported,train,skin,unknown,C,,1.0,0.0,1.0,0.0,0.0,0.0,1.0,0.0,"['erythema', 'pustule', 'crust']",train
9b2c32a4-1b71-47f9-b685-bb5b849089af,Kaggle,C:\Users\ESSAKKI RAJA T  EV\OneDrive\Desktop\DB PAWPHILE\archive\test\Dermatitis\1000010774_x4_jpg.rf.046aec438ea1d61d4275435f1587ab73.jpg,1801,b95f6df0-e730-43b3-991f-863590fc5459,Dermatitis,nonspecific dermatitis,"[""erythema"", ""scaling""]",disease-level (provisional),research-only,unsupported,test,skin,unknown,C,,1.0,0.0,0.0,1.0,0.0,0.0,0.0,0.0,"['erythema', 'scaling']",train
21a8185b-6f50-4837-8f66-9942eacc9b3d,Roboflow,C:\Users\ESSAKKI RAJA T  EV\OneDrive\Desktop\DB PAWPHILE\Dog Skin Disease Dataset.v2i.folder\test\bacterial dermatosis\bacterial_379_jpg.rf.8a8865761c2eeeb06b11804b99c9d428.jpg,1290,573f073a-1cdb-4458-a126-c8e776e368f7,bacterial dermatosis,bacterial dermatosis,"[""erythema"", ""pustule"", ""crust""]",disease-level (provisional),research-only,unsupported,test,skin,unknown,C,,1.0,0.0,1.0,0.0,0.0,0.0,1.0,0.0,"['erythema', 'pustule', 'crust']",train
c693da68-e016-4732-b803-87d84ca99f0e,Kaggle,C:\Users\ESSAKKI RAJA T  EV\OneDrive\Desktop\DB PAWPHILE\archive\train\ringworm\NEWR20_png_jpg.rf.51dbb6241c888756dc43998f32b62abe.jpg,1948,ee21a6da-3a90-49b7-b7de-644af51edb00,ringworm,fungal infection,"[""alopecia"", ""scaling""]",disease-level (provisional),research-only,unsupported,train,skin,unknown,C,,0.0,1.0,0.0,1.0,0.0,0.0,0.0,0.0,"['alopecia', 'scaling']",train
39c84697-1831-496b-a43f-47ac65cda4c3,Roboflow,C:\Users\ESSAKKI RAJA T  EV\OneDrive\Desktop\DB PAWPHILE\Dog Skin Disease Dataset.v2i.folder\test\healthy\healthy_88_jpg.rf.20aef1e496a407a8e1f066b17701af67.jpg,1131,17cc8ed7-fbd4-4f1b-b686-daa0b22f7146,healthy,healthy,[],disease-level (provisional),research-only,unsupported,test,skin,unknown,C,,0.0,0.0,0.0,0.0,0.0,0.0,0.0,0.0,[],train
bbb1fd54-008a-4dae-b08b-94d3aef2c25e,Kaggle,C:\Users\ESSAKKI RAJA T  EV\OneDrive\Desktop\DB PAWPHILE\archive\test\Fungal_infections\pic26_jpg.rf.5bb18b28b28cede40a7181aff94ca44c.jpg,992,a38f5ae7-0662-40d2-8c5e-afb12bf9c72d,Fungal_infections,fungal infection,"[""alopecia"", ""scaling""]",disease-level (provisional),research-only,unsupported,test,skin,unknown,C,,0.0,1.0,0.0,1.0,0.0,0.0,0.0,0.0,"['alopecia', 'scaling']",train
55bb4a30-7a5c-4d62-8287-b350214e567c,Roboflow,C:\Users\ESSAKKI RAJA T  EV\OneDrive\Desktop\DB PAWPHILE\Dog Skin Disease Dataset.v2i.folder\train\fungal infection\fungal_314_jpg.rf.d943db59f4764e4bfc9a637bdfe339a4.jpg,1172,2dd7c944-15cc-43c2-8206-30d3a71ff9f0,fungal infection,fungal infection,"[""alopecia"", ""scaling""]",disease-level (provisional),research-only,unsupported,train,skin,unknown,C,,0.0,1.0,0.0,1.0,0.0,0.0,0.0,0.0,"['alopecia', 'scaling']",train
3fc49c60-5389-48d1-b1cf-f96e88260f0c,Kaggle,C:\Users\ESSAKKI RAJA T  EV\OneDrive\Desktop\DB PAWPHILE\archive\test\demodicosis\scabies_127_png_jpg.rf.a027c54a57b587dcbeaea164a036319a.jpg,1242,c0813f1c-6a5e-44c3-a3a2-cd4801188eff,demodicosis,demodicosis,"[""alopecia"", ""erythema"", ""crust""]",disease-level (provisional),research-only,unsupported,test,skin,unknown,C,,1.0,1.0,1.0,0.0,0.0,0.0,0.0,0.0,"['alopecia', 'erythema', 'crust']",train
6ad7b6a2-13ca-47ae-bb9b-7f5072aa6865,Roboflow,C:\Users\ESSAKKI RAJA T  EV\OneDrive\Desktop\DB PAWPHILE\Dog Skin Disease Dataset.v2i.folder\train\hypersensitivity dermatitis\hypersensitivity_99_jpg.rf.abaab39d542f70a5a740f022ba131728.jpg,1462,96e1ce2f-3996-4108-b029-d0c51633b7a8,hypersensitivity dermatitis,hypersensitivity / allergic dermatitis,"[""erythema"", ""lichenification""]",disease-level (provisional),research-only,unsupported,train,skin,unknown,C,,1.0,0.0,0.0,0.0,0.0,0.0,0.0,1.0,"['erythema', 'lichenification']",train
e4cc3cdb-63eb-4933-bfe8-9f53b4d299f6,Kaggle,C:\Users\ESSAKKI RAJA T  EV\OneDrive\Desktop\DB PAWPHILE\archive\train\Dermatitis\HOT-SPOT-IN-DOG-HOW-vet-treated-symptom-prevention_-flea-bite-moist-eczema_dog-itching-000497_png_jpg.rf.2899deb142de22de1732d25805e1a084.jpg,257,1a431ae6-45ff-4fb5-ba2b-ef792f2bdf8d,Dermatitis,nonspecific dermatitis,"[""erythema"", ""scaling""]",disease-level (provisional),research-only,unsupported,train,skin,unknown,C,,1.0,0.0,0.0,1.0,0.0,0.0,0.0,0.0,"['erythema', 'scaling']",train
2122b734-4a51-40c0-a22a-09e5c14f2344,Roboflow,C:\Users\ESSAKKI RAJA T  EV\OneDrive\Desktop\DB PAWPHILE\Dog Skin Disease Dataset.v2i.folder\train\hypersensitivity dermatitis\hypersensitivity_45_jpg.rf.2155cc40d2bf14d4fa4163607fd9bce6.jpg,844,9ed7ecf0-7bff-44b7-8fc2-777f81cecfa3,hypersensitivity dermatitis,hypersensitivity / allergic dermatitis,"[""erythema"", ""lichenification""]",disease-level (provisional),research-only,unsupported,train,skin,unknown,C,,1.0,0.0,0.0,0.0,0.0,0.0,0.0,1.0,"['erythema', 'lichenification']",train
6d627afa-2ae8-49f0-abc2-07522c308b4d,Kaggle,C:\Users\ESSAKKI RAJA T  EV\OneDrive\Desktop\DB PAWPHILE\archive\valid\Fungal_infections\Fungal_Image_2_jpg.rf.a685f2124d40ac9f34d19150edd0c503.jpg,1418,e3b0847f-68f0-4693-a92e-184891ae9ba7,Fungal_infections,fungal infection,"[""alopecia"", ""scaling""]",disease-level (provisional),research-only,unsupported,valid,skin,unknown,C,,0.0,1.0,0.0,1.0,0.0,0.0,0.0,0.0,"['alopecia', 'scaling']",train
56d37f35-8789-4150-b010-8f1ea5e7648a,Kaggle,C:\Users\ESSAKKI RAJA T  EV\OneDrive\Desktop\DB PAWPHILE\archive\valid\Dermatitis\May-is-allergy-awareness-month-here-at-The-Shot-Spot_01663_jpg.rf.ed27b8f0afef045595d06f1336d3e6cd.jpg,492,22d39db1-c2f6-412d-992f-9b097f9275e2,Dermatitis,nonspecific dermatitis,"[""erythema"", ""scaling""]",disease-level (provisional),research-only,unsupported,valid,skin,unknown,C,,1.0,0.0,0.0,1.0,0.0,0.0,0.0,0.0,"['erythema', 'scaling']",train
5b8d7f8f-7448-4d15-b3e4-3b28a55891b7,Kaggle,C:\Users\ESSAKKI RAJA T  EV\OneDrive\Desktop\DB PAWPHILE\archive\test\ringworm\436886639_984826669663928_3052914574866382434_n_jpg.rf.203715a6aff86e14225182aa4900dfac.jpg,1602,629f2913-ae95-49d2-8f9e-181324b2d381,ringworm,fungal infection,"[""alopecia"", ""scaling""]",disease-level (provisional),research-only,unsupported,test,skin,unknown,C,,0.0,1.0,0.0,1.0,0.0,0.0,0.0,0.0,"['alopecia', 'scaling']",train
651dd88d-6c86-4421-b728-6946f1a98d5c,Roboflow,C:\Users\ESSAKKI RAJA T  EV\OneDrive\Desktop\DB PAWPHILE\Dog Skin Disease Dataset.v2i.folder\valid\fungal infection\fungal_11_jpg.rf.e1342327094d7ebcf227b4dd3dcb37a0.jpg,1768,43ad9ce1-056e-4af9-8dba-6376a7e29b97,fungal infection,fungal infection,"[""alopecia"", ""scaling""]",disease-level (provisional),research-only,unsupported,valid,skin,unknown,C,,0.0,1.0,0.0,1.0,0.0,0.0,0.0,0.0,"['alopecia', 'scaling']",train
2546c335-d757-4058-901b-8fd23e2fbfe6,Roboflow,C:\Users\ESSAKKI RAJA T  EV\OneDrive\Desktop\DB PAWPHILE\Dog Skin Disease Dataset.v2i.folder\train\bacterial dermatosis\bacterial_262_jpg.rf.100e2259a8babe377c31d779380213b7.jpg,513,974dfaba-a5ef-4a89-ae68-44428a94cfdc,bacterial dermatosis,bacterial dermatosis,"[""erythema"", ""pustule"", ""crust""]",disease-level (provisional),research-only,unsupported,train,skin,unknown,C,,1.0,0.0,1.0,0.0,0.0,0.0,1.0,0.0,"['erythema', 'pustule', 'crust']",train
62bc43bc-b730-4ccd-9c73-e13b3689c011,Kaggle,C:\Users\ESSAKKI RAJA T  EV\OneDrive\Desktop\DB PAWPHILE\archive\valid\ringworm\NEWR58_jpeg_jpg.rf.2a883b97cf6e133ffbe2f9f385c009d7.jpg,517,e2650fd2-88f2-4f8e-a52b-7cf09eb18f18,ringworm,fungal infection,"[""alopecia"", ""scaling""]",disease-level (provisional),research-only,unsupported,valid,skin,unknown,C,,0.0,1.0,0.0,1.0,0.0,0.0,0.0,0.0,"['alopecia', 'scaling']",train
52f45bb7-8ee0-40f5-804c-5d80bca48299,Kaggle,C:\Users\ESSAKKI RAJA T  EV\OneDrive\Desktop\DB PAWPHILE\archive\train\Dermatitis\1000010725_x16_jpg.rf.27496930951b86fce74ca59e16ed2278.jpg,826,c7278731-cf08-4279-b680-0d71c52e605a,Dermatitis,nonspecific dermatitis,"[""erythema"", ""scaling""]",disease-level (provisional),research-only,unsupported,train,skin,unknown,C,,1.0,0.0,0.0,1.0,0.0,0.0,0.0,0.0,"['erythema', 'scaling']",train
031f52a8-2067-4595-9054-279cf17310d1,Kaggle,C:\Users\ESSAKKI RAJA T  EV\OneDrive\Desktop\DB PAWPHILE\archive\test\ringworm\436768273_980032929718301_6354120843627540406_n_jpg.rf.6a034996fe80778a280e482b5e23ead2.jpg,505,d827997a-aad9-43fb-ae82-19d1935896ad,ringworm,fungal infection,"[""alopecia"", ""scaling""]",disease-level (provisional),research-only,unsupported,test,skin,unknown,C,,0.0,1.0,0.0,1.0,0.0,0.0,0.0,0.0,"['alopecia', 'scaling']",train
b6b73d6f-54da-4c39-81a8-e87d663d0867,Kaggle,C:\Users\ESSAKKI RAJA T  EV\OneDrive\Desktop\DB PAWPHILE\archive\test\ringworm\Day-4-of-ringworm-treatment_00431_jpg.rf.1266ed55b6a4bf323f7e0cc6be3ec006.jpg,872,f8d1293c-4f44-478f-8f4b-39f8759252fe,ringworm,fungal infection,"[""alopecia"", ""scaling""]",disease-level (provisional),research-only,unsupported,test,skin,unknown,C,,0.0,1.0,0.0,1.0,0.0,0.0,0.0,0.0,"['alopecia', 'scaling']",train
a9efa75e-8007-43a9-bfec-502d2eb65906,Kaggle,C:\Users\ESSAKKI RAJA T  EV\OneDrive\Desktop\DB PAWPHILE\archive\test\Hypersensitivity\Hypersensitivity_image_3_jpg.rf.62ee0427f4b56dd94110629e91a0eae1.jpg,578,0ece7856-99a9-46b4-9a67-b57c21343e6f,Hypersensitivity,hypersensitivity / allergic dermatitis,"[""erythema"", ""lichenification""]",disease-level (provisional),research-only,unsupported,test,skin,unknown,C,,1.0,0.0,0.0,0.0,0.0,0.0,0.0,1.0,"['erythema', 'lichenification']",train
89a6e6da-0144-4f12-871f-0754acc7c9a7,Kaggle,C:\Users\ESSAKKI RAJA T  EV\OneDrive\Desktop\DB PAWPHILE\archive\valid\demodicosis\1-16-_png_jpg.rf.777e185d5cfe0474abfe2ad555b0e7c7.jpg,637,d7de618f-862c-45bb-b1c2-7cae908bd975,demodicosis,demodicosis,"[""alopecia"", ""erythema"", ""crust""]",disease-level (provisional),research-only,unsupported,valid,skin,unknown,C,,1.0,1.0,1.0,0.0,0.0,0.0,0.0,0.0,"['alopecia', 'erythema', 'crust']",train
f75d16c3-dc1d-4ed9-b929-cb45f29e0b84,Roboflow,C:\Users\ESSAKKI RAJA T  EV\OneDrive\Desktop\DB PAWPHILE\Dog Skin Disease Dataset.v2i.folder\train\hypersensitivity dermatitis\hypersensitivity_19_jpg.rf.cb2145e4c14eef96ac6fa0366b8efd48.jpg,1054,53c7e1f2-f516-4b0e-b262-a2d0f56653da,hypersensitivity dermatitis,hypersensitivity / allergic dermatitis,"[""erythema"", ""lichenification""]",disease-level (provisional),research-only,unsupported,train,skin,unknown,C,,1.0,0.0,0.0,0.0,0.0,0.0,0.0,1.0,"['erythema', 'lichenification']",train
da7bce56-0c5c-4657-b06e-7664882fa260,Roboflow,C:\Users\ESSAKKI RAJA T  EV\OneDrive\Desktop\DB PAWPHILE\Dog Skin Disease Dataset.v2i.folder\train\bacterial dermatosis\bacterial_201_jpg.rf.aff57008b977a02f9814e0168d2a7eb5.jpg,482,b071c384-6bb5-40eb-a812-2a7b3a33d858,bacterial dermatosis,bacterial dermatosis,"[""erythema"", ""pustule"", ""crust""]",disease-level (provisional),research-only,unsupported,train,skin,unknown,C,,1.0,0.0,1.0,0.0,0.0,0.0,1.0,0.0,"['erythema', 'pustule', 'crust']",train
95438a53-dccc-4ce5-947f-339636ffc0c2,Roboflow,C:\Users\ESSAKKI RAJA T  EV\OneDrive\Desktop\DB PAWPHILE\Dog Skin Disease Dataset.v2i.folder\valid\hypersensitivity dermatitis\hypersensitivity_106_jpg.rf.0996131863fada3a660032e4ccd1885c.jpg,1746,ff6f4d5b-2799-4b7d-94fa-374137f49909,hypersensitivity dermatitis,hypersensitivity / allergic dermatitis,"[""erythema"", ""lichenification""]",disease-level (provisional),research-only,unsupported,valid,skin,unknown,C,,1.0,0.0,0.0,0.0,0.0,0.0,0.0,1.0,"['erythema', 'lichenification']",train
5dfd79a0-c80a-42dc-b134-6cb4a1d66265,Roboflow,C:\Users\ESSAKKI RAJA T  EV\OneDrive\Desktop\DB PAWPHILE\Dog Skin Disease Dataset.v2i.folder\train\fungal infection\fungal_138_jpg.rf.457e746a3f2ebd5b56a05c5fa0f89c7e.jpg,321,4ae12eb5-77b4-47b3-a914-539d4d2c8160,fungal infection,fungal infection,"[""alopecia"", ""scaling""]",disease-level (provisional),research-only,unsupported,train,skin,unknown,C,,0.0,1.0,0.0,1.0,0.0,0.0,0.0,0.0,"['alopecia', 'scaling']",train
c3751fda-bf8c-4c82-ae6b-f9767c577d68,Roboflow,C:\Users\ESSAKKI RAJA T  EV\OneDrive\Desktop\DB PAWPHILE\Dog Skin Disease Dataset.v2i.folder\valid\healthy\healthy_161_jpg.rf.9b4dcf265fb89cb75ab8a9b2b809ce2f.jpg,868,d9e538e3-4780-468c-a9a7-02f92561c1f3,healthy,healthy,[],disease-level (provisional),research-only,unsupported,valid,skin,unknown,C,,0.0,0.0,0.0,0.0,0.0,0.0,0.0,0.0,[],train
db8416f1-0353-4739-a9aa-5b9d67279a4e,Kaggle,C:\Users\ESSAKKI RAJA T  EV\OneDrive\Desktop\DB PAWPHILE\archive\test\Fungal_infections\FUNGAL-INFECTION_021_jpg.rf.b01636d61fbd534fbc16393b233cce54.jpg,1003,450b226c-b6a5-405f-af55-36891655ef1a,Fungal_infections,fungal infection,"[""alopecia"", ""scaling""]",disease-level (provisional),research-only,unsupported,test,skin,unknown,C,,0.0,1.0,0.0,1.0,0.0,0.0,0.0,0.0,"['alopecia', 'scaling']",train
ab6a7189-cf52-4ad7-90fb-907a14862925,Kaggle,C:\Users\ESSAKKI RAJA T  EV\OneDrive\Desktop\DB PAWPHILE\archive\test\Healthy\HEALTHY_055_jpg.rf.f1bd033bf5b9222172330c1854be791b.jpg,841,c7786a95-833b-41e2-964c-5a32ca5b2501,Healthy,healthy,[],disease-level (provisional),research-only,unsupported,test,skin,unknown,C,,0.0,0.0,0.0,0.0,0.0,0.0,0.0,0.0,[],train
fdd90953-6e2f-4636-b28a-4351994e650f,Roboflow,C:\Users\ESSAKKI RAJA T  EV\OneDrive\Desktop\DB PAWPHILE\Dog Skin Disease Dataset.v2i.folder\valid\bacterial dermatosis\bacterial_375_jpg.rf.ed78bd125d520618f614350f604547a9.jpg,422,eae009ed-d9cd-46e7-8bf1-ceca7e20423f,bacterial dermatosis,bacterial dermatosis,"[""erythema"", ""pustule"", ""crust""]",disease-level (provisional),research-only,unsupported,valid,skin,unknown,C,,1.0,0.0,1.0,0.0,0.0,0.0,1.0,0.0,"['erythema', 'pustule', 'crust']",train
37d886ca-7cb6-4651-87d2-9e368771911c,Kaggle,C:\Users\ESSAKKI RAJA T  EV\OneDrive\Desktop\DB PAWPHILE\archive\valid\demodicosis\2024-05-13-165207_jpg.rf.0e46ff6750b211ff2e05ee6fb984aac1.jpg,592,1160abb6-e62b-44f9-862d-387bc231b816,demodicosis,demodicosis,"[""alopecia"", ""erythema"", ""crust""]",disease-level (provisional),research-only,unsupported,valid,skin,unknown,C,,1.0,1.0,1.0,0.0,0.0,0.0,0.0,0.0,"['alopecia', 'erythema', 'crust']",train
24362965-9c70-43e8-94e7-4373c1028d91,Roboflow,C:\Users\ESSAKKI RAJA T  EV\OneDrive\Desktop\DB PAWPHILE\Dog Skin Disease Dataset.v2i.folder\train\fungal infection\fungal_223_jpg.rf.a96fda99a9ec3ef65ca4036a16db26b2.jpg,1550,0ecf70da-9a09-4617-a11c-4bf2b967f301,fungal infection,fungal infection,"[""alopecia"", ""scaling""]",disease-level (provisional),research-only,unsupported,train,skin,unknown,C,,0.0,1.0,0.0,1.0,0.0,0.0,0.0,0.0,"['alopecia', 'scaling']",train
04a0e47e-a259-41ca-918f-026354347495,Kaggle,C:\Users\ESSAKKI RAJA T  EV\OneDrive\Desktop\DB PAWPHILE\archive\test\ringworm\436638693_826239035984778_764987017093970170_n_jpg.rf.f9887b8a564728b3023a81ae1640556c.jpg,133,d2491a55-c82f-4bde-ba85-59fbf79290f4,ringworm,fungal infection,"[""alopecia"", ""scaling""]",disease-level (provisional),research-only,unsupported,test,skin,unknown,C,,0.0,1.0,0.0,1.0,0.0,0.0,0.0,0.0,"['alopecia', 'scaling']",train
fc131480-e21b-4694-bb2e-3d006cb6f5f3,Roboflow,C:\Users\ESSAKKI RAJA T  EV\OneDrive\Desktop\DB PAWPHILE\Dog Skin Disease Dataset.v2i.folder\train\bacterial dermatosis\bacterial_169_jpg.rf.52fa4e37b0f99b24b25c0d8fa0036255.jpg,827,972b1664-2f72-4833-b3cb-b0b6835e9de2,bacterial dermatosis,bacterial dermatosis,"[""erythema"", ""pustule"", ""crust""]",disease-level (provisional),research-only,unsupported,train,skin,unknown,C,,1.0,0.0,1.0,0.0,0.0,0.0,1.0,0.0,"['erythema', 'pustule', 'crust']",train
bc03890c-3e90-444b-ac1d-b637c55d04c6,Kaggle,C:\Users\ESSAKKI RAJA T  EV\OneDrive\Desktop\DB PAWPHILE\archive\test\demodicosis\1-6-_png_jpg.rf.5b1b0274c639d0ef954ca0ca6e5975c4.jpg,672,9641c1bb-7e0a-4276-80d5-91d7d81459fc,demodicosis,demodicosis,"[""alopecia"", ""erythema"", ""crust""]",disease-level (provisional),research-only,unsupported,test,skin,unknown,C,,1.0,1.0,1.0,0.0,0.0,0.0,0.0,0.0,"['alopecia', 'erythema', 'crust']",train
4626bc4c-2040-4785-a2f9-d8c82c2c5f15,Roboflow,C:\Users\ESSAKKI RAJA T  EV\OneDrive\Desktop\DB PAWPHILE\Dog Skin Disease Dataset.v2i.folder\valid\fungal infection\fungal_inf_3_jpg.rf.d56b8ee1019f6b2c0648bc1de4376272.jpg,1542,e158543a-95f9-4176-951b-433c533c842d,fungal infection,fungal infection,"[""alopecia"", ""scaling""]",disease-level (provisional),research-only,unsupported,valid,skin,unknown,C,,0.0,1.0,0.0,1.0,0.0,0.0,0.0,0.0,"['alopecia', 'scaling']",train
707eb915-7564-489b-8721-d6c037a5bb4d,Kaggle,C:\Users\ESSAKKI RAJA T  EV\OneDrive\Desktop\DB PAWPHILE\archive\train\ringworm\WIN_20240514_17_29_33_Pro-2-_jpg.rf.36347b05eab05eadf1ecf9f4ace23580.jpg,334,8344789b-495b-41f1-9bd7-6e050e7f3350,ringworm,fungal infection,"[""alopecia"", ""scaling""]",disease-level (provisional),research-only,unsupported,train,skin,unknown,C,,0.0,1.0,0.0,1.0,0.0,0.0,0.0,0.0,"['alopecia', 'scaling']",train
85d17392-d996-4da2-9477-85bd71e79deb,Roboflow,C:\Users\ESSAKKI RAJA T  EV\OneDrive\Desktop\DB PAWPHILE\Dog Skin Disease Dataset.v2i.folder\train\healthy\healthy_218_jpg.rf.c9bc7e22fe03d2de6d296901cbf261b4.jpg,230,a9383639-7cba-400c-a4c2-045d42031a15,healthy,healthy,[],disease-level (provisional),research-only,unsupported,train,skin,unknown,C,,0.0,0.0,0.0,0.0,0.0,0.0,0.0,0.0,[],train
a5f71349-eab4-4165-830c-d68dd1d50cfa,Roboflow,C:\Users\ESSAKKI RAJA T  EV\OneDrive\Desktop\DB PAWPHILE\Dog Skin Disease Dataset.v2i.folder\train\hypersensitivity dermatitis\hypersensitivity_78_jpg.rf.67ff329a037229050e706993d898e2a5.jpg,1816,2846d057-293d-4718-a96d-552284505397,hypersensitivity dermatitis,hypersensitivity / allergic dermatitis,"[""erythema"", ""lichenification""]",disease-level (provisional),research-only,unsupported,train,skin,unknown,C,,1.0,0.0,0.0,0.0,0.0,0.0,0.0,1.0,"['erythema', 'lichenification']",train
169c8060-6ce8-4df7-a9cf-710a15f4dd1b,Roboflow,C:\Users\ESSAKKI RAJA T  EV\OneDrive\Desktop\DB PAWPHILE\Dog Skin Disease Dataset.v2i.folder\train\fungal infection\fungal_199_jpg.rf.5b66512b0dd6fd6c08262c9c4f1ff2ee.jpg,1544,a424bbdb-61b7-4729-bfff-f787c29d67f0,fungal infection,fungal infection,"[""alopecia"", ""scaling""]",disease-level (provisional),research-only,unsupported,train,skin,unknown,C,,0.0,1.0,0.0,1.0,0.0,0.0,0.0,0.0,"['alopecia', 'scaling']",train
29ae8b88-c1c5-491a-a901-4a959ba78746,Roboflow,C:\Users\ESSAKKI RAJA T  EV\OneDrive\Desktop\DB PAWPHILE\Dog Skin Disease Dataset.v2i.folder\train\bacterial dermatosis\bacterial_16_jpg.rf.50c5eb6dfc7623a04d95b3fc3bcf5509.jpg,1078,edf9b223-766f-4eff-a4b0-9bbf53da77aa,bacterial dermatosis,bacterial dermatosis,"[""erythema"", ""pustule"", ""crust""]",disease-level (provisional),research-only,unsupported,train,skin,unknown,C,,1.0,0.0,1.0,0.0,0.0,0.0,1.0,0.0,"['erythema', 'pustule', 'crust']",train
56e3dedc-e1a7-4085-9123-afefb12b5d96,Roboflow,C:\Users\ESSAKKI RAJA T  EV\OneDrive\Desktop\DB PAWPHILE\Dog Skin Disease Dataset.v2i.folder\train\hypersensitivity dermatitis\hypersensitivity_208_jpg.rf.7aab5bbfce87ec550137ef3198970dfc.jpg,1020,03935b3b-339f-4037-89de-a33af5f1848e,hypersensitivity dermatitis,hypersensitivity / allergic dermatitis,"[""erythema"", ""lichenification""]",disease-level (provisional),research-only,unsupported,train,skin,unknown,C,,1.0,0.0,0.0,0.0,0.0,0.0,0.0,1.0,"['erythema', 'lichenification']",train
403d5881-2963-41e2-8e56-e9d6de47720e,Roboflow,C:\Users\ESSAKKI RAJA T  EV\OneDrive\Desktop\DB PAWPHILE\Dog Skin Disease Dataset.v2i.folder\valid\fungal infection\fungal_123_jpg.rf.5c5a60303e51ca4f40f3fefa09b0d1bb.jpg,766,4392595a-533a-4c99-9f19-a7d6343d3960,fungal infection,fungal infection,"[""alopecia"", ""scaling""]",disease-level (provisional),research-only,unsupported,valid,skin,unknown,C,,0.0,1.0,0.0,1.0,0.0,0.0,0.0,0.0,"['alopecia', 'scaling']",train
71ad4004-8e99-4400-8e45-9a1d44288b84,Kaggle,C:\Users\ESSAKKI RAJA T  EV\OneDrive\Desktop\DB PAWPHILE\archive\valid\Dermatitis\May-is-allergy-awareness-month-here-at-The-Shot-Spot_01387_jpg.rf.422cf3bb6ccd462b6ffa1385d8b87c80.jpg,724,f598c954-d6fe-4c4e-9d17-4de9cdbcf5dd,Dermatitis,nonspecific dermatitis,"[""erythema"", ""scaling""]",disease-level (provisional),research-only,unsupported,valid,skin,unknown,C,,1.0,0.0,0.0,1.0,0.0,0.0,0.0,0.0,"['erythema', 'scaling']",train
c5c2868d-b248-4189-a409-afd35abed609,Kaggle,C:\Users\ESSAKKI RAJA T  EV\OneDrive\Desktop\DB PAWPHILE\archive\train\Dermatitis\HOT-SPOT-IN-DOG-HOW-vet-treated-symptom-prevention_-flea-bite-moist-eczema_dog-itching-000477_png_jpg.rf.32a93274d759395679581871a6d5c71c.jpg,1289,e5ec47b7-0098-44f1-b8ee-abbf9345dea1,Dermatitis,nonspecific dermatitis,"[""erythema"", ""scaling""]",disease-level (provisional),research-only,unsupported,train,skin,unknown,C,,1.0,0.0,0.0,1.0,0.0,0.0,0.0,0.0,"['erythema', 'scaling']",train
159f5356-4eaf-478a-b815-a3cd3feec4e2,Roboflow,C:\Users\ESSAKKI RAJA T  EV\OneDrive\Desktop\DB PAWPHILE\Dog Skin Disease Dataset.v2i.folder\valid\fungal infection\fungal_318_jpg.rf.e2b28d78c4bdf0c7199f85b448ede52b.jpg,480,b051d866-e63c-47ab-b3cc-205383524d90,fungal infection,fungal infection,"[""alopecia"", ""scaling""]",disease-level (provisional),research-only,unsupported,valid,skin,unknown,C,,0.0,1.0,0.0,1.0,0.0,0.0,0.0,0.0,"['alopecia', 'scaling']",train
7f022d6d-4bb1-40e2-9f7d-37afc0497768,Kaggle,C:\Users\ESSAKKI RAJA T  EV\OneDrive\Desktop\DB PAWPHILE\archive\test\demodicosis\2024-05-13-162429_jpg.rf.47b40331204c428aa3a8b30b3729de40.jpg,684,8d2a28fa-5500-4654-81c1-4041095e5387,demodicosis,demodicosis,"[""alopecia"", ""erythema"", ""crust""]",disease-level (provisional),research-only,unsupported,test,skin,unknown,C,,1.0,1.0,1.0,0.0,0.0,0.0,0.0,0.0,"['alopecia', 'erythema', 'crust']",train
e0df356c-619c-4f3f-a962-29d01070f30f,Roboflow,C:\Users\ESSAKKI RAJA T  EV\OneDrive\Desktop\DB PAWPHILE\Dog Skin Disease Dataset.v2i.folder\test\bacterial dermatosis\bacterial_399_jpg.rf.95a2645a57427ebc5870579495d9dad5.jpg,591,1b45f402-d109-4de7-8742-caab4dfd56f8,bacterial dermatosis,bacterial dermatosis,"[""erythema"", ""pustule"", ""crust""]",disease-level (provisional),research-only,unsupported,test,skin,unknown,C,,1.0,0.0,1.0,0.0,0.0,0.0,1.0,0.0,"['erythema', 'pustule', 'crust']",train
def4c1f4-a332-4053-add7-b3499bf8029b,Kaggle,C:\Users\ESSAKKI RAJA T  EV\OneDrive\Desktop\DB PAWPHILE\archive\valid\Hypersensitivity\B9781416056638000070_f007-019-9781416056638_jpg.rf.149a908fb31828da34245b971f9afee0.jpg,565,8c1a9842-ea38-49ed-872d-73215faa824a,Hypersensitivity,hypersensitivity / allergic dermatitis,"[""erythema"", ""lichenification""]",disease-level (provisional),research-only,unsupported,valid,skin,unknown,C,,1.0,0.0,0.0,0.0,0.0,0.0,0.0,1.0,"['erythema', 'lichenification']",train
48abdf91-4d14-4e0c-93ea-e8dc1fe05f84,Kaggle,C:\Users\ESSAKKI RAJA T  EV\OneDrive\Desktop\DB PAWPHILE\archive\valid\Dermatitis\1000010607_x4_jpg.rf.7353c6a0edf7ec0660cc48dbd8457bc3.jpg,717,31e336a2-e037-434d-84c7-cd3ad44e6866,Dermatitis,nonspecific dermatitis,"[""erythema"", ""scaling""]",disease-level (provisional),research-only,unsupported,valid,skin,unknown,C,,1.0,0.0,0.0,1.0,0.0,0.0,0.0,0.0,"['erythema', 'scaling']",train
7480061d-42f5-4410-9eb6-afd8e5a0aec1,Roboflow,C:\Users\ESSAKKI RAJA T  EV\OneDrive\Desktop\DB PAWPHILE\Dog Skin Disease Dataset.v2i.folder\valid\fungal infection\fungal_24_jpg.rf.83023801a2bde5990feffee63c9cc6a1.jpg,807,1e30653e-5c11-43a2-8bbe-78a5a50f2a8a,fungal infection,fungal infection,"[""alopecia"", ""scaling""]",disease-level (provisional),research-only,unsupported,valid,skin,unknown,C,,0.0,1.0,0.0,1.0,0.0,0.0,0.0,0.0,"['alopecia', 'scaling']",train
6ff59618-f72c-4039-ac22-9b6749af663c,Kaggle,C:\Users\ESSAKKI RAJA T  EV\OneDrive\Desktop\DB PAWPHILE\archive\valid\ringworm\WIN_20240514_17_43_37_Pro_jpg.rf.5710855873c99ca0a41701f7cc4a451f.jpg,584,f47b5fee-130e-42d0-b6bf-c480094791e4,ringworm,fungal infection,"[""alopecia"", ""scaling""]",disease-level (provisional),research-only,unsupported,valid,skin,unknown,C,,0.0,1.0,0.0,1.0,0.0,0.0,0.0,0.0,"['alopecia', 'scaling']",train
e40461ee-5fba-4636-af45-55a671a70e09,Roboflow,C:\Users\ESSAKKI RAJA T  EV\OneDrive\Desktop\DB PAWPHILE\Dog Skin Disease Dataset.v2i.folder\valid\fungal infection\fungal_353_jpg.rf.4802447690f7e84ef33debba829928ab.jpg,1446,d85b7383-b4b6-4b62-8b84-9c6874f29198,fungal infection,fungal infection,"[""alopecia"", ""scaling""]",disease-level (provisional),research-only,unsupported,valid,skin,unknown,C,,0.0,1.0,0.0,1.0,0.0,0.0,0.0,0.0,"['alopecia', 'scaling']",train
8e0163d4-d624-4592-82ad-466a873622d9,Kaggle,C:\Users\ESSAKKI RAJA T  EV\OneDrive\Desktop\DB PAWPHILE\archive\valid\ringworm\ringworm-32-_jpg.rf.10ae4fa785adbe6fbaf846811b250d8e.jpg,344,02c15fe0-16e2-40ba-b23b-e5dcb2a77227,ringworm,fungal infection,"[""alopecia"", ""scaling""]",disease-level (provisional),research-only,unsupported,valid,skin,unknown,C,,0.0,1.0,0.0,1.0,0.0,0.0,0.0,0.0,"['alopecia', 'scaling']",train
409ba8c3-7518-4337-aa78-b21e54b37643,Kaggle,C:\Users\ESSAKKI RAJA T  EV\OneDrive\Desktop\DB PAWPHILE\archive\test\Healthy\dogs_163_jpg.rf.c5dec32a22b63d69c9953ed43b9e8cff.jpg,848,35e53d6d-b5cd-4a14-b298-1a16f7454670,Healthy,healthy,[],disease-level (provisional),research-only,unsupported,test,skin,unknown,C,,0.0,0.0,0.0,0.0,0.0,0.0,0.0,0.0,[],train
cf5789af-37a6-4808-b6a7-088f61d7d842,Roboflow,C:\Users\ESSAKKI RAJA T  EV\OneDrive\Desktop\DB PAWPHILE\Dog Skin Disease Dataset.v2i.folder\test\fungal infection\fungal_214_jpg.rf.2159fb12dcd68f1bede2235f5c76ab16.jpg,460,50eb9ae9-803b-4b82-8991-cf72c935e216,fungal infection,fungal infection,"[""alopecia"", ""scaling""]",disease-level (provisional),research-only,unsupported,test,skin,unknown,C,,0.0,1.0,0.0,1.0,0.0,0.0,0.0,0.0,"['alopecia', 'scaling']",train
abe507a9-e34f-4193-8eb4-f602d3cea71f,Roboflow,C:\Users\ESSAKKI RAJA T  EV\OneDrive\Desktop\DB PAWPHILE\Dog Skin Disease Dataset.v2i.folder\valid\hypersensitivity dermatitis\hypersensitivity_409_jpg.rf.a8cfa710411d5f930aadc0d1d71babc6.jpg,905,8f00019a-5463-4c0e-a5e2-bb0baee4963b,hypersensitivity dermatitis,hypersensitivity / allergic dermatitis,"[""erythema"", ""lichenification""]",disease-level (provisional),research-only,unsupported,valid,skin,unknown,C,,1.0,0.0,0.0,0.0,0.0,0.0,0.0,1.0,"['erythema', 'lichenification']",train
2cb062d7-3fb3-43e1-bc27-c0dc80e48296,Roboflow,C:\Users\ESSAKKI RAJA T  EV\OneDrive\Desktop\DB PAWPHILE\Dog Skin Disease Dataset.v2i.folder\train\fungal infection\fungal_291_jpg.rf.0de37ea9b0edff2a13a5c1653549ab6d.jpg,1460,71ab4f77-54aa-4a62-b76e-cc9fc6f5ccbd,fungal infection,fungal infection,"[""alopecia"", ""scaling""]",disease-level (provisional),research-only,unsupported,train,skin,unknown,C,,0.0,1.0,0.0,1.0,0.0,0.0,0.0,0.0,"['alopecia', 'scaling']",train
e87c44df-fe15-48f5-a40c-3bf2d5997ee7,Kaggle,C:\Users\ESSAKKI RAJA T  EV\OneDrive\Desktop\DB PAWPHILE\archive\valid\Healthy\dogs_113_jpg.rf.94d146bef3c79faa2590857dd7d033f8.jpg,959,b96e2aeb-4240-4fa3-af1c-bbbe1c3a4fb6,Healthy,healthy,[],disease-level (provisional),research-only,unsupported,valid,skin,unknown,C,,0.0,0.0,0.0,0.0,0.0,0.0,0.0,0.0,[],train
c5c3023c-bf61-466b-9e84-1cc8d0e502ef,Roboflow,C:\Users\ESSAKKI RAJA T  EV\OneDrive\Desktop\DB PAWPHILE\Dog Skin Disease Dataset.v2i.folder\train\hypersensitivity dermatitis\hypersensitivity_368_jpg.rf.da7441fb7dab04976d0e184491dba3f0.jpg,1202,a7dc8344-d90f-4197-9999-fe795d0b2e03,hypersensitivity dermatitis,hypersensitivity / allergic dermatitis,"[""erythema"", ""lichenification""]",disease-level (provisional),research-only,unsupported,train,skin,unknown,C,,1.0,0.0,0.0,0.0,0.0,0.0,0.0,1.0,"['erythema', 'lichenification']",train
92c15105-5aa2-497c-b830-3bf528a565e6,Kaggle,C:\Users\ESSAKKI RAJA T  EV\OneDrive\Desktop\DB PAWPHILE\archive\train\demodicosis\scabies_117_png_jpg.rf.8c3d72330e62b3a065cd28949f5b5c4f.jpg,1422,80f4a864-2d9a-4252-b976-19fe0f93392e,demodicosis,demodicosis,"[""alopecia"", ""erythema"", ""crust""]",disease-level (provisional),research-only,unsupported,train,skin,unknown,C,,1.0,1.0,1.0,0.0,0.0,0.0,0.0,0.0,"['alopecia', 'erythema', 'crust']",train
25cadfce-991c-40c3-acdf-7de05a7a6aa9,Kaggle,C:\Users\ESSAKKI RAJA T  EV\OneDrive\Desktop\DB PAWPHILE\archive\valid\Hypersensitivity\B9781416056638000070_f007-030-9781416056638_jpg.rf.1d9e31abb0f845e84d36916ee28711d8.jpg,560,3b36f951-1a05-4494-9992-e48c6f1a9c1d,Hypersensitivity,hypersensitivity / allergic dermatitis,"[""erythema"", ""lichenification""]",disease-level (provisional),research-only,unsupported,valid,skin,unknown,C,,1.0,0.0,0.0,0.0,0.0,0.0,0.0,1.0,"['erythema', 'lichenification']",train
291b91bd-aa10-4b19-8284-47d3fa632058,Kaggle,C:\Users\ESSAKKI RAJA T  EV\OneDrive\Desktop\DB PAWPHILE\archive\valid\demodicosis\1-67-_png_jpg.rf.4f04a1c72878e3cc0e0a5938e58ec504.jpg,982,77ea39f0-d32a-4403-a147-c142b2397d16,demodicosis,demodicosis,"[""alopecia"", ""erythema"", ""crust""]",disease-level (provisional),research-only,unsupported,valid,skin,unknown,C,,1.0,1.0,1.0,0.0,0.0,0.0,0.0,0.0,"['alopecia', 'erythema', 'crust']",train
931ea6d4-6208-436b-a926-3b085dcc671a,Kaggle,C:\Users\ESSAKKI RAJA T  EV\OneDrive\Desktop\DB PAWPHILE\archive\test\demodicosis\D105_png_jpg.rf.0f3921d4001740ddba7fa098b77a1bc5.jpg,379,7b656090-c2d3-47fe-8767-0d04a394c3be,demodicosis,demodicosis,"[""alopecia"", ""erythema"", ""crust""]",disease-level (provisional),research-only,unsupported,test,skin,unknown,C,,1.0,1.0,1.0,0.0,0.0,0.0,0.0,0.0,"['alopecia', 'erythema', 'crust']",train
5837b533-ca7f-4d04-8078-ca63049ac925,Roboflow,C:\Users\ESSAKKI RAJA T  EV\OneDrive\Desktop\DB PAWPHILE\Dog Skin Disease Dataset.v2i.folder\train\fungal infection\fungal_inf_30_jpg.rf.3e521ac82690a966a43e86b18bce72c4.jpg,1610,b90c753e-bf9d-467c-85e7-a2e373029f8d,fungal infection,fungal infection,"[""alopecia"", ""scaling""]",disease-level (provisional),research-only,unsupported,train,skin,unknown,C,,0.0,1.0,0.0,1.0,0.0,0.0,0.0,0.0,"['alopecia', 'scaling']",train
adf3624c-2898-40b8-8fc7-ff70a9ff9a6d,Roboflow,C:\Users\ESSAKKI RAJA T  EV\OneDrive\Desktop\DB PAWPHILE\Dog Skin Disease Dataset.v2i.folder\train\fungal infection\fungal_211_jpg.rf.1fd52812ee0cb6622d4c495695525978.jpg,845,e8961271-5acf-4d5a-9e88-cb2d045a2847,fungal infection,fungal infection,"[""alopecia"", ""scaling""]",disease-level (provisional),research-only,unsupported,train,skin,unknown,C,,0.0,1.0,0.0,1.0,0.0,0.0,0.0,0.0,"['alopecia', 'scaling']",train
2e20eb7a-f0ff-4ddf-b89d-e9fb23f12c6e,Roboflow,C:\Users\ESSAKKI RAJA T  EV\OneDrive\Desktop\DB PAWPHILE\Dog Skin Disease Dataset.v2i.folder\valid\hypersensitivity dermatitis\hypersensitivity_395_jpg.rf.017f4b79d5ba7b2fa1fff753e22b2477.jpg,835,168f478e-0ff9-4a34-bb1f-27c856b8b576,hypersensitivity dermatitis,hypersensitivity / allergic dermatitis,"[""erythema"", ""lichenification""]",disease-level (provisional),research-only,unsupported,valid,skin,unknown,C,,1.0,0.0,0.0,0.0,0.0,0.0,0.0,1.0,"['erythema', 'lichenification']",train
482e2e06-4cf6-4a9c-b2ab-38f271bd8eee,Kaggle,C:\Users\ESSAKKI RAJA T  EV\OneDrive\Desktop\DB PAWPHILE\archive\test\ringworm\R17_png_jpg.rf.96618bbb338cfc167c70e5a121eae354.jpg,1415,530646ee-c751-41ef-8443-114bd87671eb,ringworm,fungal infection,"[""alopecia"", ""scaling""]",disease-level (provisional),research-only,unsupported,test,skin,unknown,C,,0.0,1.0,0.0,1.0,0.0,0.0,0.0,0.0,"['alopecia', 'scaling']",train
0b50ab57-7802-4a65-92b9-974e92ec9f07,Kaggle,C:\Users\ESSAKKI RAJA T  EV\OneDrive\Desktop\DB PAWPHILE\archive\valid\Dermatitis\HOT-SPOT-IN-DOG-HOW-vet-treated-symptom-prevention_-flea-bite-moist-eczema_dog-itching-000355_png_jpg.rf.4f8d1b90c83a3bea1629c5cbc065ac14.jpg,181,729a6692-118f-498d-a0ef-62a4caea49f3,Dermatitis,nonspecific dermatitis,"[""erythema"", ""scaling""]",disease-level (provisional),research-only,unsupported,valid,skin,unknown,C,,1.0,0.0,0.0,1.0,0.0,0.0,0.0,0.0,"['erythema', 'scaling']",train
9c34f8f8-265a-447e-95fd-d60d66d07490,Roboflow,C:\Users\ESSAKKI RAJA T  EV\OneDrive\Desktop\DB PAWPHILE\Dog Skin Disease Dataset.v2i.folder\train\bacterial dermatosis\bacterial_172_jpg.rf.95e4bec6154541dfdad4ca81641f3f1f.jpg,1473,b388c73d-be26-4cc2-accd-b619c306f4a1,bacterial dermatosis,bacterial dermatosis,"[""erythema"", ""pustule"", ""crust""]",disease-level (provisional),research-only,unsupported,train,skin,unknown,C,,1.0,0.0,1.0,0.0,0.0,0.0,1.0,0.0,"['erythema', 'pustule', 'crust']",train
3edfb793-7632-4149-8463-a91668dba276,Kaggle,C:\Users\ESSAKKI RAJA T  EV\OneDrive\Desktop\DB PAWPHILE\archive\valid\Dermatitis\mange-38-_jpg.rf.ce4e5937abe3a9f3cd14caacff5a6754.jpg,1792,28a5edd7-c27d-40a7-b0f8-a6df8e7e4144,Dermatitis,nonspecific dermatitis,"[""erythema"", ""scaling""]",disease-level (provisional),research-only,unsupported,valid,skin,unknown,C,,1.0,0.0,0.0,1.0,0.0,0.0,0.0,0.0,"['erythema', 'scaling']",train
5b7fdb70-34db-4ce1-93dc-e1c2555c2827,Roboflow,C:\Users\ESSAKKI RAJA T  EV\OneDrive\Desktop\DB PAWPHILE\Dog Skin Disease Dataset.v2i.folder\train\fungal infection\fungal_102_jpg.rf.6f3737a27dcd0822f9e9ef2cf0e2fbf1.jpg,1165,b7b9aca9-2647-4c7b-9479-bc176d85e792,fungal infection,fungal infection,"[""alopecia"", ""scaling""]",disease-level (provisional),research-only,unsupported,train,skin,unknown,C,,0.0,1.0,0.0,1.0,0.0,0.0,0.0,0.0,"['alopecia', 'scaling']",train
03eed7ad-5083-4977-a39f-95451f7f68a7,Kaggle,C:\Users\ESSAKKI RAJA T  EV\OneDrive\Desktop\DB PAWPHILE\archive\test\Healthy\dogs_045_jpg.rf.2c690b4904b2a689c45444f784e081f0.jpg,457,fbc05708-defe-4a33-a975-4df16976015a,Healthy,healthy,[],disease-level (provisional),research-only,unsupported,test,skin,unknown,C,,0.0,0.0,0.0,0.0,0.0,0.0,0.0,0.0,[],train
3cefded5-a975-4fe4-913c-b2c01d86000b,Roboflow,C:\Users\ESSAKKI RAJA T  EV\OneDrive\Desktop\DB PAWPHILE\Dog Skin Disease Dataset.v2i.folder\train\bacterial dermatosis\bacterial_169_jpg.rf.15ac89195f2c163aeb67ea518da51f9e.jpg,955,9a9437e0-8a99-45a8-aef0-33fc5a118af0,bacterial dermatosis,bacterial dermatosis,"[""erythema"", ""pustule"", ""crust""]",disease-level (provisional),research-only,unsupported,train,skin,unknown,C,,1.0,0.0,1.0,0.0,0.0,0.0,1.0,0.0,"['erythema', 'pustule', 'crust']",train
f78cc8c9-dd3a-4eac-8fa4-cfc7020e7a1f,Kaggle,C:\Users\ESSAKKI RAJA T  EV\OneDrive\Desktop\DB PAWPHILE\archive\valid\Dermatitis\1000010577_x4_jpg.rf.d3cf9d7f87b1bbf0b2699a013b33959c.jpg,1193,d22aaf64-411d-4738-8efd-3ee4b91f0b8c,Dermatitis,nonspecific dermatitis,"[""erythema"", ""scaling""]",disease-level (provisional),research-only,unsupported,valid,skin,unknown,C,,1.0,0.0,0.0,1.0,0.0,0.0,0.0,0.0,"['erythema', 'scaling']",train
6720d2a4-07b6-4052-8059-804d471dd79e,Kaggle,C:\Users\ESSAKKI RAJA T  EV\OneDrive\Desktop\DB PAWPHILE\archive\valid\Dermatitis\hotspot-43-_jpg.rf.a0f0f2ca4384a5b9c371e6ccf3bbe815.jpg,944,c0a17b0f-4da1-4afb-9766-1e04cb0eb8c5,Dermatitis,nonspecific dermatitis,"[""erythema"", ""scaling""]",disease-level (provisional),research-only,unsupported,valid,skin,unknown,C,,1.0,0.0,0.0,1.0,0.0,0.0,0.0,0.0,"['erythema', 'scaling']",train
00390740-f2dc-4fcd-aa8c-674a13371e0c,Roboflow,C:\Users\ESSAKKI RAJA T  EV\OneDrive\Desktop\DB PAWPHILE\Dog Skin Disease Dataset.v2i.folder\train\bacterial dermatosis\bacterial_67_jpg.rf.d1de10e8f55b8c688a2fd56e388e0056.jpg,1830,726391f2-7979-475f-97b2-b78c45597f78,bacterial dermatosis,bacterial dermatosis,"[""erythema"", ""pustule"", ""crust""]",disease-level (provisional),research-only,unsupported,train,skin,unknown,C,,1.0,0.0,1.0,0.0,0.0,0.0,1.0,0.0,"['erythema', 'pustule', 'crust']",train
cdc8fd8c-7a08-4360-a448-5556130e5b4a,Roboflow,C:\Users\ESSAKKI RAJA T  EV\OneDrive\Desktop\DB PAWPHILE\Dog Skin Disease Dataset.v2i.folder\train\bacterial dermatosis\bacterial_194_jpg.rf.905663f58c396d830e582fdc92e03ba4.jpg,1203,93b1eaab-b44c-4700-b9d9-21ca8c149030,bacterial dermatosis,bacterial dermatosis,"[""erythema"", ""pustule"", ""crust""]",disease-level (provisional),research-only,unsupported,train,skin,unknown,C,,1.0,0.0,1.0,0.0,0.0,0.0,1.0,0.0,"['erythema', 'pustule', 'crust']",train
2de2d9c3-d22d-4bdb-b15f-d027898cf8af,Kaggle,C:\Users\ESSAKKI RAJA T  EV\OneDrive\Desktop\DB PAWPHILE\archive\test\Healthy\Image_3_jpg.rf.a54093384d03171e8f536b6167f55dd8.jpg,1514,bb65806f-4fcd-45a8-890b-a429b413990c,Healthy,healthy,[],disease-level (provisional),research-only,unsupported,test,skin,unknown,C,,0.0,0.0,0.0,0.0,0.0,0.0,0.0,0.0,[],train
86e14eeb-929a-4540-a0a2-d6ca5704f22f,Roboflow,C:\Users\ESSAKKI RAJA T  EV\OneDrive\Desktop\DB PAWPHILE\Dog Skin Disease Dataset.v2i.folder\train\fungal infection\fungal_251_jpg.rf.98101bc7c8c4b9036d70d0cb1cf3c031.jpg,538,cee300ce-12e8-46e7-a702-a9f4ae5b3b72,fungal infection,fungal infection,"[""alopecia"", ""scaling""]",disease-level (provisional),research-only,unsupported,train,skin,unknown,C,,0.0,1.0,0.0,1.0,0.0,0.0,0.0,0.0,"['alopecia', 'scaling']",train
dfdfd177-d24f-45fc-b763-6baec48b1de4,Kaggle,C:\Users\ESSAKKI RAJA T  EV\OneDrive\Desktop\DB PAWPHILE\archive\valid\Healthy\dogs_134_jpg.rf.5bfc56007d4c131d65aa20f2dff9b8b4.jpg,1144,2fa4b49c-9653-4477-9d7d-583294f618a6,Healthy,healthy,[],disease-level (provisional),research-only,unsupported,valid,skin,unknown,C,,0.0,0.0,0.0,0.0,0.0,0.0,0.0,0.0,[],train
f8188565-5bd0-458e-8a90-ec49c5cf0001,Roboflow,C:\Users\ESSAKKI RAJA T  EV\OneDrive\Desktop\DB PAWPHILE\Dog Skin Disease Dataset.v2i.folder\test\healthy\healthy_68_jpg.rf.f63303d8b82ccb3276358b89677ffec3.jpg,589,67a714c5-dd87-40ab-9979-0542578d980b,healthy,healthy,[],disease-level (provisional),research-only,unsupported,test,skin,unknown,C,,0.0,0.0,0.0,0.0,0.0,0.0,0.0,0.0,[],train
5b42e77e-5b67-404c-9588-f127cacf750b,Kaggle,C:\Users\ESSAKKI RAJA T  EV\OneDrive\Desktop\DB PAWPHILE\archive\valid\demodicosis\IMG_5191_jpeg_jpg.rf.9853a2647c047bd7f4f3eea2ac7d75ca.jpg,685,7084e681-035c-4135-bcdf-191a3ff8ba6a,demodicosis,demodicosis,"[""alopecia"", ""erythema"", ""crust""]",disease-level (provisional),research-only,unsupported,valid,skin,unknown,C,,1.0,1.0,1.0,0.0,0.0,0.0,0.0,0.0,"['alopecia', 'erythema', 'crust']",train
ffa924ba-92b8-4528-b86b-3459e3526b23,Kaggle,C:\Users\ESSAKKI RAJA T  EV\OneDrive\Desktop\DB PAWPHILE\archive\valid\demodicosis\2024-05-13-165246_jpg.rf.810685fdbf9bf43fd1117fa4a55eb773.jpg,441,9701f16b-fa77-4598-b99e-4a6e4837b84c,demodicosis,demodicosis,"[""alopecia"", ""erythema"", ""crust""]",disease-level (provisional),research-only,unsupported,valid,skin,unknown,C,,1.0,1.0,1.0,0.0,0.0,0.0,0.0,0.0,"['alopecia', 'erythema', 'crust']",train
1a8a7a7d-2334-4128-b261-da2ec83d4e69,Kaggle,C:\Users\ESSAKKI RAJA T  EV\OneDrive\Desktop\DB PAWPHILE\archive\test\demodicosis\1-28-_png_jpg.rf.0e9ce6bba7835ec866a4a20760f953e9.jpg,1159,c00151dd-e05b-49af-88bc-b1ea7deaf57c,demodicosis,demodicosis,"[""alopecia"", ""erythema"", ""crust""]",disease-level (provisional),research-only,unsupported,test,skin,unknown,C,,1.0,1.0,1.0,0.0,0.0,0.0,0.0,0.0,"['alopecia', 'erythema', 'crust']",train
db992614-9124-4df7-8fbb-4cb922daf51b,Kaggle,C:\Users\ESSAKKI RAJA T  EV\OneDrive\Desktop\DB PAWPHILE\archive\valid\Healthy\dogs_149_jpg.rf.eef902fc5e956814b6cf61148b28498c.jpg,770,ebdfd98b-f26d-48d0-ba8e-1e9db3f866f0,Healthy,healthy,[],disease-level (provisional),research-only,unsupported,valid,skin,unknown,C,,0.0,0.0,0.0,0.0,0.0,0.0,0.0,0.0,[],train
d36e2a8f-bd97-4ff8-8d31-4f72cf4f1b21,Kaggle,C:\Users\ESSAKKI RAJA T  EV\OneDrive\Desktop\DB PAWPHILE\archive\valid\ringworm\WIN_20240514_17_29_49_Pro_jpg.rf.042e8d559c9b8c4fe4449b1ff80278cd.jpg,1233,a3db6470-e42e-4a67-a6e0-b5a7e80aca7f,ringworm,fungal infection,"[""alopecia"", ""scaling""]",disease-level (provisional),research-only,unsupported,valid,skin,unknown,C,,0.0,1.0,0.0,1.0,0.0,0.0,0.0,0.0,"['alopecia', 'scaling']",train
f6994411-7383-4bcc-b2c9-86419b0f1cd7,Roboflow,C:\Users\ESSAKKI RAJA T  EV\OneDrive\Desktop\DB PAWPHILE\Dog Skin Disease Dataset.v2i.folder\train\bacterial dermatosis\bacterial5_jpg.rf.1c381aa439c78175582f0b7317c2d069.jpg,295,bee3c07b-dc8b-40ec-9e96-e6189f5c3f59,bacterial dermatosis,bacterial dermatosis,"[""erythema"", ""pustule"", ""crust""]",disease-level (provisional),research-only,unsupported,train,skin,unknown,C,,1.0,0.0,1.0,0.0,0.0,0.0,1.0,0.0,"['erythema', 'pustule', 'crust']",train
91d3bd9f-c204-4d7d-aa28-3d05c1d28a41,Roboflow,C:\Users\ESSAKKI RAJA T  EV\OneDrive\Desktop\DB PAWPHILE\Dog Skin Disease Dataset.v2i.folder\train\bacterial dermatosis\bacterial_31_jpg.rf.79742fff4f21c26c705514ed19499bd2.jpg,741,d5ffdb73-17e3-4e73-bc89-e778976ee083,bacterial dermatosis,bacterial dermatosis,"[""erythema"", ""pustule"", ""crust""]",disease-level (provisional),research-only,unsupported,train,skin,unknown,C,,1.0,0.0,1.0,0.0,0.0,0.0,1.0,0.0,"['erythema', 'pustule', 'crust']",train
a5ec3cf6-0317-43d5-9bb3-75fcf824c8ba,Roboflow,C:\Users\ESSAKKI RAJA T  EV\OneDrive\Desktop\DB PAWPHILE\Dog Skin Disease Dataset.v2i.folder\valid\bacterial dermatosis\bacterial_268_jpg.rf.b53803fae223feed2c43f12d6a376ee5.jpg,966,19f080a1-2046-4532-b9cb-850f618dda2e,bacterial dermatosis,bacterial dermatosis,"[""erythema"", ""pustule"", ""crust""]",disease-level (provisional),research-only,unsupported,valid,skin,unknown,C,,1.0,0.0,1.0,0.0,0.0,0.0,1.0,0.0,"['erythema', 'pustule', 'crust']",train
9c0eb4e8-2bb9-414c-bafb-7248d3d1d3ee,Kaggle,C:\Users\ESSAKKI RAJA T  EV\OneDrive\Desktop\DB PAWPHILE\archive\test\Fungal_infections\pic80_jpg.rf.9681f79783fb1e31d5c42dc9310809bd.jpg,655,6238d8a3-6eb1-4804-8ce0-4c6c97685ea2,Fungal_infections,fungal infection,"[""alopecia"", ""scaling""]",disease-level (provisional),research-only,unsupported,test,skin,unknown,C,,0.0,1.0,0.0,1.0,0.0,0.0,0.0,0.0,"['alopecia', 'scaling']",train
c060588a-80ce-4328-b476-28bb260a51be,Roboflow,C:\Users\ESSAKKI RAJA T  EV\OneDrive\Desktop\DB PAWPHILE\Dog Skin Disease Dataset.v2i.folder\train\healthy\healthy_195_jpg.rf.d8894eba77882def775d0118c37a51b1.jpg,1279,c56d9095-28b0-4c5d-bebc-c5e49ff502fb,healthy,healthy,[],disease-level (provisional),research-only,unsupported,train,skin,unknown,C,,0.0,0.0,0.0,0.0,0.0,0.0,0.0,0.0,[],train
241ad630-fe7d-44c0-b059-79f4d0d4ba4f,Roboflow,C:\Users\ESSAKKI RAJA T  EV\OneDrive\Desktop\DB PAWPHILE\Dog Skin Disease Dataset.v2i.folder\train\healthy\healthy_205_jpg.rf.3edcfd35ae765b5ca4b2cac41284396f.jpg,957,ad5ea19b-81bd-4318-9dce-491212bf05e7,healthy,healthy,[],disease-level (provisional),research-only,unsupported,train,skin,unknown,C,,0.0,0.0,0.0,0.0,0.0,0.0,0.0,0.0,[],train
7d001cd6-b1e7-4aa5-9d90-f0e343031798,Kaggle,C:\Users\ESSAKKI RAJA T  EV\OneDrive\Desktop\DB PAWPHILE\archive\test\demodicosis\1-34-_png_jpg.rf.b548b827e8c9fc580b97e17aa7975e87.jpg,1199,bbef7f1c-bed0-4f1b-82ba-368d9599606d,demodicosis,demodicosis,"[""alopecia"", ""erythema"", ""crust""]",disease-level (provisional),research-only,unsupported,test,skin,unknown,C,,1.0,1.0,1.0,0.0,0.0,0.0,0.0,0.0,"['alopecia', 'erythema', 'crust']",train
94376913-a584-43a1-8963-9a0801e383e9,Kaggle,C:\Users\ESSAKKI RAJA T  EV\OneDrive\Desktop\DB PAWPHILE\archive\train\ringworm\436859036_407429032244109_5180510937797219633_n_jpg.rf.77815baf55abc28d47d8876af3a00100.jpg,521,0b8db021-d076-4dca-9dd1-ecd96ac7041e,ringworm,fungal infection,"[""alopecia"", ""scaling""]",disease-level (provisional),research-only,unsupported,train,skin,unknown,C,,0.0,1.0,0.0,1.0,0.0,0.0,0.0,0.0,"['alopecia', 'scaling']",train
c8bfe6c9-5579-4159-80ef-6f10d6ff4df3,Kaggle,C:\Users\ESSAKKI RAJA T  EV\OneDrive\Desktop\DB PAWPHILE\archive\test\demodicosis\scabies_124_png_jpg.rf.0d8499a3e6a52248c8cc5fb94348015e.jpg,760,39183c73-bf69-41de-90ad-84b49c50da8e,demodicosis,demodicosis,"[""alopecia"", ""erythema"", ""crust""]",disease-level (provisional),research-only,unsupported,test,skin,unknown,C,,1.0,1.0,1.0,0.0,0.0,0.0,0.0,0.0,"['alopecia', 'erythema', 'crust']",train
e2f10499-e028-4d04-baa2-79526badfb56,Kaggle,C:\Users\ESSAKKI RAJA T  EV\OneDrive\Desktop\DB PAWPHILE\archive\test\demodicosis\1-3-_jpg.rf.87c0cb42acd87fb4d2f50f2201cec0f8.jpg,629,8bf21463-105a-4310-b7c3-f7454eb069f2,demodicosis,demodicosis,"[""alopecia"", ""erythema"", ""crust""]",disease-level (provisional),research-only,unsupported,test,skin,unknown,C,,1.0,1.0,1.0,0.0,0.0,0.0,0.0,0.0,"['alopecia', 'erythema', 'crust']",train
50ed8b5d-0399-4d19-ad08-237623832a45,Kaggle,C:\Users\ESSAKKI RAJA T  EV\OneDrive\Desktop\DB PAWPHILE\archive\valid\Hypersensitivity\Hypersensitivity5_png_jpg.rf.66ef2c83380032c85207a37a6b43cbf2.jpg,1080,3e7252c1-763d-4db8-937d-392672b2488f,Hypersensitivity,hypersensitivity / allergic dermatitis,"[""erythema"", ""lichenification""]",disease-level (provisional),research-only,unsupported,valid,skin,unknown,C,,1.0,0.0,0.0,0.0,0.0,0.0,0.0,1.0,"['erythema', 'lichenification']",train
0be87393-1734-4bf2-967c-9997ef9df967,Kaggle,C:\Users\ESSAKKI RAJA T  EV\OneDrive\Desktop\DB PAWPHILE\archive\valid\ringworm\R12_png_jpg.rf.57080d219c676311bab9fd1285a7904f.jpg,405,9920f00f-6a93-4889-95ea-79eb7773fa03,ringworm,fungal infection,"[""alopecia"", ""scaling""]",disease-level (provisional),research-only,unsupported,valid,skin,unknown,C,,0.0,1.0,0.0,1.0,0.0,0.0,0.0,0.0,"['alopecia', 'scaling']",train
18068400-2e3b-44f2-a08e-2a7998b9d456,Kaggle,C:\Users\ESSAKKI RAJA T  EV\OneDrive\Desktop\DB PAWPHILE\archive\train\ringworm\R52_png_jpg.rf.9ad85d21c64154fb213927b295c20329.jpg,347,4e3d1f0a-7b29-4893-9350-1a0cec14979f,ringworm,fungal infection,"[""alopecia"", ""scaling""]",disease-level (provisional),research-only,unsupported,train,skin,unknown,C,,0.0,1.0,0.0,1.0,0.0,0.0,0.0,0.0,"['alopecia', 'scaling']",train
93036c03-a243-4f8f-8f4d-cc09661aa92e,Kaggle,C:\Users\ESSAKKI RAJA T  EV\OneDrive\Desktop\DB PAWPHILE\archive\valid\demodicosis\P39_png_jpg.rf.cae551a7146d85b17f9b75baf7bbd1e5.jpg,755,57f9c7ba-d3c8-4a67-ae64-57264548c281,demodicosis,demodicosis,"[""alopecia"", ""erythema"", ""crust""]",disease-level (provisional),research-only,unsupported,valid,skin,unknown,C,,1.0,1.0,1.0,0.0,0.0,0.0,0.0,0.0,"['alopecia', 'erythema', 'crust']",train
5bb3fe94-f6c3-4329-b74c-a619febc6f7b,Roboflow,C:\Users\ESSAKKI RAJA T  EV\OneDrive\Desktop\DB PAWPHILE\Dog Skin Disease Dataset.v2i.folder\valid\healthy\healthy_334_jpg.rf.7325d10211b398fdf3d68e36c07afe72.jpg,1313,2ba65d44-b307-4497-a47e-1e2e3d07b3bd,healthy,healthy,[],disease-level (provisional),research-only,unsupported,valid,skin,unknown,C,,0.0,0.0,0.0,0.0,0.0,0.0,0.0,0.0,[],train
32455151-c7f5-4983-b250-cf0b0c105952,Kaggle,C:\Users\ESSAKKI RAJA T  EV\OneDrive\Desktop\DB PAWPHILE\archive\valid\ringworm\NEWR17_png_jpg.rf.005547346d92fd7f1e51898bc43d26ab.jpg,1169,751b817a-e241-468f-b659-9bd2c9c5aee2,ringworm,fungal infection,"[""alopecia"", ""scaling""]",disease-level (provisional),research-only,unsupported,valid,skin,unknown,C,,0.0,1.0,0.0,1.0,0.0,0.0,0.0,0.0,"['alopecia', 'scaling']",train
7bb4b35c-4c3f-4fa1-8455-de9f8bd900a0,Kaggle,C:\Users\ESSAKKI RAJA T  EV\OneDrive\Desktop\DB PAWPHILE\archive\valid\demodicosis\scabies_111_png_jpg.rf.fa3393dd89edd9baa9c75b1bcfe617f6.jpg,901,b270571a-d225-40a7-9a1e-89ceafd1a294,demodicosis,demodicosis,"[""alopecia"", ""erythema"", ""crust""]",disease-level (provisional),research-only,unsupported,valid,skin,unknown,C,,1.0,1.0,1.0,0.0,0.0,0.0,0.0,0.0,"['alopecia', 'erythema', 'crust']",train
daf3cad9-0357-46b5-996b-cd8a027dd1e4,Roboflow,C:\Users\ESSAKKI RAJA T  EV\OneDrive\Desktop\DB PAWPHILE\Dog Skin Disease Dataset.v2i.folder\valid\bacterial dermatosis\bacterial_302_jpg.rf.23297d8952cdf1de6623356ffa6d54b6.jpg,296,f400e91f-4090-45e9-b46d-ede7f3bd6b55,bacterial dermatosis,bacterial dermatosis,"[""erythema"", ""pustule"", ""crust""]",disease-level (provisional),research-only,unsupported,valid,skin,unknown,C,,1.0,0.0,1.0,0.0,0.0,0.0,1.0,0.0,"['erythema', 'pustule', 'crust']",train
2160bd55-4af0-4fdd-a94c-3c34c950a431,Kaggle,C:\Users\ESSAKKI RAJA T  EV\OneDrive\Desktop\DB PAWPHILE\archive\test\Fungal_infections\1739_jpg.rf.726728b9354e233496290fa761058f36.jpg,696,5c056f00-19b7-4936-aacf-76847e5247da,Fungal_infections,fungal infection,"[""alopecia"", ""scaling""]",disease-level (provisional),research-only,unsupported,test,skin,unknown,C,,0.0,1.0,0.0,1.0,0.0,0.0,0.0,0.0,"['alopecia', 'scaling']",train
220be4c9-004e-4407-b1db-eae0512a5c0e,Roboflow,C:\Users\ESSAKKI RAJA T  EV\OneDrive\Desktop\DB PAWPHILE\Dog Skin Disease Dataset.v2i.folder\valid\bacterial dermatosis\bacterial_329_jpg.rf.379c7577f4e5b1337878af73ec62c12c.jpg,829,205d80c2-d595-4e0f-bc6c-a6a51816b71c,bacterial dermatosis,bacterial dermatosis,"[""erythema"", ""pustule"", ""crust""]",disease-level (provisional),research-only,unsupported,valid,skin,unknown,C,,1.0,0.0,1.0,0.0,0.0,0.0,1.0,0.0,"['erythema', 'pustule', 'crust']",train
f6776e7b-9a11-45e7-af4c-bb069f9b6bcf,Roboflow,C:\Users\ESSAKKI RAJA T  EV\OneDrive\Desktop\DB PAWPHILE\Dog Skin Disease Dataset.v2i.folder\valid\fungal infection\fungal_inf_37_jpg.rf.ada674cbf47ae0f28ee951e4052909f6.jpg,1507,b23e0ffb-b624-4c74-8d95-55f8fc3c9a9d,fungal infection,fungal infection,"[""alopecia"", ""scaling""]",disease-level (provisional),research-only,unsupported,valid,skin,unknown,C,,0.0,1.0,0.0,1.0,0.0,0.0,0.0,0.0,"['alopecia', 'scaling']",train
8da96c52-9a5e-47ad-a0ef-0b435cfb5960,Roboflow,C:\Users\ESSAKKI RAJA T  EV\OneDrive\Desktop\DB PAWPHILE\Dog Skin Disease Dataset.v2i.folder\train\fungal infection\fungal_265_jpg.rf.07246be4de295180999b73b610b6dc2b.jpg,1015,eaf9b20d-1c7e-475c-8dfd-859b1ab347ac,fungal infection,fungal infection,"[""alopecia"", ""scaling""]",disease-level (provisional),research-only,unsupported,train,skin,unknown,C,,0.0,1.0,0.0,1.0,0.0,0.0,0.0,0.0,"['alopecia', 'scaling']",train
5f40e348-f1ed-4ab0-80e1-b3d3f11e18f8,Roboflow,C:\Users\ESSAKKI RAJA T  EV\OneDrive\Desktop\DB PAWPHILE\Dog Skin Disease Dataset.v2i.folder\train\fungal infection\fungal_368_jpg.rf.832f653d2d2589c459eed3ba3011c62a.jpg,434,6862d255-4fd6-4a5d-be68-83b4dc8029e8,fungal infection,fungal infection,"[""alopecia"", ""scaling""]",disease-level (provisional),research-only,unsupported,train,skin,unknown,C,,0.0,1.0,0.0,1.0,0.0,0.0,0.0,0.0,"['alopecia', 'scaling']",train
bf14fcb3-90e4-46ec-860d-ece11d7ce2ec,Kaggle,C:\Users\ESSAKKI RAJA T  EV\OneDrive\Desktop\DB PAWPHILE\archive\valid\Healthy\HEALTHY_007_jpg.rf.779922676422851675b5c3843b3b4df0.jpg,1065,6a59c568-dfe4-42ab-9c90-c92850a243b9,Healthy,healthy,[],disease-level (provisional),research-only,unsupported,valid,skin,unknown,C,,0.0,0.0,0.0,0.0,0.0,0.0,0.0,0.0,[],train
9116f487-a853-44bb-baac-4c864d4c1b04,Kaggle,C:\Users\ESSAKKI RAJA T  EV\OneDrive\Desktop\DB PAWPHILE\archive\valid\demodicosis\P2_png_jpg.rf.ae2aa99543e016fb5e7a21e3e79761f6.jpg,874,c9afa3cc-e8b2-432e-969f-3a4029a0a40f,demodicosis,demodicosis,"[""alopecia"", ""erythema"", ""crust""]",disease-level (provisional),research-only,unsupported,valid,skin,unknown,C,,1.0,1.0,1.0,0.0,0.0,0.0,0.0,0.0,"['alopecia', 'erythema', 'crust']",train
770a6bec-ebc1-4b0c-8052-87a88e5365b4,Kaggle,C:\Users\ESSAKKI RAJA T  EV\OneDrive\Desktop\DB PAWPHILE\archive\valid\ringworm\ringworm-18-_jpg.rf.4bd0615a6d1628a064661821f69e725e.jpg,1333,99c93c14-703f-44f5-a84c-8394a3ab0285,ringworm,fungal infection,"[""alopecia"", ""scaling""]",disease-level (provisional),research-only,unsupported,valid,skin,unknown,C,,0.0,1.0,0.0,1.0,0.0,0.0,0.0,0.0,"['alopecia', 'scaling']",train
859aaa34-fe00-409a-b81a-ef92d959850a,Kaggle,C:\Users\ESSAKKI RAJA T  EV\OneDrive\Desktop\DB PAWPHILE\archive\train\demodicosis\1-46-_png_jpg.rf.c366282d653f58450a7ea409688dffeb.jpg,1668,06ea34db-341d-4e36-bd78-2f249cb11b93,demodicosis,demodicosis,"[""alopecia"", ""erythema"", ""crust""]",disease-level (provisional),research-only,unsupported,train,skin,unknown,C,,1.0,1.0,1.0,0.0,0.0,0.0,0.0,0.0,"['alopecia', 'erythema', 'crust']",train
cda870fd-ef3f-4d11-9572-bdf9a1f463bc,Kaggle,C:\Users\ESSAKKI RAJA T  EV\OneDrive\Desktop\DB PAWPHILE\archive\valid\Fungal_infections\FUNGAL-INFECTION_049_jpg.rf.c93197d6b116f9b7bbe6b5ede406dde6.jpg,1409,9dc31971-f11d-4f8f-9443-dce3a3da0a48,Fungal_infections,fungal infection,"[""alopecia"", ""scaling""]",disease-level (provisional),research-only,unsupported,valid,skin,unknown,C,,0.0,1.0,0.0,1.0,0.0,0.0,0.0,0.0,"['alopecia', 'scaling']",train
d37ab2ef-f27c-46b7-b472-371ac32e26b2,Roboflow,C:\Users\ESSAKKI RAJA T  EV\OneDrive\Desktop\DB PAWPHILE\Dog Skin Disease Dataset.v2i.folder\train\healthy\healthy_56_jpg.rf.7cf27880bc4da13c281c55d6637de4c6.jpg,1722,7a4305c1-0a37-4659-b7c0-150e9a34646c,healthy,healthy,[],disease-level (provisional),research-only,unsupported,train,skin,unknown,C,,0.0,0.0,0.0,0.0,0.0,0.0,0.0,0.0,[],train
d011b6af-f7cd-4254-84f2-8524954eb72d,Roboflow,C:\Users\ESSAKKI RAJA T  EV\OneDrive\Desktop\DB PAWPHILE\Dog Skin Disease Dataset.v2i.folder\train\healthy\healthy_237_jpg.rf.2eefa28a9f8e1b8b167566800733d2fa.jpg,360,61b04cee-7a07-4bcd-9903-99e92c02baf6,healthy,healthy,[],disease-level (provisional),research-only,unsupported,train,skin,unknown,C,,0.0,0.0,0.0,0.0,0.0,0.0,0.0,0.0,[],train
39668d2a-99cb-4cbe-9946-8b5b80eb7be3,Kaggle,C:\Users\ESSAKKI RAJA T  EV\OneDrive\Desktop\DB PAWPHILE\archive\test\Fungal_infections\1090_jpg.rf.29051c51a9be6c1832ea6fc64b1baadd.jpg,985,29d5bc1f-a477-43a1-b2b2-218e98078c52,Fungal_infections,fungal infection,"[""alopecia"", ""scaling""]",disease-level (provisional),research-only,unsupported,test,skin,unknown,C,,0.0,1.0,0.0,1.0,0.0,0.0,0.0,0.0,"['alopecia', 'scaling']",train
ecf43948-090f-4032-b216-87e1d6f0bcdb,Roboflow,C:\Users\ESSAKKI RAJA T  EV\OneDrive\Desktop\DB PAWPHILE\Dog Skin Disease Dataset.v2i.folder\test\fungal infection\fungal_55_jpg.rf.0c810638647eeecc3309a24b23f045e4.jpg,1370,cbf9a7f0-cc03-4670-93d3-ba6f10d2b45e,fungal infection,fungal infection,"[""alopecia"", ""scaling""]",disease-level (provisional),research-only,unsupported,test,skin,unknown,C,,0.0,1.0,0.0,1.0,0.0,0.0,0.0,0.0,"['alopecia', 'scaling']",train
f45b4b94-d324-46e8-8595-29782b1036c1,Roboflow,C:\Users\ESSAKKI RAJA T  EV\OneDrive\Desktop\DB PAWPHILE\Dog Skin Disease Dataset.v2i.folder\train\bacterial dermatosis\bacterial_60_jpg.rf.58680ed3bcc27c18d0df4e173bb4d439.jpg,1479,be84cfc8-4b3e-4ef5-abd6-389fb56db799,bacterial dermatosis,bacterial dermatosis,"[""erythema"", ""pustule"", ""crust""]",disease-level (provisional),research-only,unsupported,train,skin,unknown,C,,1.0,0.0,1.0,0.0,0.0,0.0,1.0,0.0,"['erythema', 'pustule', 'crust']",train
02573658-941e-4a13-a29a-4dcfb900102f,Roboflow,C:\Users\ESSAKKI RAJA T  EV\OneDrive\Desktop\DB PAWPHILE\Dog Skin Disease Dataset.v2i.folder\train\hypersensitivity dermatitis\hypersensitivity_103_jpg.rf.d19603f9cd5c761306b1ed8dfacfa4ae.jpg,720,3f949a71-5216-4e1c-9677-91e194c510bf,hypersensitivity dermatitis,hypersensitivity / allergic dermatitis,"[""erythema"", ""lichenification""]",disease-level (provisional),research-only,unsupported,train,skin,unknown,C,,1.0,0.0,0.0,0.0,0.0,0.0,0.0,1.0,"['erythema', 'lichenification']",train
5a0da260-5d77-496b-9e8e-597fe37e0818,Roboflow,C:\Users\ESSAKKI RAJA T  EV\OneDrive\Desktop\DB PAWPHILE\Dog Skin Disease Dataset.v2i.folder\train\fungal infection\fungal_15_jpg.rf.8e17363c25e0d3de4979600734a4e9e0.jpg,1296,aab9be49-9be9-4047-b4ba-d1a451a68b0c,fungal infection,fungal infection,"[""alopecia"", ""scaling""]",disease-level (provisional),research-only,unsupported,train,skin,unknown,C,,0.0,1.0,0.0,1.0,0.0,0.0,0.0,0.0,"['alopecia', 'scaling']",train
aa0bf3bd-9533-4d6c-8ceb-20b63b03741a,Roboflow,C:\Users\ESSAKKI RAJA T  EV\OneDrive\Desktop\DB PAWPHILE\Dog Skin Disease Dataset.v2i.folder\train\bacterial dermatosis\bacterial_255_jpg.rf.0232181907ee64a3e7875600c4f3aaf8.jpg,1284,535cca04-8e34-4b81-852a-dbcdeccf7166,bacterial dermatosis,bacterial dermatosis,"[""erythema"", ""pustule"", ""crust""]",disease-level (provisional),research-only,unsupported,train,skin,unknown,C,,1.0,0.0,1.0,0.0,0.0,0.0,1.0,0.0,"['erythema', 'pustule', 'crust']",train
09fb2929-a259-4a65-972b-cfd4fa16e738,Multispectral,C:\Users\ESSAKKI RAJA T  EV\OneDrive\Desktop\DB PAWPHILE\Classification of pet dog skin diseases using deep learning with images captured from multispectral imaging device\5dbht54kw7-1\Dog210625_01_02_28\pic4.jpg,977,5fae207f-bf89-4260-9ba0-0734af32db78,unknown,unknown,[],disease-level (provisional),research-only,unsupported,none,skin,pic4.jpg,B,,0.0,0.0,0.0,0.0,0.0,0.0,0.0,0.0,[],train
4577df1e-156b-405b-860b-5e9fc87a966c,Roboflow,C:\Users\ESSAKKI RAJA T  EV\OneDrive\Desktop\DB PAWPHILE\Dog Skin Disease Dataset.v2i.folder\test\fungal infection\fungal_279_jpg.rf.1f331c27e374ac77d660ddb7d2b77c88.jpg,908,7b0522ee-6b4a-4752-9ea1-994cdfcb3e3f,fungal infection,fungal infection,"[""alopecia"", ""scaling""]",disease-level (provisional),research-only,unsupported,test,skin,unknown,C,,0.0,1.0,0.0,1.0,0.0,0.0,0.0,0.0,"['alopecia', 'scaling']",train
c021a342-edf7-4ad9-8fa2-754e8b1c51d5,Roboflow,C:\Users\ESSAKKI RAJA T  EV\OneDrive\Desktop\DB PAWPHILE\Dog Skin Disease Dataset.v2i.folder\train\bacterial dermatosis\bacterial_380_jpg.rf.3a2861fa0c287c14d2bbc650d79ab1a5.jpg,1334,66b4c84f-9d3a-4076-bf15-d4db15ac4fb1,bacterial dermatosis,bacterial dermatosis,"[""erythema"", ""pustule"", ""crust""]",disease-level (provisional),research-only,unsupported,train,skin,unknown,C,,1.0,0.0,1.0,0.0,0.0,0.0,1.0,0.0,"['erythema', 'pustule', 'crust']",train
c02f899a-4ca3-4060-aed2-3b83f0868413,Kaggle,C:\Users\ESSAKKI RAJA T  EV\OneDrive\Desktop\DB PAWPHILE\archive\valid\Dermatitis\HOT-SPOT-IN-DOG-HOW-vet-treated-symptom-prevention_-flea-bite-moist-eczema_dog-itching-000481_png_jpg.rf.4181278c5b73a7944b9fbc61a8086d2e.jpg,1099,89ea9e68-38d0-49b8-a4e6-d1186a25bdc3,Dermatitis,nonspecific dermatitis,"[""erythema"", ""scaling""]",disease-level (provisional),research-only,unsupported,valid,skin,unknown,C,,1.0,0.0,0.0,1.0,0.0,0.0,0.0,0.0,"['erythema', 'scaling']",train
ceae0999-fe8c-4723-b7e4-6e6aae3a5105,Kaggle,C:\Users\ESSAKKI RAJA T  EV\OneDrive\Desktop\DB PAWPHILE\archive\valid\ringworm\436788724_2640165772801792_3956631987323566222_n_jpg.rf.1b7805ae120dc8ea81a0cf34fb84c021.jpg,1565,80ee2caa-e7d5-4ebf-98c3-e9e240cad00a,ringworm,fungal infection,"[""alopecia"", ""scaling""]",disease-level (provisional),research-only,unsupported,valid,skin,unknown,C,,0.0,1.0,0.0,1.0,0.0,0.0,0.0,0.0,"['alopecia', 'scaling']",train
99c01f7d-9a81-4137-9da6-7ddd3f994f83,Roboflow,C:\Users\ESSAKKI RAJA T  EV\OneDrive\Desktop\DB PAWPHILE\Dog Skin Disease Dataset.v2i.folder\train\healthy\healthy_284_jpg.rf.9d92d5eeabf0ac342924401f414e888d.jpg,1944,908d7004-d9f4-4846-b40b-726bfffb2215,healthy,healthy,[],disease-level (provisional),research-only,unsupported,train,skin,unknown,C,,0.0,0.0,0.0,0.0,0.0,0.0,0.0,0.0,[],train
8d5830b4-0869-4f0f-a311-96c4444390ce,Kaggle,C:\Users\ESSAKKI RAJA T  EV\OneDrive\Desktop\DB PAWPHILE\archive\test\ringworm\ringworm-85-_jpg.rf.978970dd4a71a9fa472f7931e941522c.jpg,1154,10492ecb-9400-4a1d-a717-67711131109c,ringworm,fungal infection,"[""alopecia"", ""scaling""]",disease-level (provisional),research-only,unsupported,test,skin,unknown,C,,0.0,1.0,0.0,1.0,0.0,0.0,0.0,0.0,"['alopecia', 'scaling']",train
e7ccdb87-13ad-4d60-ba5a-db781112a9eb,Roboflow,C:\Users\ESSAKKI RAJA T  EV\OneDrive\Desktop\DB PAWPHILE\Dog Skin Disease Dataset.v2i.folder\train\healthy\healthy_180_jpg.rf.44349eab2ba2b78cb022282028734900.jpg,387,23fda1c5-00af-4dbb-b97a-1069faf94889,healthy,healthy,[],disease-level (provisional),research-only,unsupported,train,skin,unknown,C,,0.0,0.0,0.0,0.0,0.0,0.0,0.0,0.0,[],train
68fcb62e-5223-4c4e-9605-602b71de35e4,Roboflow,C:\Users\ESSAKKI RAJA T  EV\OneDrive\Desktop\DB PAWPHILE\Dog Skin Disease Dataset.v2i.folder\valid\healthy\healthy_119_jpg.rf.c783d9286ec38548c4ead8b4feaa04b9.jpg,1552,728e3dac-bfcd-440a-a1a2-201924ce2309,healthy,healthy,[],disease-level (provisional),research-only,unsupported,valid,skin,unknown,C,,0.0,0.0,0.0,0.0,0.0,0.0,0.0,0.0,[],train
52e40bd7-4096-4255-b229-f1c0c061a598,Kaggle,C:\Users\ESSAKKI RAJA T  EV\OneDrive\Desktop\DB PAWPHILE\archive\test\Dermatitis\May-is-allergy-awareness-month-here-at-The-Shot-Spot_00016_jpg.rf.ab33519bec2147795d67705246a70d39.jpg,764,958e075a-ab0e-49f7-942c-1a889b69421e,Dermatitis,nonspecific dermatitis,"[""erythema"", ""scaling""]",disease-level (provisional),research-only,unsupported,test,skin,unknown,C,,1.0,0.0,0.0,1.0,0.0,0.0,0.0,0.0,"['erythema', 'scaling']",train
6fd55d71-b72e-44e5-8a7c-fe69dbce7627,Kaggle,C:\Users\ESSAKKI RAJA T  EV\OneDrive\Desktop\DB PAWPHILE\archive\valid\Dermatitis\HOT-SPOT-IN-DOG-HOW-vet-treated-symptom-prevention_-flea-bite-moist-eczema_dog-itching-000453_png_jpg.rf.6d123f1bd9ef196bf5ec7babbd42bee3.jpg,1455,4f36c818-25e3-4dca-97e6-8600e286ad82,Dermatitis,nonspecific dermatitis,"[""erythema"", ""scaling""]",disease-level (provisional),research-only,unsupported,valid,skin,unknown,C,,1.0,0.0,0.0,1.0,0.0,0.0,0.0,0.0,"['erythema', 'scaling']",train
91c7f0df-6181-4eb2-bdc7-7d1538393833,Multispectral,C:\Users\ESSAKKI RAJA T  EV\OneDrive\Desktop\DB PAWPHILE\Classification of pet dog skin diseases using deep learning with images captured from multispectral imaging device\5dbht54kw7-1\Dog210706_01_02_06\pic7.jpg,159,90e839d9-83a4-48c9-bf18-414efc418241,unknown,unknown,[],disease-level (provisional),research-only,unsupported,none,skin,pic7.jpg,B,,0.0,0.0,0.0,0.0,0.0,0.0,0.0,0.0,[],train
924501b5-2c15-4686-85d3-da251d3708d8,Roboflow,C:\Users\ESSAKKI RAJA T  EV\OneDrive\Desktop\DB PAWPHILE\Dog Skin Disease Dataset.v2i.folder\train\hypersensitivity dermatitis\hypersensitivity_143_jpg.rf.a6a50f608ebe676d883d26cfb7db4162.jpg,534,d1a99119-c8df-49a2-8533-c6d52c9e950a,hypersensitivity dermatitis,hypersensitivity / allergic dermatitis,"[""erythema"", ""lichenification""]",disease-level (provisional),research-only,unsupported,train,skin,unknown,C,,1.0,0.0,0.0,0.0,0.0,0.0,0.0,1.0,"['erythema', 'lichenification']",train
e9c29b05-5742-4109-b3a7-cfd55fb801f2,Kaggle,C:\Users\ESSAKKI RAJA T  EV\OneDrive\Desktop\DB PAWPHILE\archive\train\ringworm\ringworm-100-_jpg.rf.32441b5f6775a11a7d32449e4ee01c7b.jpg,118,6af454ee-934f-4f7f-8d6f-2bb84b116007,ringworm,fungal infection,"[""alopecia"", ""scaling""]",disease-level (provisional),research-only,unsupported,train,skin,unknown,C,,0.0,1.0,0.0,1.0,0.0,0.0,0.0,0.0,"['alopecia', 'scaling']",train
37ddfb8f-ca1b-4427-9453-bc630c5731aa,Kaggle,C:\Users\ESSAKKI RAJA T  EV\OneDrive\Desktop\DB PAWPHILE\archive\test\demodicosis\1-18-_png_jpg.rf.23fbb379292c087019e6c5eedf186063.jpg,1600,0897f6ba-05c7-4550-9ddb-28a1bfb897fd,demodicosis,demodicosis,"[""alopecia"", ""erythema"", ""crust""]",disease-level (provisional),research-only,unsupported,test,skin,unknown,C,,1.0,1.0,1.0,0.0,0.0,0.0,0.0,0.0,"['alopecia', 'erythema', 'crust']",train
1f6d914e-6215-46d8-a9c0-b51ac76b40e6,Roboflow,C:\Users\ESSAKKI RAJA T  EV\OneDrive\Desktop\DB PAWPHILE\Dog Skin Disease Dataset.v2i.folder\valid\bacterial dermatosis\bacterial_80_jpg.rf.c31c7f5eeba010bc4acb05114c9044ff.jpg,1339,c697d0cd-e137-4385-af43-f7a5f49b6c6b,bacterial dermatosis,bacterial dermatosis,"[""erythema"", ""pustule"", ""crust""]",disease-level (provisional),research-only,unsupported,valid,skin,unknown,C,,1.0,0.0,1.0,0.0,0.0,0.0,1.0,0.0,"['erythema', 'pustule', 'crust']",train
12993a8c-0115-4e29-8ac9-6ca236f26017,Kaggle,C:\Users\ESSAKKI RAJA T  EV\OneDrive\Desktop\DB PAWPHILE\archive\valid\demodicosis\1-66-_png_jpg.rf.fd422f6e994e3b62c106865346f9e2e6.jpg,370,efd44a85-410e-4f58-bbd5-11197a20c73a,demodicosis,demodicosis,"[""alopecia"", ""erythema"", ""crust""]",disease-level (provisional),research-only,unsupported,valid,skin,unknown,C,,1.0,1.0,1.0,0.0,0.0,0.0,0.0,0.0,"['alopecia', 'erythema', 'crust']",train
5d2005e0-665e-491b-afc8-b412efb07e88,Roboflow,C:\Users\ESSAKKI RAJA T  EV\OneDrive\Desktop\DB PAWPHILE\Dog Skin Disease Dataset.v2i.folder\test\bacterial dermatosis\bacterial_221_jpg.rf.5a44849cd2a37c71455f91328790b021.jpg,1922,3b412044-6aee-4aa0-b926-1441163b8238,bacterial dermatosis,bacterial dermatosis,"[""erythema"", ""pustule"", ""crust""]",disease-level (provisional),research-only,unsupported,test,skin,unknown,C,,1.0,0.0,1.0,0.0,0.0,0.0,1.0,0.0,"['erythema', 'pustule', 'crust']",train
7e4d32ef-779f-40a5-bfe1-ecb4618f6378,Roboflow,C:\Users\ESSAKKI RAJA T  EV\OneDrive\Desktop\DB PAWPHILE\Dog Skin Disease Dataset.v2i.folder\train\fungal infection\fungal_153_jpg.rf.b10f377f8df600c359917f00e37d3c2a.jpg,1430,306c260f-25e8-4de6-ab51-8c1980efbbd0,fungal infection,fungal infection,"[""alopecia"", ""scaling""]",disease-level (provisional),research-only,unsupported,train,skin,unknown,C,,0.0,1.0,0.0,1.0,0.0,0.0,0.0,0.0,"['alopecia', 'scaling']",train
51a941af-01be-44ae-ae51-03198120308d,Kaggle,C:\Users\ESSAKKI RAJA T  EV\OneDrive\Desktop\DB PAWPHILE\archive\test\ringworm\5A4BF21E-2505-406C-9A43-30E236CE08FE_jpeg_jpg.rf.4d4eadc3ca3f650a49a4be014b203a42.jpg,1153,7c20dfbe-9885-4723-8942-ec91fdb0d195,ringworm,fungal infection,"[""alopecia"", ""scaling""]",disease-level (provisional),research-only,unsupported,test,skin,unknown,C,,0.0,1.0,0.0,1.0,0.0,0.0,0.0,0.0,"['alopecia', 'scaling']",train
ef718fe7-13ac-485e-8320-80707340a7fd,Roboflow,C:\Users\ESSAKKI RAJA T  EV\OneDrive\Desktop\DB PAWPHILE\Dog Skin Disease Dataset.v2i.folder\train\fungal infection\fungal_355_jpg.rf.241d3efa584137d80e854dd56ae7ecf9.jpg,445,045c2ab6-263b-46a5-a28c-0cc5e3ab8aba,fungal infection,fungal infection,"[""alopecia"", ""scaling""]",disease-level (provisional),research-only,unsupported,train,skin,unknown,C,,0.0,1.0,0.0,1.0,0.0,0.0,0.0,0.0,"['alopecia', 'scaling']",train
16fea1be-33bc-4a15-89d3-a3204a532a68,Kaggle,C:\Users\ESSAKKI RAJA T  EV\OneDrive\Desktop\DB PAWPHILE\archive\test\demodicosis\IMG_5164_jpeg_jpg.rf.ab63d49ffaeddcc29bc37bb4dd8d666a.jpg,938,8aa56aad-8b27-4b7e-9798-e999b2ff5647,demodicosis,demodicosis,"[""alopecia"", ""erythema"", ""crust""]",disease-level (provisional),research-only,unsupported,test,skin,unknown,C,,1.0,1.0,1.0,0.0,0.0,0.0,0.0,0.0,"['alopecia', 'erythema', 'crust']",train
182fc83d-8489-47de-86bb-675fe8a705ab,Roboflow,C:\Users\ESSAKKI RAJA T  EV\OneDrive\Desktop\DB PAWPHILE\Dog Skin Disease Dataset.v2i.folder\train\fungal infection\fungal_47_jpg.rf.7967d01e65f215088e0a6e4ec1ab8205.jpg,1888,f9916234-246c-4935-b4ac-0a272a5c65b9,fungal infection,fungal infection,"[""alopecia"", ""scaling""]",disease-level (provisional),research-only,unsupported,train,skin,unknown,C,,0.0,1.0,0.0,1.0,0.0,0.0,0.0,0.0,"['alopecia', 'scaling']",train
f65ed4b9-29bb-4a79-b6f5-01033d772b34,Roboflow,C:\Users\ESSAKKI RAJA T  EV\OneDrive\Desktop\DB PAWPHILE\Dog Skin Disease Dataset.v2i.folder\train\bacterial dermatosis\bacterial_derm_15_jpg.rf.f287ea7020e40bfc54a37a29d81e9ed9.jpg,134,39188fe0-e69a-4f70-96b0-6ffc27eb9a57,bacterial dermatosis,bacterial dermatosis,"[""erythema"", ""pustule"", ""crust""]",disease-level (provisional),research-only,unsupported,train,skin,unknown,C,,1.0,0.0,1.0,0.0,0.0,0.0,1.0,0.0,"['erythema', 'pustule', 'crust']",train
38680c4b-7beb-4fd0-be06-3c55ecc5d539,Roboflow,C:\Users\ESSAKKI RAJA T  EV\OneDrive\Desktop\DB PAWPHILE\Dog Skin Disease Dataset.v2i.folder\train\bacterial dermatosis\bacterial_352_jpg.rf.483ee2199ae96d7a0dd114553315efdd.jpg,249,9eec1aa3-afce-4618-9268-0fcb6c0182f1,bacterial dermatosis,bacterial dermatosis,"[""erythema"", ""pustule"", ""crust""]",disease-level (provisional),research-only,unsupported,train,skin,unknown,C,,1.0,0.0,1.0,0.0,0.0,0.0,1.0,0.0,"['erythema', 'pustule', 'crust']",train
c0ebc2e5-6618-4cd7-9ca2-50a33f8580f6,Roboflow,C:\Users\ESSAKKI RAJA T  EV\OneDrive\Desktop\DB PAWPHILE\Dog Skin Disease Dataset.v2i.folder\train\bacterial dermatosis\bacterial_derm_12_jpg.rf.5769cc64c6e1d564fed110bb5fe96dfb.jpg,475,4c4c74d7-382e-4f5b-8108-a29c2ec2cc39,bacterial dermatosis,bacterial dermatosis,"[""erythema"", ""pustule"", ""crust""]",disease-level (provisional),research-only,unsupported,train,skin,unknown,C,,1.0,0.0,1.0,0.0,0.0,0.0,1.0,0.0,"['erythema', 'pustule', 'crust']",train
dfd538b7-255b-428b-b750-bb8573004f21,Roboflow,C:\Users\ESSAKKI RAJA T  EV\OneDrive\Desktop\DB PAWPHILE\Dog Skin Disease Dataset.v2i.folder\train\hypersensitivity dermatitis\hypersensitivity_20_jpg.rf.c8d41bc54851aaf32b7afed3a5f973d8.jpg,1609,3db63774-0e6c-4d5f-a135-2ee1fa74e769,hypersensitivity dermatitis,hypersensitivity / allergic dermatitis,"[""erythema"", ""lichenification""]",disease-level (provisional),research-only,unsupported,train,skin,unknown,C,,1.0,0.0,0.0,0.0,0.0,0.0,0.0,1.0,"['erythema', 'lichenification']",train
b1c1cb18-0202-409d-930a-936217d0f2be,Kaggle,C:\Users\ESSAKKI RAJA T  EV\OneDrive\Desktop\DB PAWPHILE\archive\test\Healthy\images-15_jpg.rf.3f747c364fec0a6b77f4c3993e2c3e23.jpg,1124,2e6bb031-e683-44d1-a821-c534d9fed332,Healthy,healthy,[],disease-level (provisional),research-only,unsupported,test,skin,unknown,C,,0.0,0.0,0.0,0.0,0.0,0.0,0.0,0.0,[],train
787dc3bc-2465-40eb-a536-0569623f085f,Roboflow,C:\Users\ESSAKKI RAJA T  EV\OneDrive\Desktop\DB PAWPHILE\Dog Skin Disease Dataset.v2i.folder\valid\fungal infection\fungal_344_jpg.rf.1ebc10c8f2b87fffedefc113ad45cbae.jpg,1158,6f75c5e9-8f18-4d55-9f33-44044ec6384b,fungal infection,fungal infection,"[""alopecia"", ""scaling""]",disease-level (provisional),research-only,unsupported,valid,skin,unknown,C,,0.0,1.0,0.0,1.0,0.0,0.0,0.0,0.0,"['alopecia', 'scaling']",train
6b3b1b61-bf08-4da4-90ed-e6972bb3fc14,Kaggle,C:\Users\ESSAKKI RAJA T  EV\OneDrive\Desktop\DB PAWPHILE\archive\test\ringworm\ringworm-150-_jpg.rf.4103d0e5a72e7461a5ba338ecb6399cd.jpg,390,77570f8c-d12b-4056-b557-7408fe1a0e31,ringworm,fungal infection,"[""alopecia"", ""scaling""]",disease-level (provisional),research-only,unsupported,test,skin,unknown,C,,0.0,1.0,0.0,1.0,0.0,0.0,0.0,0.0,"['alopecia', 'scaling']",train
bc2ae366-af0f-498d-9078-3c447f0f0806,Kaggle,C:\Users\ESSAKKI RAJA T  EV\OneDrive\Desktop\DB PAWPHILE\archive\train\Fungal_infections\Fungal_2_jpg.rf.1afdd2c074ed36f4520be311ad6cbf29.jpg,587,9b17ae1b-3984-4849-8650-f32117a28331,Fungal_infections,fungal infection,"[""alopecia"", ""scaling""]",disease-level (provisional),research-only,unsupported,train,skin,unknown,C,,0.0,1.0,0.0,1.0,0.0,0.0,0.0,0.0,"['alopecia', 'scaling']",train
ba6b379e-69bb-4495-bfdc-aa0cd219527a,Roboflow,C:\Users\ESSAKKI RAJA T  EV\OneDrive\Desktop\DB PAWPHILE\Dog Skin Disease Dataset.v2i.folder\train\fungal infection\fungal_231_jpg.rf.31f11c1ee682422a7693961e708a945b.jpg,1407,4391f907-54d1-4513-8c46-c68f2d1cea96,fungal infection,fungal infection,"[""alopecia"", ""scaling""]",disease-level (provisional),research-only,unsupported,train,skin,unknown,C,,0.0,1.0,0.0,1.0,0.0,0.0,0.0,0.0,"['alopecia', 'scaling']",train
a67313fa-98a4-430e-9541-b5d4190dc435,Roboflow,C:\Users\ESSAKKI RAJA T  EV\OneDrive\Desktop\DB PAWPHILE\Dog Skin Disease Dataset.v2i.folder\test\fungal infection\fungal_249_jpg.rf.7d81f5d9aadd8a483926d221ffcb14c8.jpg,617,eb3e3bf4-1778-492c-bb26-b2c4536c6203,fungal infection,fungal infection,"[""alopecia"", ""scaling""]",disease-level (provisional),research-only,unsupported,test,skin,unknown,C,,0.0,1.0,0.0,1.0,0.0,0.0,0.0,0.0,"['alopecia', 'scaling']",train
596d3db1-f171-40fc-bb40-6cd4870772fc,Roboflow,C:\Users\ESSAKKI RAJA T  EV\OneDrive\Desktop\DB PAWPHILE\Dog Skin Disease Dataset.v2i.folder\valid\fungal infection\fungal_241_jpg.rf.a912723fe4c6d1fe7332fa54fcff2f65.jpg,222,63772750-4bd2-4d77-b1cf-d5c3cc17843b,fungal infection,fungal infection,"[""alopecia"", ""scaling""]",disease-level (provisional),research-only,unsupported,valid,skin,unknown,C,,0.0,1.0,0.0,1.0,0.0,0.0,0.0,0.0,"['alopecia', 'scaling']",train
69d3d996-4e66-43f4-bf33-e56e342faae4,Kaggle,C:\Users\ESSAKKI RAJA T  EV\OneDrive\Desktop\DB PAWPHILE\archive\valid\Dermatitis\53_jpg.rf.80b9bef7fbf04517df4c6b579cc0847c.jpg,263,9ab21636-8617-4e24-875f-d328f0914aac,Dermatitis,nonspecific dermatitis,"[""erythema"", ""scaling""]",disease-level (provisional),research-only,unsupported,valid,skin,unknown,C,,1.0,0.0,0.0,1.0,0.0,0.0,0.0,0.0,"['erythema', 'scaling']",train
79278aee-98cb-4401-85f5-3339d0a3b228,Roboflow,C:\Users\ESSAKKI RAJA T  EV\OneDrive\Desktop\DB PAWPHILE\Dog Skin Disease Dataset.v2i.folder\train\fungal infection\fungal_135_jpg.rf.b03728e27b05f74e155fcb7189e3be8e.jpg,836,f4972617-e6fc-4c6a-bba1-d358ae201d0a,fungal infection,fungal infection,"[""alopecia"", ""scaling""]",disease-level (provisional),research-only,unsupported,train,skin,unknown,C,,0.0,1.0,0.0,1.0,0.0,0.0,0.0,0.0,"['alopecia', 'scaling']",train
3e7aa189-6c37-4a1a-86ea-87be99a76334,Kaggle,C:\Users\ESSAKKI RAJA T  EV\OneDrive\Desktop\DB PAWPHILE\archive\test\ringworm\436859036_407429032244109_5180510937797219633_n_jpg.rf.dc9167c0731111bfa5bfee795aff2a39.jpg,1587,08e7c9db-251a-4d96-b712-fccd819d2897,ringworm,fungal infection,"[""alopecia"", ""scaling""]",disease-level (provisional),research-only,unsupported,test,skin,unknown,C,,0.0,1.0,0.0,1.0,0.0,0.0,0.0,0.0,"['alopecia', 'scaling']",train
5dd65ec1-c4cf-47b5-a71f-a42cd463e659,Kaggle,C:\Users\ESSAKKI RAJA T  EV\OneDrive\Desktop\DB PAWPHILE\archive\train\Fungal_infections\Fungal1_png_jpg.rf.e662dcec259ce51b6d6ba47efc484aab.jpg,1850,dfd01b2b-0820-4779-a0ac-80a77868cbd3,Fungal_infections,fungal infection,"[""alopecia"", ""scaling""]",disease-level (provisional),research-only,unsupported,train,skin,unknown,C,,0.0,1.0,0.0,1.0,0.0,0.0,0.0,0.0,"['alopecia', 'scaling']",train
064281b0-912f-4e68-9c02-b70591c92c33,Kaggle,C:\Users\ESSAKKI RAJA T  EV\OneDrive\Desktop\DB PAWPHILE\archive\test\ringworm\R2_png_jpg.rf.8fe9dc3a60ec8591a65e9933132f6df7.jpg,1270,248f4bc7-1a09-4b40-af9d-8bf0353580da,ringworm,fungal infection,"[""alopecia"", ""scaling""]",disease-level (provisional),research-only,unsupported,test,skin,unknown,C,,0.0,1.0,0.0,1.0,0.0,0.0,0.0,0.0,"['alopecia', 'scaling']",train
d984573f-49b0-4685-bf6f-734b7d33a0fc,Kaggle,C:\Users\ESSAKKI RAJA T  EV\OneDrive\Desktop\DB PAWPHILE\archive\test\Dermatitis\HOT-SPOT-IN-DOG-HOW-vet-treated-symptom-prevention_-flea-bite-moist-eczema_dog-itching-000483_png_jpg.rf.a2e0488510a17cac79584f1c232c3134.jpg,1164,40ccfede-ae8b-4f6f-b075-65f3526bfc33,Dermatitis,nonspecific dermatitis,"[""erythema"", ""scaling""]",disease-level (provisional),research-only,unsupported,test,skin,unknown,C,,1.0,0.0,0.0,1.0,0.0,0.0,0.0,0.0,"['erythema', 'scaling']",train
fd97b0ad-477f-4c51-a78f-d7478fd0f816,Kaggle,C:\Users\ESSAKKI RAJA T  EV\OneDrive\Desktop\DB PAWPHILE\archive\test\Fungal_infections\Fungal_Image_4_jpg.rf.bda35e23bfd95285556f61f9bdbd1592.jpg,1692,e3d51414-67e9-4275-8391-8a7dd343bd8d,Fungal_infections,fungal infection,"[""alopecia"", ""scaling""]",disease-level (provisional),research-only,unsupported,test,skin,unknown,C,,0.0,1.0,0.0,1.0,0.0,0.0,0.0,0.0,"['alopecia', 'scaling']",train
8c6e8b18-16eb-4067-8300-e3395c36cb09,Kaggle,C:\Users\ESSAKKI RAJA T  EV\OneDrive\Desktop\DB PAWPHILE\archive\test\Dermatitis\May-is-allergy-awareness-month-here-at-The-Shot-Spot_02176_jpg.rf.9e9d261224278a3327050d94a55dd859.jpg,820,1017ba51-07c8-4dd4-b582-9e954cf27c55,Dermatitis,nonspecific dermatitis,"[""erythema"", ""scaling""]",disease-level (provisional),research-only,unsupported,test,skin,unknown,C,,1.0,0.0,0.0,1.0,0.0,0.0,0.0,0.0,"['erythema', 'scaling']",train
3ebdefa1-1324-4a2d-8c2d-ea3cd2cd5dc5,Roboflow,C:\Users\ESSAKKI RAJA T  EV\OneDrive\Desktop\DB PAWPHILE\Dog Skin Disease Dataset.v2i.folder\test\healthy\healthy_172_jpg.rf.7586048471af57d65ad4e192e632a921.jpg,803,cfc454a7-be95-4586-a39b-c4928c49d509,healthy,healthy,[],disease-level (provisional),research-only,unsupported,test,skin,unknown,C,,0.0,0.0,0.0,0.0,0.0,0.0,0.0,0.0,[],train
7471b90c-1cff-4a1c-9a47-e1de65d58dac,Kaggle,C:\Users\ESSAKKI RAJA T  EV\OneDrive\Desktop\DB PAWPHILE\archive\test\Hypersensitivity\B9781416056638000070_f007-017-9781416056638_jpg.rf.cb24d3d360d48215ea8fee360ba70b02.jpg,805,d41b0265-d843-41f3-9660-56e46ced2fb2,Hypersensitivity,hypersensitivity / allergic dermatitis,"[""erythema"", ""lichenification""]",disease-level (provisional),research-only,unsupported,test,skin,unknown,C,,1.0,0.0,0.0,0.0,0.0,0.0,0.0,1.0,"['erythema', 'lichenification']",train
57a2a240-eff6-466a-8ae3-9431d1a2b4d4,Roboflow,C:\Users\ESSAKKI RAJA T  EV\OneDrive\Desktop\DB PAWPHILE\Dog Skin Disease Dataset.v2i.folder\test\healthy\healthy_275_jpg.rf.ee18886c8f1a506d4da4b1eadf857eb7.jpg,815,3eb4f8cf-4759-4ef2-9e79-491c67292522,healthy,healthy,[],disease-level (provisional),research-only,unsupported,test,skin,unknown,C,,0.0,0.0,0.0,0.0,0.0,0.0,0.0,0.0,[],train
4e25ddb1-e316-4b95-86fb-641d79cdee32,Roboflow,C:\Users\ESSAKKI RAJA T  EV\OneDrive\Desktop\DB PAWPHILE\Dog Skin Disease Dataset.v2i.folder\train\bacterial dermatosis\bacterial_8_jpg.rf.078fe10204c5ada07c2c0a39e89c90ae.jpg,343,f2f111c4-5f05-4e0d-9954-bb5f59292905,bacterial dermatosis,bacterial dermatosis,"[""erythema"", ""pustule"", ""crust""]",disease-level (provisional),research-only,unsupported,train,skin,unknown,C,,1.0,0.0,1.0,0.0,0.0,0.0,1.0,0.0,"['erythema', 'pustule', 'crust']",train
ff698bb0-30e8-41ec-8ff9-c487fea89384,Kaggle,C:\Users\ESSAKKI RAJA T  EV\OneDrive\Desktop\DB PAWPHILE\archive\test\Healthy\pic18_jpg.rf.f9949e85fa48aebd0af7d92ee515a07b.jpg,294,4995773c-03ff-4bfe-bf8a-69770b93713e,Healthy,healthy,[],disease-level (provisional),research-only,unsupported,test,skin,unknown,C,,0.0,0.0,0.0,0.0,0.0,0.0,0.0,0.0,[],train
ece093cd-529b-4d67-8a54-62b759550124,Roboflow,C:\Users\ESSAKKI RAJA T  EV\OneDrive\Desktop\DB PAWPHILE\Dog Skin Disease Dataset.v2i.folder\train\hypersensitivity dermatitis\hypersensitivity_77_jpg.rf.6fc2e5ba78de71659d1402d33e601710.jpg,541,a5bf9077-39ae-454b-8054-83074b933547,hypersensitivity dermatitis,hypersensitivity / allergic dermatitis,"[""erythema"", ""lichenification""]",disease-level (provisional),research-only,unsupported,train,skin,unknown,C,,1.0,0.0,0.0,0.0,0.0,0.0,0.0,1.0,"['erythema', 'lichenification']",train
ffd0587a-6fa6-481d-baeb-e87d605fd37a,Roboflow,C:\Users\ESSAKKI RAJA T  EV\OneDrive\Desktop\DB PAWPHILE\Dog Skin Disease Dataset.v2i.folder\valid\bacterial dermatosis\bacterial_121_jpg.rf.37e3efb8a0777d6b2cc58912e3244a7b.jpg,225,604c027c-be7a-40b0-bc25-ff1129ea147e,bacterial dermatosis,bacterial dermatosis,"[""erythema"", ""pustule"", ""crust""]",disease-level (provisional),research-only,unsupported,valid,skin,unknown,C,,1.0,0.0,1.0,0.0,0.0,0.0,1.0,0.0,"['erythema', 'pustule', 'crust']",train
bd1f64c0-ddca-4c46-a4d5-b62d00ab21f7,Roboflow,C:\Users\ESSAKKI RAJA T  EV\OneDrive\Desktop\DB PAWPHILE\Dog Skin Disease Dataset.v2i.folder\train\bacterial dermatosis\bacterial_407_jpg.rf.5e1ed60da0a1a732519d6abe0aa911f6.jpg,1371,98207640-f1d3-4656-9a22-c874b44851b8,bacterial dermatosis,bacterial dermatosis,"[""erythema"", ""pustule"", ""crust""]",disease-level (provisional),research-only,unsupported,train,skin,unknown,C,,1.0,0.0,1.0,0.0,0.0,0.0,1.0,0.0,"['erythema', 'pustule', 'crust']",train
6d946c74-2259-483e-8907-abb5fedc966f,Roboflow,C:\Users\ESSAKKI RAJA T  EV\OneDrive\Desktop\DB PAWPHILE\Dog Skin Disease Dataset.v2i.folder\train\fungal infection\fungal_272_jpg.rf.0f3fc8a966a455f29caf7a69186d7548.jpg,527,3e3891ab-b533-4f81-baf3-78f7da1dd282,fungal infection,fungal infection,"[""alopecia"", ""scaling""]",disease-level (provisional),research-only,unsupported,train,skin,unknown,C,,0.0,1.0,0.0,1.0,0.0,0.0,0.0,0.0,"['alopecia', 'scaling']",train
3118f0a6-705d-4489-8c9e-d36f6edbca4b,Roboflow,C:\Users\ESSAKKI RAJA T  EV\OneDrive\Desktop\DB PAWPHILE\Dog Skin Disease Dataset.v2i.folder\train\fungal infection\fungal_292_jpg.rf.5e799bd860b91d63d7aea78389c744b2.jpg,123,d5d6f734-aad5-405e-8f8d-005146822651,fungal infection,fungal infection,"[""alopecia"", ""scaling""]",disease-level (provisional),research-only,unsupported,train,skin,unknown,C,,0.0,1.0,0.0,1.0,0.0,0.0,0.0,0.0,"['alopecia', 'scaling']",train
5ed0a3d2-515f-4b0c-a2cd-ecec06280970,Roboflow,C:\Users\ESSAKKI RAJA T  EV\OneDrive\Desktop\DB PAWPHILE\Dog Skin Disease Dataset.v2i.folder\valid\bacterial dermatosis\bacterial_170_jpg.rf.16d42d21469b298e4df3820f6644e4b0.jpg,1106,ebc179d8-d9e7-426b-9195-4cc7b28ca66a,bacterial dermatosis,bacterial dermatosis,"[""erythema"", ""pustule"", ""crust""]",disease-level (provisional),research-only,unsupported,valid,skin,unknown,C,,1.0,0.0,1.0,0.0,0.0,0.0,1.0,0.0,"['erythema', 'pustule', 'crust']",train
77e97b16-6afd-40f8-98eb-3e5a994a8750,Roboflow,C:\Users\ESSAKKI RAJA T  EV\OneDrive\Desktop\DB PAWPHILE\Dog Skin Disease Dataset.v2i.folder\train\bacterial dermatosis\bacterial_356_jpg.rf.1512bef328f97e82f77abe87418177aa.jpg,1424,82af6780-5369-4832-8bcb-832287e365ed,bacterial dermatosis,bacterial dermatosis,"[""erythema"", ""pustule"", ""crust""]",disease-level (provisional),research-only,unsupported,train,skin,unknown,C,,1.0,0.0,1.0,0.0,0.0,0.0,1.0,0.0,"['erythema', 'pustule', 'crust']",train
7a843500-e089-4ca1-8c76-b832954f4bca,Kaggle,C:\Users\ESSAKKI RAJA T  EV\OneDrive\Desktop\DB PAWPHILE\archive\test\Dermatitis\1000010652_x16_jpg.rf.49ca91eb9622ee207a9af19717b70778.jpg,1184,8fd00f96-880d-4b58-b014-03767ad11bd8,Dermatitis,nonspecific dermatitis,"[""erythema"", ""scaling""]",disease-level (provisional),research-only,unsupported,test,skin,unknown,C,,1.0,0.0,0.0,1.0,0.0,0.0,0.0,0.0,"['erythema', 'scaling']",train
b59a5efd-6862-481b-9aba-ae021d683469,Kaggle,C:\Users\ESSAKKI RAJA T  EV\OneDrive\Desktop\DB PAWPHILE\archive\test\Hypersensitivity\Hypersensitivity_1_jpg.rf.d325b4baf3830183bc4eadc45bbbd23c.jpg,1087,e9eba432-7acc-4a2f-843f-8e14ac978039,Hypersensitivity,hypersensitivity / allergic dermatitis,"[""erythema"", ""lichenification""]",disease-level (provisional),research-only,unsupported,test,skin,unknown,C,,1.0,0.0,0.0,0.0,0.0,0.0,0.0,1.0,"['erythema', 'lichenification']",train
3411cdcf-b92a-426f-b2ab-037a3ee65dfd,Kaggle,C:\Users\ESSAKKI RAJA T  EV\OneDrive\Desktop\DB PAWPHILE\archive\valid\Fungal_infections\fung2_jpg.rf.8b986929b867569acad092a416984924.jpg,1308,1645b921-5b72-4e31-aa78-5ec59a02e51b,Fungal_infections,fungal infection,"[""alopecia"", ""scaling""]",disease-level (provisional),research-only,unsupported,valid,skin,unknown,C,,0.0,1.0,0.0,1.0,0.0,0.0,0.0,0.0,"['alopecia', 'scaling']",train
b1e184e0-961b-4529-b225-ebc8a9e4a021,Kaggle,C:\Users\ESSAKKI RAJA T  EV\OneDrive\Desktop\DB PAWPHILE\archive\test\Fungal_infections\pic54_jpg.rf.7396e32c3cd09a324b7daa9e7d5f2b6b.jpg,1794,1aa92ba0-a68e-4e93-8f24-de9282f95808,Fungal_infections,fungal infection,"[""alopecia"", ""scaling""]",disease-level (provisional),research-only,unsupported,test,skin,unknown,C,,0.0,1.0,0.0,1.0,0.0,0.0,0.0,0.0,"['alopecia', 'scaling']",train
aaac9a44-2dc5-41b6-a2ac-41539fb853a9,Roboflow,C:\Users\ESSAKKI RAJA T  EV\OneDrive\Desktop\DB PAWPHILE\Dog Skin Disease Dataset.v2i.folder\train\fungal infection\fungal_81_jpg.rf.78d679a41949f9cd015c07b718a57e6f.jpg,250,4585df47-1f67-4152-9fb5-2c8286b5e5c7,fungal infection,fungal infection,"[""alopecia"", ""scaling""]",disease-level (provisional),research-only,unsupported,train,skin,unknown,C,,0.0,1.0,0.0,1.0,0.0,0.0,0.0,0.0,"['alopecia', 'scaling']",train
0bd9f1c0-2318-4088-bd85-891e9eabb4fe,Kaggle,C:\Users\ESSAKKI RAJA T  EV\OneDrive\Desktop\DB PAWPHILE\archive\test\Fungal_infections\FUNGAL-INFECTION_069_jpg.rf.f87070f20968b46bf7cd058d53d88fad.jpg,1026,19b48350-82b4-4f4e-8a2b-01da84e28d7e,Fungal_infections,fungal infection,"[""alopecia"", ""scaling""]",disease-level (provisional),research-only,unsupported,test,skin,unknown,C,,0.0,1.0,0.0,1.0,0.0,0.0,0.0,0.0,"['alopecia', 'scaling']",train
8252fdf2-eb0c-44f0-b71b-3f258ffd4c5d,Kaggle,C:\Users\ESSAKKI RAJA T  EV\OneDrive\Desktop\DB PAWPHILE\archive\test\demodicosis\1-41-_png_jpg.rf.630dc877cc5a02321a06c4911d5e8136.jpg,413,4c08bd38-55d6-41c1-9995-a63706f9a390,demodicosis,demodicosis,"[""alopecia"", ""erythema"", ""crust""]",disease-level (provisional),research-only,unsupported,test,skin,unknown,C,,1.0,1.0,1.0,0.0,0.0,0.0,0.0,0.0,"['alopecia', 'erythema', 'crust']",train
fb74abfa-d11c-4930-ad53-390a40527388,Roboflow,C:\Users\ESSAKKI RAJA T  EV\OneDrive\Desktop\DB PAWPHILE\Dog Skin Disease Dataset.v2i.folder\train\fungal infection\fungal_326_jpg.rf.8b25a03b86b0adde24c692f83b981ad3.jpg,312,75c49439-71e9-4e5d-8160-7a38a3b4d521,fungal infection,fungal infection,"[""alopecia"", ""scaling""]",disease-level (provisional),research-only,unsupported,train,skin,unknown,C,,0.0,1.0,0.0,1.0,0.0,0.0,0.0,0.0,"['alopecia', 'scaling']",train
92b84384-b42a-44cf-b6bb-2522e49331d3,Kaggle,C:\Users\ESSAKKI RAJA T  EV\OneDrive\Desktop\DB PAWPHILE\archive\valid\ringworm\5A4BF21E-2505-406C-9A43-30E236CE08FE_jpeg_jpg.rf.623fdb4272cda8aa778ec7e7fea6b874.jpg,894,683a4f23-f91c-4196-a26b-a1740ec454c6,ringworm,fungal infection,"[""alopecia"", ""scaling""]",disease-level (provisional),research-only,unsupported,valid,skin,unknown,C,,0.0,1.0,0.0,1.0,0.0,0.0,0.0,0.0,"['alopecia', 'scaling']",train
51d06e98-fb3e-428c-969a-e5c5e8880778,Roboflow,C:\Users\ESSAKKI RAJA T  EV\OneDrive\Desktop\DB PAWPHILE\Dog Skin Disease Dataset.v2i.folder\train\bacterial dermatosis\bacterial_157_jpg.rf.d607abc48f1e46d9dc5e8968454d4dea.jpg,856,f4c5e4f0-d680-4e9d-9387-588f44402579,bacterial dermatosis,bacterial dermatosis,"[""erythema"", ""pustule"", ""crust""]",disease-level (provisional),research-only,unsupported,train,skin,unknown,C,,1.0,0.0,1.0,0.0,0.0,0.0,1.0,0.0,"['erythema', 'pustule', 'crust']",train
6da3f7a3-ce05-421c-99c8-d4d5c7cd293d,Roboflow,C:\Users\ESSAKKI RAJA T  EV\OneDrive\Desktop\DB PAWPHILE\Dog Skin Disease Dataset.v2i.folder\train\fungal infection\fungal_148_jpg.rf.47881c1dd687054b2eece5a8552ddce2.jpg,1025,88ece36b-a6e5-449a-907b-5cd7f5aafc52,fungal infection,fungal infection,"[""alopecia"", ""scaling""]",disease-level (provisional),research-only,unsupported,train,skin,unknown,C,,0.0,1.0,0.0,1.0,0.0,0.0,0.0,0.0,"['alopecia', 'scaling']",train
790f2575-52ba-487e-b220-ef43e01cb1bc,Roboflow,C:\Users\ESSAKKI RAJA T  EV\OneDrive\Desktop\DB PAWPHILE\Dog Skin Disease Dataset.v2i.folder\train\healthy\healthy_21_jpg.rf.4ef2a4aaf3ca073a1322b6a521226696.jpg,1466,b0aaf320-878a-4aed-b8a5-05e473452d8b,healthy,healthy,[],disease-level (provisional),research-only,unsupported,train,skin,unknown,C,,0.0,0.0,0.0,0.0,0.0,0.0,0.0,0.0,[],train
57c0729c-d6d7-45b2-9d2a-6f9c93923961,Roboflow,C:\Users\ESSAKKI RAJA T  EV\OneDrive\Desktop\DB PAWPHILE\Dog Skin Disease Dataset.v2i.folder\valid\bacterial dermatosis\bacterial_378_jpg.rf.8d7692df8f446c7cdd255ef45f311520.jpg,1669,170a17a5-70de-4b67-912a-f8f708c2ac40,bacterial dermatosis,bacterial dermatosis,"[""erythema"", ""pustule"", ""crust""]",disease-level (provisional),research-only,unsupported,valid,skin,unknown,C,,1.0,0.0,1.0,0.0,0.0,0.0,1.0,0.0,"['erythema', 'pustule', 'crust']",train
e5ae6606-4ab9-4a8a-a6ac-35398b0ea723,Roboflow,C:\Users\ESSAKKI RAJA T  EV\OneDrive\Desktop\DB PAWPHILE\Dog Skin Disease Dataset.v2i.folder\test\bacterial dermatosis\bacterial_derm_5_jpg.rf.a0e6fa651f332a407c1202929aab64ac.jpg,448,2d4b19e1-93c5-4df3-ae71-5a0843ea2386,bacterial dermatosis,bacterial dermatosis,"[""erythema"", ""pustule"", ""crust""]",disease-level (provisional),research-only,unsupported,test,skin,unknown,C,,1.0,0.0,1.0,0.0,0.0,0.0,1.0,0.0,"['erythema', 'pustule', 'crust']",train
bd44f938-4965-4b8f-8a69-ac84d46af829,Kaggle,C:\Users\ESSAKKI RAJA T  EV\OneDrive\Desktop\DB PAWPHILE\archive\valid\demodicosis\IMG_5306_jpeg_jpg.rf.bdaf9c6a32a241324a66fe4cc68a3fae.jpg,1413,1062cb51-2885-41a7-98d1-603ee59f0a10,demodicosis,demodicosis,"[""alopecia"", ""erythema"", ""crust""]",disease-level (provisional),research-only,unsupported,valid,skin,unknown,C,,1.0,1.0,1.0,0.0,0.0,0.0,0.0,0.0,"['alopecia', 'erythema', 'crust']",train
0d45458b-1c5f-4ddb-962c-d4bbe1b297b6,Kaggle,C:\Users\ESSAKKI RAJA T  EV\OneDrive\Desktop\DB PAWPHILE\archive\valid\Hypersensitivity\B9781416056638000070_f007-032-9781416056638_jpg.rf.b64f73feaf87b87323109264e9088fec.jpg,509,32ea3898-3363-4f17-a808-a36f0a658164,Hypersensitivity,hypersensitivity / allergic dermatitis,"[""erythema"", ""lichenification""]",disease-level (provisional),research-only,unsupported,valid,skin,unknown,C,,1.0,0.0,0.0,0.0,0.0,0.0,0.0,1.0,"['erythema', 'lichenification']",train
fe69b3b1-6c86-4327-abc4-20d4bb4d1190,Kaggle,C:\Users\ESSAKKI RAJA T  EV\OneDrive\Desktop\DB PAWPHILE\archive\test\demodicosis\1-17-_png_jpg.rf.39cbc79b1b562dbc08f2c1781fe81179.jpg,577,456592b4-ae80-40d8-bcc4-2da64148f928,demodicosis,demodicosis,"[""alopecia"", ""erythema"", ""crust""]",disease-level (provisional),research-only,unsupported,test,skin,unknown,C,,1.0,1.0,1.0,0.0,0.0,0.0,0.0,0.0,"['alopecia', 'erythema', 'crust']",train
052c49e7-3379-4cc3-a27b-24ebe9727cea,Kaggle,C:\Users\ESSAKKI RAJA T  EV\OneDrive\Desktop\DB PAWPHILE\archive\valid\demodicosis\2024-05-13-134153_3_jpg.rf.b69422d5340e908ff2f710d6e04998c1.jpg,1360,e5d0f307-f6e5-4c11-810f-4dafa4264291,demodicosis,demodicosis,"[""alopecia"", ""erythema"", ""crust""]",disease-level (provisional),research-only,unsupported,valid,skin,unknown,C,,1.0,1.0,1.0,0.0,0.0,0.0,0.0,0.0,"['alopecia', 'erythema', 'crust']",train
e559c968-1065-4016-952c-01dd5cd01954,Roboflow,C:\Users\ESSAKKI RAJA T  EV\OneDrive\Desktop\DB PAWPHILE\Dog Skin Disease Dataset.v2i.folder\train\bacterial dermatosis\bacterial_113_jpg.rf.6395d1536f158b3b2b337ea132e57853.jpg,786,e3cc204d-2e01-401d-a84f-22c909f4131c,bacterial dermatosis,bacterial dermatosis,"[""erythema"", ""pustule"", ""crust""]",disease-level (provisional),research-only,unsupported,train,skin,unknown,C,,1.0,0.0,1.0,0.0,0.0,0.0,1.0,0.0,"['erythema', 'pustule', 'crust']",train
3e2ed1ab-d796-402b-8e5f-5af8fe19a289,Kaggle,C:\Users\ESSAKKI RAJA T  EV\OneDrive\Desktop\DB PAWPHILE\archive\train\demodicosis\2024-05-13-163616_jpg.rf.7bea142454274239b0e32248d966eabf.jpg,189,f68953b6-e0ec-40ac-afac-890070fce882,demodicosis,demodicosis,"[""alopecia"", ""erythema"", ""crust""]",disease-level (provisional),research-only,unsupported,train,skin,unknown,C,,1.0,1.0,1.0,0.0,0.0,0.0,0.0,0.0,"['alopecia', 'erythema', 'crust']",train
83374640-f448-450c-8213-46eb01c2da1f,Kaggle,C:\Users\ESSAKKI RAJA T  EV\OneDrive\Desktop\DB PAWPHILE\archive\test\demodicosis\2024-05-13-164346_4_jpg.rf.244bedcc48aaadb543b3c829c8bf2911.jpg,686,27c68b32-5109-48fc-8eb2-26a7bb2d5af4,demodicosis,demodicosis,"[""alopecia"", ""erythema"", ""crust""]",disease-level (provisional),research-only,unsupported,test,skin,unknown,C,,1.0,1.0,1.0,0.0,0.0,0.0,0.0,0.0,"['alopecia', 'erythema', 'crust']",train
642ab66e-9def-4578-b01c-04cb67ed801d,Roboflow,C:\Users\ESSAKKI RAJA T  EV\OneDrive\Desktop\DB PAWPHILE\Dog Skin Disease Dataset.v2i.folder\train\healthy\healthy_71_jpg.rf.d87c6560f3c505cbc6829a8b33c08c03.jpg,1891,9f60cf12-6b71-4f52-914e-0e6358b2996c,healthy,healthy,[],disease-level (provisional),research-only,unsupported,train,skin,unknown,C,,0.0,0.0,0.0,0.0,0.0,0.0,0.0,0.0,[],train
aa48a613-d0ca-4cf6-b912-8187c8c4205c,Roboflow,C:\Users\ESSAKKI RAJA T  EV\OneDrive\Desktop\DB PAWPHILE\Dog Skin Disease Dataset.v2i.folder\train\healthy\healthy_train_31_jpg.rf.fe7660860a6a2a274787c54d6bddb57c.jpg,1680,d43e17d0-d6e1-4193-a992-10db22be76f1,healthy,healthy,[],disease-level (provisional),research-only,unsupported,train,skin,unknown,C,,0.0,0.0,0.0,0.0,0.0,0.0,0.0,0.0,[],train
3806f819-93a3-47bc-9ca3-a47fcc1e057b,Kaggle,C:\Users\ESSAKKI RAJA T  EV\OneDrive\Desktop\DB PAWPHILE\archive\valid\Healthy\Image_18_jpg.rf.c64dd20eb93bd0404b10bdb78d7947d4.jpg,1212,a71e0164-f9b8-43f4-9c66-aad7e1c53840,Healthy,healthy,[],disease-level (provisional),research-only,unsupported,valid,skin,unknown,C,,0.0,0.0,0.0,0.0,0.0,0.0,0.0,0.0,[],train
0cc02ed0-eca9-4f0a-9aff-536502eed3d1,Roboflow,C:\Users\ESSAKKI RAJA T  EV\OneDrive\Desktop\DB PAWPHILE\Dog Skin Disease Dataset.v2i.folder\train\fungal infection\fungal_384_jpg.rf.7cb35f79d94fefb0c0d120cc2eccf4f9.jpg,520,37a3d95a-4bab-4c88-8b24-57e73f67bf0b,fungal infection,fungal infection,"[""alopecia"", ""scaling""]",disease-level (provisional),research-only,unsupported,train,skin,unknown,C,,0.0,1.0,0.0,1.0,0.0,0.0,0.0,0.0,"['alopecia', 'scaling']",train
2b220d20-06c5-45fd-b7bd-221656399f23,Roboflow,C:\Users\ESSAKKI RAJA T  EV\OneDrive\Desktop\DB PAWPHILE\Dog Skin Disease Dataset.v2i.folder\valid\fungal infection\fungal_23_jpg.rf.fddffd4bc1497cfe0af24c0dee1e7cf7.jpg,1214,fccc6d65-9b08-463d-8271-6b8ba01eeabd,fungal infection,fungal infection,"[""alopecia"", ""scaling""]",disease-level (provisional),research-only,unsupported,valid,skin,unknown,C,,0.0,1.0,0.0,1.0,0.0,0.0,0.0,0.0,"['alopecia', 'scaling']",train
68c1c362-514b-4d14-a869-eae40be5df7d,Roboflow,C:\Users\ESSAKKI RAJA T  EV\OneDrive\Desktop\DB PAWPHILE\Dog Skin Disease Dataset.v2i.folder\test\hypersensitivity dermatitis\hypersensitivity_52_jpg.rf.e12ae645f0d3b151996b0ed36875195e.jpg,1170,2ea53dda-e33d-4cfa-94d4-a88a8691d923,hypersensitivity dermatitis,hypersensitivity / allergic dermatitis,"[""erythema"", ""lichenification""]",disease-level (provisional),research-only,unsupported,test,skin,unknown,C,,1.0,0.0,0.0,0.0,0.0,0.0,0.0,1.0,"['erythema', 'lichenification']",train
287c6ad3-7cdf-4698-ba09-07509de1a35c,Kaggle,C:\Users\ESSAKKI RAJA T  EV\OneDrive\Desktop\DB PAWPHILE\archive\test\ringworm\436646102_943880210611867_8407756000999041587_n_jpg.rf.dc0bb7f2bcc852416ac2031e3e355964.jpg,1373,ac15cf0d-f3de-4b68-9958-66e30f338533,ringworm,fungal infection,"[""alopecia"", ""scaling""]",disease-level (provisional),research-only,unsupported,test,skin,unknown,C,,0.0,1.0,0.0,1.0,0.0,0.0,0.0,0.0,"['alopecia', 'scaling']",train
f4039da1-cf5e-4a97-b35e-0b3796e6038c,Roboflow,C:\Users\ESSAKKI RAJA T  EV\OneDrive\Desktop\DB PAWPHILE\Dog Skin Disease Dataset.v2i.folder\train\fungal infection\fungal_18_jpg.rf.6d37027dcffbe572af9365e7e6c726ad.jpg,1824,05b724a2-7f2f-4f0b-81c2-e8d72d118e4b,fungal infection,fungal infection,"[""alopecia"", ""scaling""]",disease-level (provisional),research-only,unsupported,train,skin,unknown,C,,0.0,1.0,0.0,1.0,0.0,0.0,0.0,0.0,"['alopecia', 'scaling']",train
359bbfe1-2199-4d64-a8c9-2175d200ef69,Kaggle,C:\Users\ESSAKKI RAJA T  EV\OneDrive\Desktop\DB PAWPHILE\archive\train\Dermatitis\1000011972_x4_jpg.rf.ea4eb71b460fd3021aadda800ab32f12.jpg,1785,79fc4acf-cc21-42ba-a3b0-854a6ea41a93,Dermatitis,nonspecific dermatitis,"[""erythema"", ""scaling""]",disease-level (provisional),research-only,unsupported,train,skin,unknown,C,,1.0,0.0,0.0,1.0,0.0,0.0,0.0,0.0,"['erythema', 'scaling']",train
817f40c0-3f16-4912-93c7-a3641cf18f82,Roboflow,C:\Users\ESSAKKI RAJA T  EV\OneDrive\Desktop\DB PAWPHILE\Dog Skin Disease Dataset.v2i.folder\train\healthy\healhty21_jpg.rf.880f900d0e0a8195b2ee231878cc844e.jpg,725,c0927bf6-274b-4331-97a1-3024ea417696,healthy,healthy,[],disease-level (provisional),research-only,unsupported,train,skin,unknown,C,,0.0,0.0,0.0,0.0,0.0,0.0,0.0,0.0,[],train
8a8764c6-3eb1-4f9b-b406-9d9bb4549935,Kaggle,C:\Users\ESSAKKI RAJA T  EV\OneDrive\Desktop\DB PAWPHILE\archive\test\Hypersensitivity\B9781416056638000070_f007-034-9781416056638_jpg.rf.6d7b037cedf36f3ea1014e4931461b96.jpg,726,e71b4bc2-b5c5-4375-843f-288c00c62a99,Hypersensitivity,hypersensitivity / allergic dermatitis,"[""erythema"", ""lichenification""]",disease-level (provisional),research-only,unsupported,test,skin,unknown,C,,1.0,0.0,0.0,0.0,0.0,0.0,0.0,1.0,"['erythema', 'lichenification']",train
3405dc25-d9eb-4265-b11d-615bd9c443c1,Roboflow,C:\Users\ESSAKKI RAJA T  EV\OneDrive\Desktop\DB PAWPHILE\Dog Skin Disease Dataset.v2i.folder\valid\fungal infection\fungal_197_jpg.rf.f73b68a29b3466a5f42a37fe79d84324.jpg,1322,0903e845-a251-43ad-9254-36040930fe56,fungal infection,fungal infection,"[""alopecia"", ""scaling""]",disease-level (provisional),research-only,unsupported,valid,skin,unknown,C,,0.0,1.0,0.0,1.0,0.0,0.0,0.0,0.0,"['alopecia', 'scaling']",train
6fb05e0f-c35d-4604-8f08-3d93fd5e19fc,Roboflow,C:\Users\ESSAKKI RAJA T  EV\OneDrive\Desktop\DB PAWPHILE\Dog Skin Disease Dataset.v2i.folder\train\fungal infection\fungal_322_jpg.rf.2fe6c4d13bd277b1abe80f44df2ec948.jpg,522,212b8826-8ffd-435a-a1d8-5c942a9009c4,fungal infection,fungal infection,"[""alopecia"", ""scaling""]",disease-level (provisional),research-only,unsupported,train,skin,unknown,C,,0.0,1.0,0.0,1.0,0.0,0.0,0.0,0.0,"['alopecia', 'scaling']",train
755eeecb-088c-49b8-8998-f028a1d8cbdb,Roboflow,C:\Users\ESSAKKI RAJA T  EV\OneDrive\Desktop\DB PAWPHILE\Dog Skin Disease Dataset.v2i.folder\valid\bacterial dermatosis\bacterial_422_jpg.rf.015027bd8218ad4641e8a57667ae503e.jpg,1121,1c5c7fdc-f3ea-4e91-a313-1edbcbfb38a6,bacterial dermatosis,bacterial dermatosis,"[""erythema"", ""pustule"", ""crust""]",disease-level (provisional),research-only,unsupported,valid,skin,unknown,C,,1.0,0.0,1.0,0.0,0.0,0.0,1.0,0.0,"['erythema', 'pustule', 'crust']",train
433b348d-0039-4d2b-a544-3100252a5d24,Kaggle,C:\Users\ESSAKKI RAJA T  EV\OneDrive\Desktop\DB PAWPHILE\archive\test\Dermatitis\bac4_png_jpg.rf.2b4b42452d1e90f06a39db78f43c29fe.jpg,1390,a088123d-1d76-43c2-85d1-fead3ac50ab5,Dermatitis,nonspecific dermatitis,"[""erythema"", ""scaling""]",disease-level (provisional),research-only,unsupported,test,skin,unknown,C,,1.0,0.0,0.0,1.0,0.0,0.0,0.0,0.0,"['erythema', 'scaling']",train
375d939c-ab06-4f6a-8df7-14b8dff1a909,Roboflow,C:\Users\ESSAKKI RAJA T  EV\OneDrive\Desktop\DB PAWPHILE\Dog Skin Disease Dataset.v2i.folder\train\hypersensitivity dermatitis\hypersensitivity_332_jpg.rf.f53632b4d31321ff582d6eb5b7d7cc65.jpg,229,67200256-6f69-40de-a06e-eb5d796d4cc6,hypersensitivity dermatitis,hypersensitivity / allergic dermatitis,"[""erythema"", ""lichenification""]",disease-level (provisional),research-only,unsupported,train,skin,unknown,C,,1.0,0.0,0.0,0.0,0.0,0.0,0.0,1.0,"['erythema', 'lichenification']",train
72415d92-c532-4158-9fb4-1d831b5af4ac,Kaggle,C:\Users\ESSAKKI RAJA T  EV\OneDrive\Desktop\DB PAWPHILE\archive\valid\ringworm\WIN_20240514_17_43_24_Pro_jpg.rf.5fd0aeb84de888dc5ca64bbabf72570c.jpg,220,4e593349-46af-4d0e-9e8c-f2891fa6b745,ringworm,fungal infection,"[""alopecia"", ""scaling""]",disease-level (provisional),research-only,unsupported,valid,skin,unknown,C,,0.0,1.0,0.0,1.0,0.0,0.0,0.0,0.0,"['alopecia', 'scaling']",train
0b999fbe-f2e4-4dc9-9548-9018d2ec745e,Kaggle,C:\Users\ESSAKKI RAJA T  EV\OneDrive\Desktop\DB PAWPHILE\archive\test\ringworm\NEWR21_png_jpg.rf.ddcb4a26d17fdd784342ab2e243402e4.jpg,1220,ed7e3002-a6d5-445a-8582-b230c6db6c14,ringworm,fungal infection,"[""alopecia"", ""scaling""]",disease-level (provisional),research-only,unsupported,test,skin,unknown,C,,0.0,1.0,0.0,1.0,0.0,0.0,0.0,0.0,"['alopecia', 'scaling']",train
8a117fa2-5f8c-4fdc-a887-ba932528d0dd,Kaggle,C:\Users\ESSAKKI RAJA T  EV\OneDrive\Desktop\DB PAWPHILE\archive\train\Dermatitis\Reply-to-don-t-let-your-dog-suffer-in-silence_00011_jpg.rf.62f877b09536b418b06024e1a1403595.jpg,1635,f05dc4d9-52f2-4709-ba99-7fe1611037ff,Dermatitis,nonspecific dermatitis,"[""erythema"", ""scaling""]",disease-level (provisional),research-only,unsupported,train,skin,unknown,C,,1.0,0.0,0.0,1.0,0.0,0.0,0.0,0.0,"['erythema', 'scaling']",train
6caf8888-feda-404a-a6f6-9c61c6442e3f,Roboflow,C:\Users\ESSAKKI RAJA T  EV\OneDrive\Desktop\DB PAWPHILE\Dog Skin Disease Dataset.v2i.folder\train\hypersensitivity dermatitis\hypersensitivity_74_jpg.rf.f2f518bdba32811f48db14b09433f413.jpg,855,25b53731-5cd8-4903-ae2d-903882c9fb63,hypersensitivity dermatitis,hypersensitivity / allergic dermatitis,"[""erythema"", ""lichenification""]",disease-level (provisional),research-only,unsupported,train,skin,unknown,C,,1.0,0.0,0.0,0.0,0.0,0.0,0.0,1.0,"['erythema', 'lichenification']",train
c24a4a87-e0ab-4b22-8864-8d0a44386536,Roboflow,C:\Users\ESSAKKI RAJA T  EV\OneDrive\Desktop\DB PAWPHILE\Dog Skin Disease Dataset.v2i.folder\valid\bacterial dermatosis\bacterial_109_jpg.rf.05b5dcaac7ec0749aaf7f820859e511f.jpg,1200,7107053d-184f-448d-a75d-aa1820739caf,bacterial dermatosis,bacterial dermatosis,"[""erythema"", ""pustule"", ""crust""]",disease-level (provisional),research-only,unsupported,valid,skin,unknown,C,,1.0,0.0,1.0,0.0,0.0,0.0,1.0,0.0,"['erythema', 'pustule', 'crust']",train
14d1bd45-62b8-4ffb-8cc3-70eb068ae8eb,Roboflow,C:\Users\ESSAKKI RAJA T  EV\OneDrive\Desktop\DB PAWPHILE\Dog Skin Disease Dataset.v2i.folder\train\fungal infection\fungal_270_jpg.rf.b45a83da67fd70c028e75f4f63276c7e.jpg,496,e66e25c9-4e9f-417d-9e03-2383d4f5b738,fungal infection,fungal infection,"[""alopecia"", ""scaling""]",disease-level (provisional),research-only,unsupported,train,skin,unknown,C,,0.0,1.0,0.0,1.0,0.0,0.0,0.0,0.0,"['alopecia', 'scaling']",train
700dea73-871d-4fd2-b35a-ca681ccb1edf,Kaggle,C:\Users\ESSAKKI RAJA T  EV\OneDrive\Desktop\DB PAWPHILE\archive\test\demodicosis\2024-05-13-162850_jpg.rf.d5f0f61280d57b363bb6bdb4cf51c6e1.jpg,506,b14c0739-dd8b-4d7a-a51b-ff8c77a96cdc,demodicosis,demodicosis,"[""alopecia"", ""erythema"", ""crust""]",disease-level (provisional),research-only,unsupported,test,skin,unknown,C,,1.0,1.0,1.0,0.0,0.0,0.0,0.0,0.0,"['alopecia', 'erythema', 'crust']",train
97a32d3c-39a8-493c-a476-a81f1dbe7a10,Kaggle,C:\Users\ESSAKKI RAJA T  EV\OneDrive\Desktop\DB PAWPHILE\archive\valid\Dermatitis\HOT-SPOT-IN-DOG-HOW-vet-treated-symptom-prevention_-flea-bite-moist-eczema_dog-itching-000358_png_jpg.rf.588214b1f23b0d1db4edaf021fa579a6.jpg,1860,6981df5c-69f3-4b93-853b-cef8bb6bf313,Dermatitis,nonspecific dermatitis,"[""erythema"", ""scaling""]",disease-level (provisional),research-only,unsupported,valid,skin,unknown,C,,1.0,0.0,0.0,1.0,0.0,0.0,0.0,0.0,"['erythema', 'scaling']",train
d96d8751-aa6d-46fc-a2f0-b008c4bce9b4,Kaggle,C:\Users\ESSAKKI RAJA T  EV\OneDrive\Desktop\DB PAWPHILE\archive\test\demodicosis\1-13-_jpg.rf.e1607fe04b3ef1e66c7c215eb77c6c72.jpg,673,db79a7f3-2501-44db-a151-406d2c39b4cf,demodicosis,demodicosis,"[""alopecia"", ""erythema"", ""crust""]",disease-level (provisional),research-only,unsupported,test,skin,unknown,C,,1.0,1.0,1.0,0.0,0.0,0.0,0.0,0.0,"['alopecia', 'erythema', 'crust']",train
e7ce6bab-c4a9-4d1e-b5c5-fc2b04a74f93,Roboflow,C:\Users\ESSAKKI RAJA T  EV\OneDrive\Desktop\DB PAWPHILE\Dog Skin Disease Dataset.v2i.folder\valid\bacterial dermatosis\bacterial_derm_9_jpg.rf.29fafd0f7aa0f3b1278687157fb917ae.jpg,1218,9688c7c9-3d60-43b4-9206-ffd2c297eefb,bacterial dermatosis,bacterial dermatosis,"[""erythema"", ""pustule"", ""crust""]",disease-level (provisional),research-only,unsupported,valid,skin,unknown,C,,1.0,0.0,1.0,0.0,0.0,0.0,1.0,0.0,"['erythema', 'pustule', 'crust']",train
85ddf7af-a6ba-4ba7-8028-8552a74e7bf9,Kaggle,C:\Users\ESSAKKI RAJA T  EV\OneDrive\Desktop\DB PAWPHILE\archive\train\demodicosis\1-53-_png_jpg.rf.d5d8ff95c9db2c91725c990ad223b106.jpg,256,3f62051a-6e7f-48bf-b564-1827f5ed2690,demodicosis,demodicosis,"[""alopecia"", ""erythema"", ""crust""]",disease-level (provisional),research-only,unsupported,train,skin,unknown,C,,1.0,1.0,1.0,0.0,0.0,0.0,0.0,0.0,"['alopecia', 'erythema', 'crust']",train
024ef6d1-0479-4451-b10e-7535c997facb,Kaggle,C:\Users\ESSAKKI RAJA T  EV\OneDrive\Desktop\DB PAWPHILE\archive\train\ringworm\ringworm-43-_jpg.rf.536e4dce45a3556b20a0960a2382e267.jpg,398,a32cec1a-f258-4c4d-b5c0-99040eba5e90,ringworm,fungal infection,"[""alopecia"", ""scaling""]",disease-level (provisional),research-only,unsupported,train,skin,unknown,C,,0.0,1.0,0.0,1.0,0.0,0.0,0.0,0.0,"['alopecia', 'scaling']",train
5fd2baf6-95cb-4188-bfbe-8d8345ea8c3e,Kaggle,C:\Users\ESSAKKI RAJA T  EV\OneDrive\Desktop\DB PAWPHILE\archive\test\ringworm\WIN_20240514_17_42_39_Pro_jpg.rf.616ccf349c0b16ab77667dd801f4f11b.jpg,353,2b58c9b9-0ea5-489c-98fe-53ebb08c92de,ringworm,fungal infection,"[""alopecia"", ""scaling""]",disease-level (provisional),research-only,unsupported,test,skin,unknown,C,,0.0,1.0,0.0,1.0,0.0,0.0,0.0,0.0,"['alopecia', 'scaling']",train
4404d3f8-6c05-4695-bb67-4e29697efe43,Roboflow,C:\Users\ESSAKKI RAJA T  EV\OneDrive\Desktop\DB PAWPHILE\Dog Skin Disease Dataset.v2i.folder\valid\fungal infection\fungal_83_jpg.rf.2d9a91f55823974bdcaa7bde5cb24950.jpg,649,d27b1704-8ec9-4d06-9429-4a317b9723ef,fungal infection,fungal infection,"[""alopecia"", ""scaling""]",disease-level (provisional),research-only,unsupported,valid,skin,unknown,C,,0.0,1.0,0.0,1.0,0.0,0.0,0.0,0.0,"['alopecia', 'scaling']",train
5bd27673-211d-431e-b8a5-74f2fa962a8a,Roboflow,C:\Users\ESSAKKI RAJA T  EV\OneDrive\Desktop\DB PAWPHILE\Dog Skin Disease Dataset.v2i.folder\test\fungal infection\fungal_358_jpg.rf.fa4638c94f43c181213d67d9e8d6a0c2.jpg,616,dbd3a733-76b6-4bf4-8996-cb18cd842a10,fungal infection,fungal infection,"[""alopecia"", ""scaling""]",disease-level (provisional),research-only,unsupported,test,skin,unknown,C,,0.0,1.0,0.0,1.0,0.0,0.0,0.0,0.0,"['alopecia', 'scaling']",train
af4fcb23-1ccc-4fe0-8906-798069791bfc,Kaggle,C:\Users\ESSAKKI RAJA T  EV\OneDrive\Desktop\DB PAWPHILE\archive\valid\Dermatitis\217702707_549389272771952_6096969687785169247_n_jpg.rf.514e1d3483ac3ebf86f715ac03837bc5.jpg,1605,2b3a46f6-cdc5-4720-b553-93888af62bb1,Dermatitis,nonspecific dermatitis,"[""erythema"", ""scaling""]",disease-level (provisional),research-only,unsupported,valid,skin,unknown,C,,1.0,0.0,0.0,1.0,0.0,0.0,0.0,0.0,"['erythema', 'scaling']",train
90d98819-e3ae-46cf-ab25-0e481bddf22e,Kaggle,C:\Users\ESSAKKI RAJA T  EV\OneDrive\Desktop\DB PAWPHILE\archive\valid\demodicosis\P33_png_jpg.rf.642c1f73f25cc1b4dcfb375ba0deb52b.jpg,511,b2948575-8011-4ff9-b773-b19b5f194b53,demodicosis,demodicosis,"[""alopecia"", ""erythema"", ""crust""]",disease-level (provisional),research-only,unsupported,valid,skin,unknown,C,,1.0,1.0,1.0,0.0,0.0,0.0,0.0,0.0,"['alopecia', 'erythema', 'crust']",train
9d0e9576-ed0e-4700-9a86-c523bb70c3bc,Kaggle,C:\Users\ESSAKKI RAJA T  EV\OneDrive\Desktop\DB PAWPHILE\archive\test\Dermatitis\HOT-SPOT-IN-DOG-HOW-vet-treated-symptom-prevention_-flea-bite-moist-eczema_dog-itching-000480_png_jpg.rf.4838dbe4435d03f1f1cbcf60915dca8f.jpg,1386,617001ba-8453-4561-a3ce-eb9bdd0bcf82,Dermatitis,nonspecific dermatitis,"[""erythema"", ""scaling""]",disease-level (provisional),research-only,unsupported,test,skin,unknown,C,,1.0,0.0,0.0,1.0,0.0,0.0,0.0,0.0,"['erythema', 'scaling']",train
6382c7ae-8524-4bd8-968c-99d227bfdd4a,Kaggle,C:\Users\ESSAKKI RAJA T  EV\OneDrive\Desktop\DB PAWPHILE\archive\train\demodicosis\2024-05-13-134023_1_jpg.rf.256ffc56795fec45940d676660f107c3.jpg,495,770825cd-2af9-4e30-8da5-1b573763463e,demodicosis,demodicosis,"[""alopecia"", ""erythema"", ""crust""]",disease-level (provisional),research-only,unsupported,train,skin,unknown,C,,1.0,1.0,1.0,0.0,0.0,0.0,0.0,0.0,"['alopecia', 'erythema', 'crust']",train
c154b1c9-8e68-4818-bfd0-7844d8233dea,Roboflow,C:\Users\ESSAKKI RAJA T  EV\OneDrive\Desktop\DB PAWPHILE\Dog Skin Disease Dataset.v2i.folder\valid\fungal infection\fungal_124_jpg.rf.40581f1f7cc90f7431a12b6bf2ceeda7.jpg,802,d4cc48b1-5eb4-44bf-8884-d563b1bbb68b,fungal infection,fungal infection,"[""alopecia"", ""scaling""]",disease-level (provisional),research-only,unsupported,valid,skin,unknown,C,,0.0,1.0,0.0,1.0,0.0,0.0,0.0,0.0,"['alopecia', 'scaling']",train
0b3b534d-2fc6-41f6-8f46-a2de2e42c515,Kaggle,C:\Users\ESSAKKI RAJA T  EV\OneDrive\Desktop\DB PAWPHILE\archive\test\Healthy\dogs_047_jpg.rf.a0ad6f471fcb1a9db26eaa345df20283.jpg,403,9b61b203-2ff0-4ee4-9277-9f83d6f48311,Healthy,healthy,[],disease-level (provisional),research-only,unsupported,test,skin,unknown,C,,0.0,0.0,0.0,0.0,0.0,0.0,0.0,0.0,[],train
ef34faf6-5806-49ea-a661-b9428f10aca1,Kaggle,C:\Users\ESSAKKI RAJA T  EV\OneDrive\Desktop\DB PAWPHILE\archive\train\demodicosis\IMG_5156_jpeg_jpg.rf.72125b7a4794fdc6208cd9b6e80efe9e.jpg,1503,7787953d-f497-46c5-9cd2-6b838acb68e0,demodicosis,demodicosis,"[""alopecia"", ""erythema"", ""crust""]",disease-level (provisional),research-only,unsupported,train,skin,unknown,C,,1.0,1.0,1.0,0.0,0.0,0.0,0.0,0.0,"['alopecia', 'erythema', 'crust']",train
912f60c0-01d7-4fee-ae17-1e0df5e6dc15,Kaggle,C:\Users\ESSAKKI RAJA T  EV\OneDrive\Desktop\DB PAWPHILE\archive\valid\demodicosis\2024-05-13-133458_3_jpg.rf.f0a4155f609a78339e7028cd9d95aa60.jpg,707,3bb0c243-fe77-4a00-a0c5-43b1c1f94b33,demodicosis,demodicosis,"[""alopecia"", ""erythema"", ""crust""]",disease-level (provisional),research-only,unsupported,valid,skin,unknown,C,,1.0,1.0,1.0,0.0,0.0,0.0,0.0,0.0,"['alopecia', 'erythema', 'crust']",train
b5db2be6-0839-4b37-bee4-b2ebde7ee9f1,Kaggle,C:\Users\ESSAKKI RAJA T  EV\OneDrive\Desktop\DB PAWPHILE\archive\train\demodicosis\IMG_5217_jpeg_jpg.rf.e5a55d1f72c1e2cad513179586e6c75d.jpg,352,2108149a-ca73-449e-8a56-726b28f9485a,demodicosis,demodicosis,"[""alopecia"", ""erythema"", ""crust""]",disease-level (provisional),research-only,unsupported,train,skin,unknown,C,,1.0,1.0,1.0,0.0,0.0,0.0,0.0,0.0,"['alopecia', 'erythema', 'crust']",train
7c54105f-390f-478f-a82b-7295759feafe,Roboflow,C:\Users\ESSAKKI RAJA T  EV\OneDrive\Desktop\DB PAWPHILE\Dog Skin Disease Dataset.v2i.folder\valid\healthy\healthy_154_jpg.rf.4981c55e8554f402901f953a2b06929b.jpg,322,56f5099f-ffe8-46fb-970e-668cb95d158f,healthy,healthy,[],disease-level (provisional),research-only,unsupported,valid,skin,unknown,C,,0.0,0.0,0.0,0.0,0.0,0.0,0.0,0.0,[],train
ee965d48-8853-4d19-ac32-59631789d8f8,Kaggle,C:\Users\ESSAKKI RAJA T  EV\OneDrive\Desktop\DB PAWPHILE\archive\train\demodicosis\2024-05-13-133853_2_jpg.rf.b6a45fc00b3f97dab57c1da63eb1a639.jpg,1135,518fee52-1545-4620-ae6d-b231eaecbf54,demodicosis,demodicosis,"[""alopecia"", ""erythema"", ""crust""]",disease-level (provisional),research-only,unsupported,train,skin,unknown,C,,1.0,1.0,1.0,0.0,0.0,0.0,0.0,0.0,"['alopecia', 'erythema', 'crust']",train
e6de26f0-5b44-4edc-bca0-6479951c8713,Roboflow,C:\Users\ESSAKKI RAJA T  EV\OneDrive\Desktop\DB PAWPHILE\Dog Skin Disease Dataset.v2i.folder\train\fungal infection\fungal_205_jpg.rf.489fd73f2de624a9ecee42f28ab7c320.jpg,458,1827a5fb-26e5-4a62-bfca-2005225b3dea,fungal infection,fungal infection,"[""alopecia"", ""scaling""]",disease-level (provisional),research-only,unsupported,train,skin,unknown,C,,0.0,1.0,0.0,1.0,0.0,0.0,0.0,0.0,"['alopecia', 'scaling']",train
e9645486-8f81-453c-b1ff-4e09dcae42b3,Kaggle,C:\Users\ESSAKKI RAJA T  EV\OneDrive\Desktop\DB PAWPHILE\archive\test\Healthy\HEALTHY_060_jpg.rf.f5593a2be8097621271132194ab47ece.jpg,904,885231f6-f979-4b40-ae53-0b30afbf6dbd,Healthy,healthy,[],disease-level (provisional),research-only,unsupported,test,skin,unknown,C,,0.0,0.0,0.0,0.0,0.0,0.0,0.0,0.0,[],train
847ffc4d-9911-48d9-9484-17b83f933bb3,Kaggle,C:\Users\ESSAKKI RAJA T  EV\OneDrive\Desktop\DB PAWPHILE\archive\valid\ringworm\NEWR37_png_jpg.rf.de8706d667fe1097c895f9879b0865f1.jpg,491,75fa9932-e71b-4a1c-9713-12a52c0dbd86,ringworm,fungal infection,"[""alopecia"", ""scaling""]",disease-level (provisional),research-only,unsupported,valid,skin,unknown,C,,0.0,1.0,0.0,1.0,0.0,0.0,0.0,0.0,"['alopecia', 'scaling']",train
efea2f59-8e0e-44a8-856d-9484f9499b87,Roboflow,C:\Users\ESSAKKI RAJA T  EV\OneDrive\Desktop\DB PAWPHILE\Dog Skin Disease Dataset.v2i.folder\test\healthy\healhty9_jpg.rf.d29268ce97a3e832cc9632202ffcae0a.jpg,1557,2522e2d3-8e81-4d39-8a7f-2ff6e0af73db,healthy,healthy,[],disease-level (provisional),research-only,unsupported,test,skin,unknown,C,,0.0,0.0,0.0,0.0,0.0,0.0,0.0,0.0,[],train
28d9d209-6364-4722-9410-5463bd997c5f,Roboflow,C:\Users\ESSAKKI RAJA T  EV\OneDrive\Desktop\DB PAWPHILE\Dog Skin Disease Dataset.v2i.folder\train\fungal infection\fungal_203_jpg.rf.0da00929e51bb8de7e21166c1802f341.jpg,582,b9760fea-fdca-41a1-a45e-26063d8c7091,fungal infection,fungal infection,"[""alopecia"", ""scaling""]",disease-level (provisional),research-only,unsupported,train,skin,unknown,C,,0.0,1.0,0.0,1.0,0.0,0.0,0.0,0.0,"['alopecia', 'scaling']",train
df0d7f3e-229a-40d6-adaf-95b98eb65385,Kaggle,C:\Users\ESSAKKI RAJA T  EV\OneDrive\Desktop\DB PAWPHILE\archive\train\Dermatitis\217702707_549389272771952_6096969687785169247_n_jpg.rf.09a1635a69a5a0192d96bb2022bdaeb4.jpg,1572,51670917-c03b-4096-94f6-ea6764375ef7,Dermatitis,nonspecific dermatitis,"[""erythema"", ""scaling""]",disease-level (provisional),research-only,unsupported,train,skin,unknown,C,,1.0,0.0,0.0,1.0,0.0,0.0,0.0,0.0,"['erythema', 'scaling']",train
b16ef699-e14a-442d-a98e-17969526c63c,Roboflow,C:\Users\ESSAKKI RAJA T  EV\OneDrive\Desktop\DB PAWPHILE\Dog Skin Disease Dataset.v2i.folder\train\healthy\healthy_71_jpg.rf.0097d43421102e8a0b8c9d71cf7615bd.jpg,1890,ac149894-09ee-45b7-822d-fe00bdd78182,healthy,healthy,[],disease-level (provisional),research-only,unsupported,train,skin,unknown,C,,0.0,0.0,0.0,0.0,0.0,0.0,0.0,0.0,[],train
a29a90d1-5e68-40a6-880a-83b16bf85b95,Kaggle,C:\Users\ESSAKKI RAJA T  EV\OneDrive\Desktop\DB PAWPHILE\archive\valid\demodicosis\1-39-_png_jpg.rf.6642356e9f84e092d672290a0f7c5095.jpg,333,69c9cd32-a024-4611-86d3-2fdc0f3223ab,demodicosis,demodicosis,"[""alopecia"", ""erythema"", ""crust""]",disease-level (provisional),research-only,unsupported,valid,skin,unknown,C,,1.0,1.0,1.0,0.0,0.0,0.0,0.0,0.0,"['alopecia', 'erythema', 'crust']",train
49299490-4185-4f2f-bd61-fc5dbe46c85c,Roboflow,C:\Users\ESSAKKI RAJA T  EV\OneDrive\Desktop\DB PAWPHILE\Dog Skin Disease Dataset.v2i.folder\test\bacterial dermatosis\bacterial_226_jpg.rf.0bbc74c3b45618b0fb619c091f82616b.jpg,1382,400ed028-690c-4a68-8cc9-888b64ea6c9f,bacterial dermatosis,bacterial dermatosis,"[""erythema"", ""pustule"", ""crust""]",disease-level (provisional),research-only,unsupported,test,skin,unknown,C,,1.0,0.0,1.0,0.0,0.0,0.0,1.0,0.0,"['erythema', 'pustule', 'crust']",train
d7c81a06-05ae-423e-a429-529cd342aaf9,Roboflow,C:\Users\ESSAKKI RAJA T  EV\OneDrive\Desktop\DB PAWPHILE\Dog Skin Disease Dataset.v2i.folder\test\fungal infection\fungal_324_jpg.rf.7282e4ce58497a9a1eb8d4140bcfc54c.jpg,735,2e18c153-2ce4-4909-b272-c9cb6f42c58a,fungal infection,fungal infection,"[""alopecia"", ""scaling""]",disease-level (provisional),research-only,unsupported,test,skin,unknown,C,,0.0,1.0,0.0,1.0,0.0,0.0,0.0,0.0,"['alopecia', 'scaling']",train
7b35b695-5a59-4eba-b09d-635ce6971c4a,Roboflow,C:\Users\ESSAKKI RAJA T  EV\OneDrive\Desktop\DB PAWPHILE\Dog Skin Disease Dataset.v2i.folder\train\bacterial dermatosis\bacterial_119_jpg.rf.2d0b7131069115c8320dfeba9102f2bd.jpg,1776,ca5488f8-63b0-40d3-ae93-8c873d113e73,bacterial dermatosis,bacterial dermatosis,"[""erythema"", ""pustule"", ""crust""]",disease-level (provisional),research-only,unsupported,train,skin,unknown,C,,1.0,0.0,1.0,0.0,0.0,0.0,1.0,0.0,"['erythema', 'pustule', 'crust']",train
8386413e-aa47-4922-aa46-c67ecdb7145f,Kaggle,C:\Users\ESSAKKI RAJA T  EV\OneDrive\Desktop\DB PAWPHILE\archive\valid\demodicosis\2024-05-13-165218_jpg.rf.bb8936597006e07303c4eed3e1d0d7a3.jpg,1549,e9490b30-8245-4be3-a112-3ffb089bff23,demodicosis,demodicosis,"[""alopecia"", ""erythema"", ""crust""]",disease-level (provisional),research-only,unsupported,valid,skin,unknown,C,,1.0,1.0,1.0,0.0,0.0,0.0,0.0,0.0,"['alopecia', 'erythema', 'crust']",train
896c3d82-15ae-414e-9644-1e07734b9111,Kaggle,C:\Users\ESSAKKI RAJA T  EV\OneDrive\Desktop\DB PAWPHILE\archive\valid\ringworm\R22_png_jpg.rf.2467bb89c620f8646a7bd46e9192556f.jpg,790,04893b30-66cb-4d85-8227-fc75662c42cc,ringworm,fungal infection,"[""alopecia"", ""scaling""]",disease-level (provisional),research-only,unsupported,valid,skin,unknown,C,,0.0,1.0,0.0,1.0,0.0,0.0,0.0,0.0,"['alopecia', 'scaling']",train
dfeae53d-f7e1-45e3-a051-315e40faf0df,Roboflow,C:\Users\ESSAKKI RAJA T  EV\OneDrive\Desktop\DB PAWPHILE\Dog Skin Disease Dataset.v2i.folder\train\fungal infection\fungal_180_jpg.rf.ba7c625a966e39ece619d0e9716fd2fa.jpg,788,d5f35d6f-aeb8-4c8a-a8fb-b4cec0fe8eaf,fungal infection,fungal infection,"[""alopecia"", ""scaling""]",disease-level (provisional),research-only,unsupported,train,skin,unknown,C,,0.0,1.0,0.0,1.0,0.0,0.0,0.0,0.0,"['alopecia', 'scaling']",train
ca25b8ed-2226-4940-9724-907e3ee72faf,Roboflow,C:\Users\ESSAKKI RAJA T  EV\OneDrive\Desktop\DB PAWPHILE\Dog Skin Disease Dataset.v2i.folder\train\healthy\healthy_50_jpg.rf.abb49f8b7df9fa52cc630d195483544b.jpg,331,8e87aad1-1c39-41c1-ad3e-981406cb644a,healthy,healthy,[],disease-level (provisional),research-only,unsupported,train,skin,unknown,C,,0.0,0.0,0.0,0.0,0.0,0.0,0.0,0.0,[],train
d62f6e5c-da31-4b67-a0d6-f710a59f7767,Roboflow,C:\Users\ESSAKKI RAJA T  EV\OneDrive\Desktop\DB PAWPHILE\Dog Skin Disease Dataset.v2i.folder\train\fungal infection\fungal_389_jpg.rf.df229c269720572a725689de97139e23.jpg,164,b2e25927-cf22-422d-aad5-3b9376825f8e,fungal infection,fungal infection,"[""alopecia"", ""scaling""]",disease-level (provisional),research-only,unsupported,train,skin,unknown,C,,0.0,1.0,0.0,1.0,0.0,0.0,0.0,0.0,"['alopecia', 'scaling']",train
27e682cd-fa1c-485e-988c-6a83ecd758f5,Kaggle,C:\Users\ESSAKKI RAJA T  EV\OneDrive\Desktop\DB PAWPHILE\archive\test\Fungal_infections\fung5_jpg.rf.fe46c9756b31d9ff524f8d02568d2d83.jpg,1387,9919e247-6a79-42e0-8803-2aadd53d6042,Fungal_infections,fungal infection,"[""alopecia"", ""scaling""]",disease-level (provisional),research-only,unsupported,test,skin,unknown,C,,0.0,1.0,0.0,1.0,0.0,0.0,0.0,0.0,"['alopecia', 'scaling']",train
f547a9e9-5246-4ee0-acb9-5137a9a62189,Roboflow,C:\Users\ESSAKKI RAJA T  EV\OneDrive\Desktop\DB PAWPHILE\Dog Skin Disease Dataset.v2i.folder\train\fungal infection\fungal_296_jpg.rf.35837406eaabb86485f24fd95d44a03b.jpg,1616,604b88b7-a2e7-4006-8ec5-54acde5240f6,fungal infection,fungal infection,"[""alopecia"", ""scaling""]",disease-level (provisional),research-only,unsupported,train,skin,unknown,C,,0.0,1.0,0.0,1.0,0.0,0.0,0.0,0.0,"['alopecia', 'scaling']",train
0a345572-4f68-43bb-84aa-8249b540e131,Kaggle,C:\Users\ESSAKKI RAJA T  EV\OneDrive\Desktop\DB PAWPHILE\archive\valid\Fungal_infections\fung2_jpg.rf.a115ac674825572fb55066c5777a7aee.jpg,681,257f753d-cae2-490d-868c-55501aea1041,Fungal_infections,fungal infection,"[""alopecia"", ""scaling""]",disease-level (provisional),research-only,unsupported,valid,skin,unknown,C,,0.0,1.0,0.0,1.0,0.0,0.0,0.0,0.0,"['alopecia', 'scaling']",train
b657280d-e05e-4998-823e-e4fcf77a45fd,Roboflow,C:\Users\ESSAKKI RAJA T  EV\OneDrive\Desktop\DB PAWPHILE\Dog Skin Disease Dataset.v2i.folder\test\healthy\healthy_70_jpg.rf.d4bc44cb318398862076a8db52aaf95a.jpg,1504,a3ef8afa-69f0-4d94-8e4a-5a8c97004c7d,healthy,healthy,[],disease-level (provisional),research-only,unsupported,test,skin,unknown,C,,0.0,0.0,0.0,0.0,0.0,0.0,0.0,0.0,[],train
9b982126-5a19-46ef-8bdd-323e9c798776,Kaggle,C:\Users\ESSAKKI RAJA T  EV\OneDrive\Desktop\DB PAWPHILE\archive\valid\Dermatitis\bacc2_jpg.rf.a7998f061f03e4592be1a91f7d749ca3.jpg,385,0c94b8b8-1391-4069-930f-1bc1ccfe9d00,Dermatitis,nonspecific dermatitis,"[""erythema"", ""scaling""]",disease-level (provisional),research-only,unsupported,valid,skin,unknown,C,,1.0,0.0,0.0,1.0,0.0,0.0,0.0,0.0,"['erythema', 'scaling']",train
ff8f8277-9143-45cf-ac8d-c96f5eaa6410,Roboflow,C:\Users\ESSAKKI RAJA T  EV\OneDrive\Desktop\DB PAWPHILE\Dog Skin Disease Dataset.v2i.folder\test\fungal infection\fungal_297_jpg.rf.7bb955f9e0cbab728225403b09adea01.jpg,1412,93fa7abe-d9d6-43d4-a6a5-3933a0b674b4,fungal infection,fungal infection,"[""alopecia"", ""scaling""]",disease-level (provisional),research-only,unsupported,test,skin,unknown,C,,0.0,1.0,0.0,1.0,0.0,0.0,0.0,0.0,"['alopecia', 'scaling']",train
d9d9dc26-3480-4d6f-9852-19026dd1338b,Kaggle,C:\Users\ESSAKKI RAJA T  EV\OneDrive\Desktop\DB PAWPHILE\archive\train\demodicosis\1-32-_png_jpg.rf.3cc081fd515ea185fd5015a80e480127.jpg,1656,d17dfcd7-f1aa-499d-9de6-35116b73a026,demodicosis,demodicosis,"[""alopecia"", ""erythema"", ""crust""]",disease-level (provisional),research-only,unsupported,train,skin,unknown,C,,1.0,1.0,1.0,0.0,0.0,0.0,0.0,0.0,"['alopecia', 'erythema', 'crust']",train
8755f640-e864-4b1e-a8e1-ca72fbcd108a,Roboflow,C:\Users\ESSAKKI RAJA T  EV\OneDrive\Desktop\DB PAWPHILE\Dog Skin Disease Dataset.v2i.folder\train\healthy\healthy_83_jpg.rf.b166eebaf0244a03ef2ec0f5953d8ae6.jpg,918,c4a65e50-c753-4dcf-a05e-08946aac4c26,healthy,healthy,[],disease-level (provisional),research-only,unsupported,train,skin,unknown,C,,0.0,0.0,0.0,0.0,0.0,0.0,0.0,0.0,[],train
0838e4c8-4deb-4784-bc3b-62eb7b45f2e8,Kaggle,C:\Users\ESSAKKI RAJA T  EV\OneDrive\Desktop\DB PAWPHILE\archive\test\demodicosis\IMG_5302_jpeg_jpg.rf.fa1ae6a660456f1c0518d027b1010547.jpg,1349,0917feb5-bee8-4086-bdf7-7ca561a57789,demodicosis,demodicosis,"[""alopecia"", ""erythema"", ""crust""]",disease-level (provisional),research-only,unsupported,test,skin,unknown,C,,1.0,1.0,1.0,0.0,0.0,0.0,0.0,0.0,"['alopecia', 'erythema', 'crust']",train
9cfd1289-c9d2-4a58-bd3a-5ac436f7bfb4,Kaggle,C:\Users\ESSAKKI RAJA T  EV\OneDrive\Desktop\DB PAWPHILE\archive\test\Dermatitis\1000010673_x16_jpg.rf.fa6dbd65df4998a3ae78df33e6de29f0.jpg,439,3c196318-dbfa-47a8-ae4b-136a689b1b93,Dermatitis,nonspecific dermatitis,"[""erythema"", ""scaling""]",disease-level (provisional),research-only,unsupported,test,skin,unknown,C,,1.0,0.0,0.0,1.0,0.0,0.0,0.0,0.0,"['erythema', 'scaling']",train
ea085f28-2a23-4e8e-80ff-3d0570883e0c,Kaggle,C:\Users\ESSAKKI RAJA T  EV\OneDrive\Desktop\DB PAWPHILE\archive\test\ringworm\ringworm-82-_jpg.rf.d33ae4bb95925555eba61140fab0b1c3.jpg,550,78ba477c-226a-41ce-94f1-b9379002c06e,ringworm,fungal infection,"[""alopecia"", ""scaling""]",disease-level (provisional),research-only,unsupported,test,skin,unknown,C,,0.0,1.0,0.0,1.0,0.0,0.0,0.0,0.0,"['alopecia', 'scaling']",train
42bac4cc-9a9e-4525-9d87-30bd9a62ee5d,Roboflow,C:\Users\ESSAKKI RAJA T  EV\OneDrive\Desktop\DB PAWPHILE\Dog Skin Disease Dataset.v2i.folder\train\bacterial dermatosis\bacterial_42_jpg.rf.852ef6ac196ddf19d0c814812564df68.jpg,1686,a23a4e9d-58aa-4031-a83c-87b447e8ef7a,bacterial dermatosis,bacterial dermatosis,"[""erythema"", ""pustule"", ""crust""]",disease-level (provisional),research-only,unsupported,train,skin,unknown,C,,1.0,0.0,1.0,0.0,0.0,0.0,1.0,0.0,"['erythema', 'pustule', 'crust']",train
fad88522-7a0e-41e6-9437-21ae33ad3697,Kaggle,C:\Users\ESSAKKI RAJA T  EV\OneDrive\Desktop\DB PAWPHILE\archive\train\Dermatitis\1000010693_x16_jpg.rf.95b5718e11b4f7ade32eb0054b246cf0.jpg,1700,a3482786-59e5-437e-aa43-c01c92b591df,Dermatitis,nonspecific dermatitis,"[""erythema"", ""scaling""]",disease-level (provisional),research-only,unsupported,train,skin,unknown,C,,1.0,0.0,0.0,1.0,0.0,0.0,0.0,0.0,"['erythema', 'scaling']",train
90445647-5973-46fd-a22c-fe7da828a42a,Roboflow,C:\Users\ESSAKKI RAJA T  EV\OneDrive\Desktop\DB PAWPHILE\Dog Skin Disease Dataset.v2i.folder\valid\bacterial dermatosis\bacterial_308_jpg.rf.9d86685527eec186a6ad689f90ce028b.jpg,1084,2c5decaf-aba3-4994-85e9-8f7b2c32e6d3,bacterial dermatosis,bacterial dermatosis,"[""erythema"", ""pustule"", ""crust""]",disease-level (provisional),research-only,unsupported,valid,skin,unknown,C,,1.0,0.0,1.0,0.0,0.0,0.0,1.0,0.0,"['erythema', 'pustule', 'crust']",train
ee9a2f0e-c162-4502-b64d-fe513a30fed3,Roboflow,C:\Users\ESSAKKI RAJA T  EV\OneDrive\Desktop\DB PAWPHILE\Dog Skin Disease Dataset.v2i.folder\train\bacterial dermatosis\bacterial_315_jpg.rf.05dcd66cd079ca20c0a4682a887c7a0f.jpg,1027,02343241-7ebc-4b4c-927a-22f535196786,bacterial dermatosis,bacterial dermatosis,"[""erythema"", ""pustule"", ""crust""]",disease-level (provisional),research-only,unsupported,train,skin,unknown,C,,1.0,0.0,1.0,0.0,0.0,0.0,1.0,0.0,"['erythema', 'pustule', 'crust']",train
0b72c398-4238-4ec8-a5a9-3afc6fbf37ca,Kaggle,C:\Users\ESSAKKI RAJA T  EV\OneDrive\Desktop\DB PAWPHILE\archive\valid\ringworm\WIN_20240514_17_42_05_Pro_jpg.rf.fcefc8466cd3cfa1b427ea417d060d1c.jpg,327,8b1d06bf-f37c-4006-96f8-6b1dc02df46d,ringworm,fungal infection,"[""alopecia"", ""scaling""]",disease-level (provisional),research-only,unsupported,valid,skin,unknown,C,,0.0,1.0,0.0,1.0,0.0,0.0,0.0,0.0,"['alopecia', 'scaling']",train
4e9c9bb7-15f9-4657-beb3-428f0bfd8f9c,Roboflow,C:\Users\ESSAKKI RAJA T  EV\OneDrive\Desktop\DB PAWPHILE\Dog Skin Disease Dataset.v2i.folder\train\fungal infection\fungal_397_jpg.rf.7695da4a7151c1f7fc84835fcd06a744.jpg,642,e3fcee89-deac-41c8-a1a0-35959dcf685b,fungal infection,fungal infection,"[""alopecia"", ""scaling""]",disease-level (provisional),research-only,unsupported,train,skin,unknown,C,,0.0,1.0,0.0,1.0,0.0,0.0,0.0,0.0,"['alopecia', 'scaling']",train
68764a1f-4ab3-4305-9700-c7ae61a138fe,Roboflow,C:\Users\ESSAKKI RAJA T  EV\OneDrive\Desktop\DB PAWPHILE\Dog Skin Disease Dataset.v2i.folder\valid\healthy\healthy_86_jpg.rf.ad5663a1275b65ac4cd317788af64776.jpg,1082,1e73227d-687d-4f6b-adda-deabb26e1858,healthy,healthy,[],disease-level (provisional),research-only,unsupported,valid,skin,unknown,C,,0.0,0.0,0.0,0.0,0.0,0.0,0.0,0.0,[],train
00e93528-1fbd-4fd4-a878-262a31b9fdf6,Roboflow,C:\Users\ESSAKKI RAJA T  EV\OneDrive\Desktop\DB PAWPHILE\Dog Skin Disease Dataset.v2i.folder\train\bacterial dermatosis\bacterial_335_jpg.rf.4137fe525af1b029b1a6246169f38f7a.jpg,412,63d9be93-bc8e-46d9-8bd8-ddebc6dc8475,bacterial dermatosis,bacterial dermatosis,"[""erythema"", ""pustule"", ""crust""]",disease-level (provisional),research-only,unsupported,train,skin,unknown,C,,1.0,0.0,1.0,0.0,0.0,0.0,1.0,0.0,"['erythema', 'pustule', 'crust']",train
623c3b12-bc60-45f4-81b3-81c4d5960105,Kaggle,C:\Users\ESSAKKI RAJA T  EV\OneDrive\Desktop\DB PAWPHILE\archive\test\Fungal_infections\1776_jpg.rf.6074ee89ea682012ddd028a4e75f7b2b.jpg,357,8b126eb9-d428-4997-8827-ba3ee2896bfd,Fungal_infections,fungal infection,"[""alopecia"", ""scaling""]",disease-level (provisional),research-only,unsupported,test,skin,unknown,C,,0.0,1.0,0.0,1.0,0.0,0.0,0.0,0.0,"['alopecia', 'scaling']",train
5bce6d74-9610-4444-9a22-416c7a985acd,Roboflow,C:\Users\ESSAKKI RAJA T  EV\OneDrive\Desktop\DB PAWPHILE\Dog Skin Disease Dataset.v2i.folder\valid\healthy\healthy_236_jpg.rf.bda1fb95c634d602b9282585238768be.jpg,316,24b8542a-9b30-4fe1-be45-9da71c2a68f7,healthy,healthy,[],disease-level (provisional),research-only,unsupported,valid,skin,unknown,C,,0.0,0.0,0.0,0.0,0.0,0.0,0.0,0.0,[],train
dbcfd615-cef2-4c37-a56b-563e739ba9f3,Kaggle,C:\Users\ESSAKKI RAJA T  EV\OneDrive\Desktop\DB PAWPHILE\archive\valid\ringworm\WIN_20240514_17_38_52_Pro_jpg.rf.0feaf3f6b2b6ca342881c1dd54f202ea.jpg,1039,34400fe8-52bd-4c55-960e-77d328ad191d,ringworm,fungal infection,"[""alopecia"", ""scaling""]",disease-level (provisional),research-only,unsupported,valid,skin,unknown,C,,0.0,1.0,0.0,1.0,0.0,0.0,0.0,0.0,"['alopecia', 'scaling']",train
83a50826-cac9-472e-87b8-09eb7af3bb64,Roboflow,C:\Users\ESSAKKI RAJA T  EV\OneDrive\Desktop\DB PAWPHILE\Dog Skin Disease Dataset.v2i.folder\test\bacterial dermatosis\bacterial_106_jpg.rf.826a856cd560ab5b91c9352026ddfd28.jpg,1614,051c9999-49bf-4574-84fb-d614654346bb,bacterial dermatosis,bacterial dermatosis,"[""erythema"", ""pustule"", ""crust""]",disease-level (provisional),research-only,unsupported,test,skin,unknown,C,,1.0,0.0,1.0,0.0,0.0,0.0,1.0,0.0,"['erythema', 'pustule', 'crust']",train
faeb5dca-75b8-4443-afa5-c119b8917a86,Roboflow,C:\Users\ESSAKKI RAJA T  EV\OneDrive\Desktop\DB PAWPHILE\Dog Skin Disease Dataset.v2i.folder\train\fungal infection\fungal_68_jpg.rf.a3fc48589440db21121ed1745f7e5dcf.jpg,603,dd2a076f-d543-4970-bc54-a194ee3ba4c9,fungal infection,fungal infection,"[""alopecia"", ""scaling""]",disease-level (provisional),research-only,unsupported,train,skin,unknown,C,,0.0,1.0,0.0,1.0,0.0,0.0,0.0,0.0,"['alopecia', 'scaling']",train
768f84e4-9bf9-4e6e-9a06-6001e1215273,Roboflow,C:\Users\ESSAKKI RAJA T  EV\OneDrive\Desktop\DB PAWPHILE\Dog Skin Disease Dataset.v2i.folder\valid\healthy\healthy_231_jpg.rf.0a894bf9095d644cac9fbca93071cc8a.jpg,1688,70183f33-c4ec-4136-9c64-9804813884e1,healthy,healthy,[],disease-level (provisional),research-only,unsupported,valid,skin,unknown,C,,0.0,0.0,0.0,0.0,0.0,0.0,0.0,0.0,[],train
2a079bbc-462f-4008-bd43-04418ac8d6c0,Roboflow,C:\Users\ESSAKKI RAJA T  EV\OneDrive\Desktop\DB PAWPHILE\Dog Skin Disease Dataset.v2i.folder\valid\healthy\healthy_121_jpg.rf.b38ac7bf2cae0816ee786c4f25b685f5.jpg,780,359a1b8b-19fd-4198-8ffb-d87a85290139,healthy,healthy,[],disease-level (provisional),research-only,unsupported,valid,skin,unknown,C,,0.0,0.0,0.0,0.0,0.0,0.0,0.0,0.0,[],train
6c45cadb-bb98-4c62-8518-ddff5153cf43,Kaggle,C:\Users\ESSAKKI RAJA T  EV\OneDrive\Desktop\DB PAWPHILE\archive\valid\Healthy\HEALTHY_056_jpg.rf.d3d13e38c9eaec75611d6b1ecdd8ef17.jpg,1381,3227414d-ebd6-434d-80c8-c95b20a07869,Healthy,healthy,[],disease-level (provisional),research-only,unsupported,valid,skin,unknown,C,,0.0,0.0,0.0,0.0,0.0,0.0,0.0,0.0,[],train
47df0161-150d-4793-ab0a-7bb72ecf237a,Kaggle,C:\Users\ESSAKKI RAJA T  EV\OneDrive\Desktop\DB PAWPHILE\archive\valid\Fungal_infections\fung4_jpg.rf.0b99c4040157e93f5807b26d73e209ab.jpg,1595,07082472-9712-4b1e-8a8d-c5fde5cc3041,Fungal_infections,fungal infection,"[""alopecia"", ""scaling""]",disease-level (provisional),research-only,unsupported,valid,skin,unknown,C,,0.0,1.0,0.0,1.0,0.0,0.0,0.0,0.0,"['alopecia', 'scaling']",train
90c5a40a-fa47-4f0c-a9db-1459e3005fb6,Roboflow,C:\Users\ESSAKKI RAJA T  EV\OneDrive\Desktop\DB PAWPHILE\Dog Skin Disease Dataset.v2i.folder\train\bacterial dermatosis\bacterial_353_jpg.rf.8381f12366cc5e5b6a7efaf74342d9db.jpg,1966,f76c9f1b-f07e-403f-8c7a-d33ea2ab3128,bacterial dermatosis,bacterial dermatosis,"[""erythema"", ""pustule"", ""crust""]",disease-level (provisional),research-only,unsupported,train,skin,unknown,C,,1.0,0.0,1.0,0.0,0.0,0.0,1.0,0.0,"['erythema', 'pustule', 'crust']",train
1d4cf29b-3859-40b9-b434-41949d59c1df,Kaggle,C:\Users\ESSAKKI RAJA T  EV\OneDrive\Desktop\DB PAWPHILE\archive\train\Dermatitis\1000010700_x16_jpg.rf.0ce2d0b9f061123dd8518eec6c2299d6.jpg,1921,d025ae63-8c45-49f4-bfb1-006c2e616ad9,Dermatitis,nonspecific dermatitis,"[""erythema"", ""scaling""]",disease-level (provisional),research-only,unsupported,train,skin,unknown,C,,1.0,0.0,0.0,1.0,0.0,0.0,0.0,0.0,"['erythema', 'scaling']",train
3c75c65f-12a1-404e-9b59-ab360ac94148,Roboflow,C:\Users\ESSAKKI RAJA T  EV\OneDrive\Desktop\DB PAWPHILE\Dog Skin Disease Dataset.v2i.folder\train\bacterial dermatosis\bacterial_223_jpg.rf.6d2972a470f6092db116c3840e00df8f.jpg,1007,2b154636-e890-44da-bd33-cfc90ec8ece8,bacterial dermatosis,bacterial dermatosis,"[""erythema"", ""pustule"", ""crust""]",disease-level (provisional),research-only,unsupported,train,skin,unknown,C,,1.0,0.0,1.0,0.0,0.0,0.0,1.0,0.0,"['erythema', 'pustule', 'crust']",train
61e4fa40-7fec-4149-888e-3af8a1efa705,Roboflow,C:\Users\ESSAKKI RAJA T  EV\OneDrive\Desktop\DB PAWPHILE\Dog Skin Disease Dataset.v2i.folder\valid\fungal infection\fungal_369_jpg.rf.2e2610317bd7a996ff84043dc440701c.jpg,598,e359c96f-da86-4654-9ce1-b1eb90ccb93c,fungal infection,fungal infection,"[""alopecia"", ""scaling""]",disease-level (provisional),research-only,unsupported,valid,skin,unknown,C,,0.0,1.0,0.0,1.0,0.0,0.0,0.0,0.0,"['alopecia', 'scaling']",train
79c84851-0597-4cf0-85e6-bbf4ccde4d08,Kaggle,C:\Users\ESSAKKI RAJA T  EV\OneDrive\Desktop\DB PAWPHILE\archive\valid\Fungal_infections\FUNGAL-INFECTION_067_jpg.rf.ca02ac7e04af3e2cdaf9c681049e47ec.jpg,1469,db886a70-4784-441a-b379-cf188a06957d,Fungal_infections,fungal infection,"[""alopecia"", ""scaling""]",disease-level (provisional),research-only,unsupported,valid,skin,unknown,C,,0.0,1.0,0.0,1.0,0.0,0.0,0.0,0.0,"['alopecia', 'scaling']",train
15b563f9-09aa-4d49-a6fa-523cd04b90b4,Roboflow,C:\Users\ESSAKKI RAJA T  EV\OneDrive\Desktop\DB PAWPHILE\Dog Skin Disease Dataset.v2i.folder\valid\hypersensitivity dermatitis\hypersensitivity_377_jpg.rf.09550e0b807b8a4706421331c55635f7.jpg,824,6f0e8f5b-637d-45af-a9f0-3762e17022d6,hypersensitivity dermatitis,hypersensitivity / allergic dermatitis,"[""erythema"", ""lichenification""]",disease-level (provisional),research-only,unsupported,valid,skin,unknown,C,,1.0,0.0,0.0,0.0,0.0,0.0,0.0,1.0,"['erythema', 'lichenification']",train
e716de75-e9d9-44dd-9b51-85a985967765,Kaggle,C:\Users\ESSAKKI RAJA T  EV\OneDrive\Desktop\DB PAWPHILE\archive\test\Healthy\dogs_275_jpg.rf.2d05b81c85ad47c04f609a9555063ccc.jpg,1107,baa42130-6cd0-44bd-8656-43f4d33e9921,Healthy,healthy,[],disease-level (provisional),research-only,unsupported,test,skin,unknown,C,,0.0,0.0,0.0,0.0,0.0,0.0,0.0,0.0,[],train
04985671-77e6-42a7-9c54-3c2bd1528fb8,Roboflow,C:\Users\ESSAKKI RAJA T  EV\OneDrive\Desktop\DB PAWPHILE\Dog Skin Disease Dataset.v2i.folder\test\hypersensitivity dermatitis\hypersensitivity_81_jpg.rf.aabdbd3dd5aaab358ef50cdc682fce59.jpg,328,5fb0d8cd-1dbc-47b0-ad92-b9959b7bdec7,hypersensitivity dermatitis,hypersensitivity / allergic dermatitis,"[""erythema"", ""lichenification""]",disease-level (provisional),research-only,unsupported,test,skin,unknown,C,,1.0,0.0,0.0,0.0,0.0,0.0,0.0,1.0,"['erythema', 'lichenification']",train
2c237211-2abb-4d8d-8f40-8cc2d412c51f,Roboflow,C:\Users\ESSAKKI RAJA T  EV\OneDrive\Desktop\DB PAWPHILE\Dog Skin Disease Dataset.v2i.folder\valid\healthy\healthy_211_jpg.rf.b003c5a115b180ec1877d6252e9890a7.jpg,660,65c2205f-b256-4152-89cd-db7e0608604e,healthy,healthy,[],disease-level (provisional),research-only,unsupported,valid,skin,unknown,C,,0.0,0.0,0.0,0.0,0.0,0.0,0.0,0.0,[],train
f85740d0-c73b-450e-abb2-78f73426af03,Kaggle,C:\Users\ESSAKKI RAJA T  EV\OneDrive\Desktop\DB PAWPHILE\archive\valid\ringworm\ringworm-3-_jpg.rf.49170be06d2cf5aadeca9786bd00f33a.jpg,199,08becb18-44ec-4dbf-ba02-39087f40bb0c,ringworm,fungal infection,"[""alopecia"", ""scaling""]",disease-level (provisional),research-only,unsupported,valid,skin,unknown,C,,0.0,1.0,0.0,1.0,0.0,0.0,0.0,0.0,"['alopecia', 'scaling']",train
d0b716a5-56b8-4301-b5e0-323d2c356891,Kaggle,C:\Users\ESSAKKI RAJA T  EV\OneDrive\Desktop\DB PAWPHILE\archive\valid\ringworm\436638693_826239035984778_764987017093970170_n_jpg.rf.c6308c0a6ec2af7c428917b5870795e2.jpg,1880,af215495-85b8-4c49-9311-125b1b670d96,ringworm,fungal infection,"[""alopecia"", ""scaling""]",disease-level (provisional),research-only,unsupported,valid,skin,unknown,C,,0.0,1.0,0.0,1.0,0.0,0.0,0.0,0.0,"['alopecia', 'scaling']",train
4de96ea5-3750-4da9-a22a-0466620cbf46,Kaggle,C:\Users\ESSAKKI RAJA T  EV\OneDrive\Desktop\DB PAWPHILE\archive\train\ringworm\WIN_20240514_17_26_50_Pro_jpg.rf.085a69df497ecc9cda2cf75f668fbc4a.jpg,242,7ac3fd39-8c30-4d88-ac9e-1586a8c80e4e,ringworm,fungal infection,"[""alopecia"", ""scaling""]",disease-level (provisional),research-only,unsupported,train,skin,unknown,C,,0.0,1.0,0.0,1.0,0.0,0.0,0.0,0.0,"['alopecia', 'scaling']",train
db643ed8-e77a-46c9-b34a-43cd914740da,Kaggle,C:\Users\ESSAKKI RAJA T  EV\OneDrive\Desktop\DB PAWPHILE\archive\valid\ringworm\NEWR38_png_jpg.rf.bcf550e97bfdf2b09fc8a7f52104d687.jpg,880,33118e1e-ee9b-489e-b5df-b156dc7efa0f,ringworm,fungal infection,"[""alopecia"", ""scaling""]",disease-level (provisional),research-only,unsupported,valid,skin,unknown,C,,0.0,1.0,0.0,1.0,0.0,0.0,0.0,0.0,"['alopecia', 'scaling']",train
ed27f1a6-0330-47f2-b575-9fdfadc973dc,Roboflow,C:\Users\ESSAKKI RAJA T  EV\OneDrive\Desktop\DB PAWPHILE\Dog Skin Disease Dataset.v2i.folder\train\fungal infection\fungal_394_jpg.rf.6d1b541ddb02161db28201d79eaa5d43.jpg,1227,d6a30bee-6fff-4296-a769-ab7369e755e0,fungal infection,fungal infection,"[""alopecia"", ""scaling""]",disease-level (provisional),research-only,unsupported,train,skin,unknown,C,,0.0,1.0,0.0,1.0,0.0,0.0,0.0,0.0,"['alopecia', 'scaling']",train
fa14c207-6e33-456c-90ea-271727ece464,Roboflow,C:\Users\ESSAKKI RAJA T  EV\OneDrive\Desktop\DB PAWPHILE\Dog Skin Disease Dataset.v2i.folder\train\fungal infection\fungal_inf_24_jpg.rf.ba427a4a906e1cb140f9ba61f116f1f2.jpg,125,47c2a2f9-05c0-4467-a045-909589534f80,fungal infection,fungal infection,"[""alopecia"", ""scaling""]",disease-level (provisional),research-only,unsupported,train,skin,unknown,C,,0.0,1.0,0.0,1.0,0.0,0.0,0.0,0.0,"['alopecia', 'scaling']",train
17cf2b42-aaa5-4f62-ab34-2a4393d62f2a,Roboflow,C:\Users\ESSAKKI RAJA T  EV\OneDrive\Desktop\DB PAWPHILE\Dog Skin Disease Dataset.v2i.folder\train\bacterial dermatosis\bacterial_227_jpg.rf.2856336ecf7b412894821b2fe376e98f.jpg,640,2d4bef33-a8ca-4368-98c6-7dee58921d34,bacterial dermatosis,bacterial dermatosis,"[""erythema"", ""pustule"", ""crust""]",disease-level (provisional),research-only,unsupported,train,skin,unknown,C,,1.0,0.0,1.0,0.0,0.0,0.0,1.0,0.0,"['erythema', 'pustule', 'crust']",train
b5d45798-5667-46bd-bb67-588b5c15f8fb,Roboflow,C:\Users\ESSAKKI RAJA T  EV\OneDrive\Desktop\DB PAWPHILE\Dog Skin Disease Dataset.v2i.folder\test\hypersensitivity dermatitis\hypersensitivity_derm36_jpg.rf.fd726472bd9388816647da14717e7678.jpg,689,62a114ff-b978-416c-9049-8d56627eebf3,hypersensitivity dermatitis,hypersensitivity / allergic dermatitis,"[""erythema"", ""lichenification""]",disease-level (provisional),research-only,unsupported,test,skin,unknown,C,,1.0,0.0,0.0,0.0,0.0,0.0,0.0,1.0,"['erythema', 'lichenification']",train
90cbd42f-0070-41e6-922c-8b890c1d8677,Kaggle,C:\Users\ESSAKKI RAJA T  EV\OneDrive\Desktop\DB PAWPHILE\archive\test\Hypersensitivity\B9781416056638000070_f007-023-9781416056638_jpg.rf.b7721b393c210f241ef7216dbd5770d2.jpg,380,e8e1d4a7-f23b-469f-8068-a5ea7c2e5bc7,Hypersensitivity,hypersensitivity / allergic dermatitis,"[""erythema"", ""lichenification""]",disease-level (provisional),research-only,unsupported,test,skin,unknown,C,,1.0,0.0,0.0,0.0,0.0,0.0,0.0,1.0,"['erythema', 'lichenification']",train
3d5fc6a0-f78c-45db-866f-4e3caf66894b,Kaggle,C:\Users\ESSAKKI RAJA T  EV\OneDrive\Desktop\DB PAWPHILE\archive\test\demodicosis\scabies_118_png_jpg.rf.6f52742288c73b44014ef2249cff7305.jpg,545,90ba2d38-fc86-44ef-a7e3-747ac92e96ee,demodicosis,demodicosis,"[""alopecia"", ""erythema"", ""crust""]",disease-level (provisional),research-only,unsupported,test,skin,unknown,C,,1.0,1.0,1.0,0.0,0.0,0.0,0.0,0.0,"['alopecia', 'erythema', 'crust']",train
1dcfc260-7eee-4d34-b671-cf8a14469e5e,Kaggle,C:\Users\ESSAKKI RAJA T  EV\OneDrive\Desktop\DB PAWPHILE\archive\valid\Fungal_infections\pic39_jpg.rf.9766a013e4f94d2d9d64c56eafcce544.jpg,466,9aade6b4-55ff-4a30-884a-8412891ee30e,Fungal_infections,fungal infection,"[""alopecia"", ""scaling""]",disease-level (provisional),research-only,unsupported,valid,skin,unknown,C,,0.0,1.0,0.0,1.0,0.0,0.0,0.0,0.0,"['alopecia', 'scaling']",train
3ce0c13d-7db0-4d0b-95b3-ef401bc82e3d,Kaggle,C:\Users\ESSAKKI RAJA T  EV\OneDrive\Desktop\DB PAWPHILE\archive\train\ringworm\ringworm-132-_jpg.rf.b145c923c71702516b2a127e5e2d5013.jpg,194,38948d51-de09-41fd-8062-75e64c5f3dfd,ringworm,fungal infection,"[""alopecia"", ""scaling""]",disease-level (provisional),research-only,unsupported,train,skin,unknown,C,,0.0,1.0,0.0,1.0,0.0,0.0,0.0,0.0,"['alopecia', 'scaling']",train
c159a8a5-268b-4a98-b02a-2e28fbe68ee2,Roboflow,C:\Users\ESSAKKI RAJA T  EV\OneDrive\Desktop\DB PAWPHILE\Dog Skin Disease Dataset.v2i.folder\train\hypersensitivity dermatitis\hypersensitivity_199_jpg.rf.8e02cb16010da066ebcdbe36d8ab6ced.jpg,450,326685ea-e833-4914-924e-40d3638e58c4,hypersensitivity dermatitis,hypersensitivity / allergic dermatitis,"[""erythema"", ""lichenification""]",disease-level (provisional),research-only,unsupported,train,skin,unknown,C,,1.0,0.0,0.0,0.0,0.0,0.0,0.0,1.0,"['erythema', 'lichenification']",train
4d291ddd-8cac-4353-982e-525f91d8ba8f,Kaggle,C:\Users\ESSAKKI RAJA T  EV\OneDrive\Desktop\DB PAWPHILE\archive\train\demodicosis\1-2-_png_jpg.rf.b11c714d298f1c3537a49236f31fa0b9.jpg,524,b1432fdd-895b-4d00-a633-056cbb92e3dc,demodicosis,demodicosis,"[""alopecia"", ""erythema"", ""crust""]",disease-level (provisional),research-only,unsupported,train,skin,unknown,C,,1.0,1.0,1.0,0.0,0.0,0.0,0.0,0.0,"['alopecia', 'erythema', 'crust']",train
03bd3ca8-31aa-4243-8c41-99f470832192,Roboflow,C:\Users\ESSAKKI RAJA T  EV\OneDrive\Desktop\DB PAWPHILE\Dog Skin Disease Dataset.v2i.folder\train\healthy\healthy_197_jpg.rf.8dc57e17dbf7d0e0a6405cad6b68af79.jpg,1431,3a226f7d-5702-44b5-8aac-c8e0e22def26,healthy,healthy,[],disease-level (provisional),research-only,unsupported,train,skin,unknown,C,,0.0,0.0,0.0,0.0,0.0,0.0,0.0,0.0,[],train
270b3636-2f2e-4e17-96f0-983c469948fc,Kaggle,C:\Users\ESSAKKI RAJA T  EV\OneDrive\Desktop\DB PAWPHILE\archive\valid\demodicosis\D124_png_jpg.rf.0266b1e56e951822405cb761bb604234.jpg,1263,eb5d3f55-4935-4d03-9861-b0f6faf09b90,demodicosis,demodicosis,"[""alopecia"", ""erythema"", ""crust""]",disease-level (provisional),research-only,unsupported,valid,skin,unknown,C,,1.0,1.0,1.0,0.0,0.0,0.0,0.0,0.0,"['alopecia', 'erythema', 'crust']",train
72572b40-ba5d-4d68-9977-fb9b2358f5cd,Roboflow,C:\Users\ESSAKKI RAJA T  EV\OneDrive\Desktop\DB PAWPHILE\Dog Skin Disease Dataset.v2i.folder\test\fungal infection\fungal_421_jpg.rf.935c1d2b6ca643d3b8ba4d83d65a0735.jpg,388,a9351350-04a7-4693-a35b-a016156c1355,fungal infection,fungal infection,"[""alopecia"", ""scaling""]",disease-level (provisional),research-only,unsupported,test,skin,unknown,C,,0.0,1.0,0.0,1.0,0.0,0.0,0.0,0.0,"['alopecia', 'scaling']",train
57e00c22-2f79-4456-9e55-ec5214914ea8,Kaggle,C:\Users\ESSAKKI RAJA T  EV\OneDrive\Desktop\DB PAWPHILE\archive\valid\demodicosis\P31_png_jpg.rf.d6f4c3d6620d4d1cf180e6d85ceefd00.jpg,600,29eab620-3ee6-4dcf-a3b5-5eb095047f48,demodicosis,demodicosis,"[""alopecia"", ""erythema"", ""crust""]",disease-level (provisional),research-only,unsupported,valid,skin,unknown,C,,1.0,1.0,1.0,0.0,0.0,0.0,0.0,0.0,"['alopecia', 'erythema', 'crust']",train
ae184411-5d9f-4ee5-810e-1a675014a229,Kaggle,C:\Users\ESSAKKI RAJA T  EV\OneDrive\Desktop\DB PAWPHILE\archive\test\Healthy\dogs_211_jpg.rf.a3c6aa6d8d70dee72b8c1a719881b200.jpg,899,93f33e21-5312-4bc3-8c4e-a9ea96d4945f,Healthy,healthy,[],disease-level (provisional),research-only,unsupported,test,skin,unknown,C,,0.0,0.0,0.0,0.0,0.0,0.0,0.0,0.0,[],train
e13e84bb-a6f0-4cf1-8c55-4a2ff4c3b5ee,Kaggle,C:\Users\ESSAKKI RAJA T  EV\OneDrive\Desktop\DB PAWPHILE\archive\test\Fungal_infections\fungal2_jpg.rf.01150f7d26c817e18758dedeb7a63700.jpg,715,8d81c86b-af03-48f5-a619-c86969353a2e,Fungal_infections,fungal infection,"[""alopecia"", ""scaling""]",disease-level (provisional),research-only,unsupported,test,skin,unknown,C,,0.0,1.0,0.0,1.0,0.0,0.0,0.0,0.0,"['alopecia', 'scaling']",train
0ff5188c-07db-4297-b634-ee056904a889,Kaggle,C:\Users\ESSAKKI RAJA T  EV\OneDrive\Desktop\DB PAWPHILE\archive\test\demodicosis\IMG_5151_jpeg_jpg.rf.39548c5551511b9166af83d95043ecec.jpg,1750,8f770ccf-5ddc-4353-9b37-647d683e5185,demodicosis,demodicosis,"[""alopecia"", ""erythema"", ""crust""]",disease-level (provisional),research-only,unsupported,test,skin,unknown,C,,1.0,1.0,1.0,0.0,0.0,0.0,0.0,0.0,"['alopecia', 'erythema', 'crust']",train
b988ee0a-2344-497e-b3b4-3e487c8f23b8,Roboflow,C:\Users\ESSAKKI RAJA T  EV\OneDrive\Desktop\DB PAWPHILE\Dog Skin Disease Dataset.v2i.folder\train\bacterial dermatosis\bacterial_345_jpg.rf.1d08d76209020014019f7ae45b8172e2.jpg,488,ae8700fc-a349-42e5-9064-fb55fcdcdb1c,bacterial dermatosis,bacterial dermatosis,"[""erythema"", ""pustule"", ""crust""]",disease-level (provisional),research-only,unsupported,train,skin,unknown,C,,1.0,0.0,1.0,0.0,0.0,0.0,1.0,0.0,"['erythema', 'pustule', 'crust']",train
089d8293-4e67-44a8-b504-e6326ccc289c,Roboflow,C:\Users\ESSAKKI RAJA T  EV\OneDrive\Desktop\DB PAWPHILE\Dog Skin Disease Dataset.v2i.folder\test\hypersensitivity dermatitis\hypersensitivity_312_jpg.rf.39a368a85c4a733ac3df506448e964ea.jpg,1074,e342121d-3492-45f2-a449-339703a039b8,hypersensitivity dermatitis,hypersensitivity / allergic dermatitis,"[""erythema"", ""lichenification""]",disease-level (provisional),research-only,unsupported,test,skin,unknown,C,,1.0,0.0,0.0,0.0,0.0,0.0,0.0,1.0,"['erythema', 'lichenification']",train
2538eb9a-aaa3-420c-96dd-eb10f9505c34,Roboflow,C:\Users\ESSAKKI RAJA T  EV\OneDrive\Desktop\DB PAWPHILE\Dog Skin Disease Dataset.v2i.folder\valid\bacterial dermatosis\bacterial_388_jpg.rf.5dec767e5a95319bb260cad0a8fba257.jpg,329,cbb99ba3-3778-4f1f-a73e-235aad08454d,bacterial dermatosis,bacterial dermatosis,"[""erythema"", ""pustule"", ""crust""]",disease-level (provisional),research-only,unsupported,valid,skin,unknown,C,,1.0,0.0,1.0,0.0,0.0,0.0,1.0,0.0,"['erythema', 'pustule', 'crust']",train
5cc65bed-d071-49cd-98a8-f8b8f8e17ac1,Kaggle,C:\Users\ESSAKKI RAJA T  EV\OneDrive\Desktop\DB PAWPHILE\archive\test\demodicosis\IMG_5185_jpeg_jpg.rf.173bcf728fc4cdebb998ab9b48c3fd94.jpg,699,cd0887fa-b264-4d36-bdae-2800c257b82b,demodicosis,demodicosis,"[""alopecia"", ""erythema"", ""crust""]",disease-level (provisional),research-only,unsupported,test,skin,unknown,C,,1.0,1.0,1.0,0.0,0.0,0.0,0.0,0.0,"['alopecia', 'erythema', 'crust']",train
a459f797-c624-4c75-8316-9c6571667730,Roboflow,C:\Users\ESSAKKI RAJA T  EV\OneDrive\Desktop\DB PAWPHILE\Dog Skin Disease Dataset.v2i.folder\valid\bacterial dermatosis\bacterial_72_jpg.rf.bc3df0830c97b1738ed6e0721bd93656.jpg,1826,408a6d6d-927a-464a-9e97-a79a9f12fbb3,bacterial dermatosis,bacterial dermatosis,"[""erythema"", ""pustule"", ""crust""]",disease-level (provisional),research-only,unsupported,valid,skin,unknown,C,,1.0,0.0,1.0,0.0,0.0,0.0,1.0,0.0,"['erythema', 'pustule', 'crust']",train
35108f27-3fee-4254-abc0-de9ce76a45c7,Roboflow,C:\Users\ESSAKKI RAJA T  EV\OneDrive\Desktop\DB PAWPHILE\Dog Skin Disease Dataset.v2i.folder\train\fungal infection\fungal_254_jpg.rf.ac3ee73ff099928624f3ef43bdecf395.jpg,1060,924d0feb-076e-43f5-91a0-656e48b36d76,fungal infection,fungal infection,"[""alopecia"", ""scaling""]",disease-level (provisional),research-only,unsupported,train,skin,unknown,C,,0.0,1.0,0.0,1.0,0.0,0.0,0.0,0.0,"['alopecia', 'scaling']",train
eda2ebd4-a6ff-4026-b3fa-8976dba4e787,Roboflow,C:\Users\ESSAKKI RAJA T  EV\OneDrive\Desktop\DB PAWPHILE\Dog Skin Disease Dataset.v2i.folder\valid\hypersensitivity dermatitis\hypersensitivity_derm14_jpg.rf.48779d5e84bd8d4216a7f91678c09d0a.jpg,494,3d93aac4-35fe-41e9-a476-a164fb16c6b2,hypersensitivity dermatitis,hypersensitivity / allergic dermatitis,"[""erythema"", ""lichenification""]",disease-level (provisional),research-only,unsupported,valid,skin,unknown,C,,1.0,0.0,0.0,0.0,0.0,0.0,0.0,1.0,"['erythema', 'lichenification']",train
134c3ce7-bceb-4bef-a01e-195bbdfc8e41,Kaggle,C:\Users\ESSAKKI RAJA T  EV\OneDrive\Desktop\DB PAWPHILE\archive\valid\Healthy\dogs_172_jpg.rf.429ac597985b0513806d934e8e24668f.jpg,1077,ed54339d-29f3-43a3-8705-d870c70b9ab9,Healthy,healthy,[],disease-level (provisional),research-only,unsupported,valid,skin,unknown,C,,0.0,0.0,0.0,0.0,0.0,0.0,0.0,0.0,[],train
1030c50c-9980-4bb7-9f5a-7591713822db,Roboflow,C:\Users\ESSAKKI RAJA T  EV\OneDrive\Desktop\DB PAWPHILE\Dog Skin Disease Dataset.v2i.folder\valid\hypersensitivity dermatitis\hypersensitivity_287_jpg.rf.34ed8ab7b638f21abbb80caa294f1c39.jpg,1138,d896f51c-e8c3-478e-a85a-081babd2cdcd,hypersensitivity dermatitis,hypersensitivity / allergic dermatitis,"[""erythema"", ""lichenification""]",disease-level (provisional),research-only,unsupported,valid,skin,unknown,C,,1.0,0.0,0.0,0.0,0.0,0.0,0.0,1.0,"['erythema', 'lichenification']",train
f3fcddfe-9561-4765-812d-3066c2cd8565,Roboflow,C:\Users\ESSAKKI RAJA T  EV\OneDrive\Desktop\DB PAWPHILE\Dog Skin Disease Dataset.v2i.folder\valid\bacterial dermatosis\bacterial_276_jpg.rf.3696e635608bd7373aefb10140a3d362.jpg,708,c6a18a35-25f3-42b5-bb05-5dadb69332fa,bacterial dermatosis,bacterial dermatosis,"[""erythema"", ""pustule"", ""crust""]",disease-level (provisional),research-only,unsupported,valid,skin,unknown,C,,1.0,0.0,1.0,0.0,0.0,0.0,1.0,0.0,"['erythema', 'pustule', 'crust']",train
9fad37da-da48-4d64-bfb3-b4e9af9d5e57,Roboflow,C:\Users\ESSAKKI RAJA T  EV\OneDrive\Desktop\DB PAWPHILE\Dog Skin Disease Dataset.v2i.folder\train\fungal infection\fungal_323_jpg.rf.1f231e9fb2521bf8adf27f2202a5bdbb.jpg,611,ca5ca487-6c18-4005-a424-3e5655526bd6,fungal infection,fungal infection,"[""alopecia"", ""scaling""]",disease-level (provisional),research-only,unsupported,train,skin,unknown,C,,0.0,1.0,0.0,1.0,0.0,0.0,0.0,0.0,"['alopecia', 'scaling']",train
9beac275-877f-49c5-95b7-8360a7208fa6,Roboflow,C:\Users\ESSAKKI RAJA T  EV\OneDrive\Desktop\DB PAWPHILE\Dog Skin Disease Dataset.v2i.folder\train\hypersensitivity dermatitis\hypersensitivity_69_jpg.rf.098d413611ede881a4559b106db3ec23.jpg,1831,fd52186c-fc17-4be0-b5c5-ab87fbc5dbf3,hypersensitivity dermatitis,hypersensitivity / allergic dermatitis,"[""erythema"", ""lichenification""]",disease-level (provisional),research-only,unsupported,train,skin,unknown,C,,1.0,0.0,0.0,0.0,0.0,0.0,0.0,1.0,"['erythema', 'lichenification']",train
0e144f7e-d5c8-4804-a2be-fb91649852b5,Roboflow,C:\Users\ESSAKKI RAJA T  EV\OneDrive\Desktop\DB PAWPHILE\Dog Skin Disease Dataset.v2i.folder\test\healthy\healthy_62_jpg.rf.5d55b7f6fdf4d4517288514a4d78219c.jpg,778,1144adca-e314-44d1-b2d2-466bfba5961e,healthy,healthy,[],disease-level (provisional),research-only,unsupported,test,skin,unknown,C,,0.0,0.0,0.0,0.0,0.0,0.0,0.0,0.0,[],train
a583b8d5-9370-4055-a3f8-4ef76fa68f6f,Roboflow,C:\Users\ESSAKKI RAJA T  EV\OneDrive\Desktop\DB PAWPHILE\Dog Skin Disease Dataset.v2i.folder\test\fungal infection\fungal_129_jpg.rf.af77aebf265a66854945584d9773bea2.jpg,738,980e73ad-4d5e-496c-9714-a828232ff5d5,fungal infection,fungal infection,"[""alopecia"", ""scaling""]",disease-level (provisional),research-only,unsupported,test,skin,unknown,C,,0.0,1.0,0.0,1.0,0.0,0.0,0.0,0.0,"['alopecia', 'scaling']",train
555fd4f1-9543-4df2-98f2-3ab078205625,Roboflow,C:\Users\ESSAKKI RAJA T  EV\OneDrive\Desktop\DB PAWPHILE\Dog Skin Disease Dataset.v2i.folder\train\healthy\healthy_180_jpg.rf.ea7ee84b892c877db72ee0c4cd6bcbdd.jpg,354,3c520a22-ace3-4ef0-ac9d-cd825e2d2aff,healthy,healthy,[],disease-level (provisional),research-only,unsupported,train,skin,unknown,C,,0.0,0.0,0.0,0.0,0.0,0.0,0.0,0.0,[],train
cb6448e9-1be6-4b5d-8a86-7cb51f052bed,Kaggle,C:\Users\ESSAKKI RAJA T  EV\OneDrive\Desktop\DB PAWPHILE\archive\test\Hypersensitivity\B9781416056638000070_f007-005-9781416056638_jpg.rf.ec4cce96c277c0b63fe300543074dd3a.jpg,1063,d11e86b3-fdac-4264-baf4-4d60cc11431e,Hypersensitivity,hypersensitivity / allergic dermatitis,"[""erythema"", ""lichenification""]",disease-level (provisional),research-only,unsupported,test,skin,unknown,C,,1.0,0.0,0.0,0.0,0.0,0.0,0.0,1.0,"['erythema', 'lichenification']",train
4e940ba0-b018-431f-a895-b716c6cb92db,Roboflow,C:\Users\ESSAKKI RAJA T  EV\OneDrive\Desktop\DB PAWPHILE\Dog Skin Disease Dataset.v2i.folder\train\fungal infection\fungal_90_jpg.rf.1e62fe64961f5a8984f238eae2d8f92e.jpg,1740,de377242-2f57-4d5c-be46-23cc5728dad2,fungal infection,fungal infection,"[""alopecia"", ""scaling""]",disease-level (provisional),research-only,unsupported,train,skin,unknown,C,,0.0,1.0,0.0,1.0,0.0,0.0,0.0,0.0,"['alopecia', 'scaling']",train
22f43aa2-f44f-4808-a593-c424b11d68e9,Roboflow,C:\Users\ESSAKKI RAJA T  EV\OneDrive\Desktop\DB PAWPHILE\Dog Skin Disease Dataset.v2i.folder\train\healthy\healthy_246_jpg.rf.d3d4c7b8c00700f78caf98dd4513dfcc.jpg,320,45bc8c44-cfaa-4e2f-b6bc-22183c2976f8,healthy,healthy,[],disease-level (provisional),research-only,unsupported,train,skin,unknown,C,,0.0,0.0,0.0,0.0,0.0,0.0,0.0,0.0,[],train
1a12e823-c582-4465-878a-99b1b557a4ba,Kaggle,C:\Users\ESSAKKI RAJA T  EV\OneDrive\Desktop\DB PAWPHILE\archive\valid\Fungal_infections\pic61_jpg.rf.4a6cb99fc180e1245adddcd75207cda9.jpg,493,0b4b1b85-f1f6-48b1-b6a1-d123309dbcd1,Fungal_infections,fungal infection,"[""alopecia"", ""scaling""]",disease-level (provisional),research-only,unsupported,valid,skin,unknown,C,,0.0,1.0,0.0,1.0,0.0,0.0,0.0,0.0,"['alopecia', 'scaling']",train
e662fa0a-688d-4551-85de-fcb17890c6e8,Kaggle,C:\Users\ESSAKKI RAJA T  EV\OneDrive\Desktop\DB PAWPHILE\archive\valid\demodicosis\2024-05-13-162717_jpg.rf.18a53287ea40f2e105e9b6fb02fcbe0f.jpg,650,9d82be0a-604a-47d9-9858-b274aa476707,demodicosis,demodicosis,"[""alopecia"", ""erythema"", ""crust""]",disease-level (provisional),research-only,unsupported,valid,skin,unknown,C,,1.0,1.0,1.0,0.0,0.0,0.0,0.0,0.0,"['alopecia', 'erythema', 'crust']",train
53512e34-b28a-43d4-8a9b-c41a37ebbfbb,Kaggle,C:\Users\ESSAKKI RAJA T  EV\OneDrive\Desktop\DB PAWPHILE\archive\test\demodicosis\IMG_5286_jpeg_jpg.rf.0ab0edd978f4f1d9216aedacb62bc109.jpg,1140,de5cb80b-a02f-472c-9e39-0abb9e50f53a,demodicosis,demodicosis,"[""alopecia"", ""erythema"", ""crust""]",disease-level (provisional),research-only,unsupported,test,skin,unknown,C,,1.0,1.0,1.0,0.0,0.0,0.0,0.0,0.0,"['alopecia', 'erythema', 'crust']",train
bc39d2f1-fb72-4127-bc55-d3caa6967c49,Roboflow,C:\Users\ESSAKKI RAJA T  EV\OneDrive\Desktop\DB PAWPHILE\Dog Skin Disease Dataset.v2i.folder\valid\fungal infection\fungal_58_jpg.rf.7d569f720f2792f4eb20f81d817894e3.jpg,1155,7401864a-29e9-47ca-b71c-dd067a4911ab,fungal infection,fungal infection,"[""alopecia"", ""scaling""]",disease-level (provisional),research-only,unsupported,valid,skin,unknown,C,,0.0,1.0,0.0,1.0,0.0,0.0,0.0,0.0,"['alopecia', 'scaling']",train
fb87e3d1-086b-43bb-a6e6-cd838bfd50a3,Kaggle,C:\Users\ESSAKKI RAJA T  EV\OneDrive\Desktop\DB PAWPHILE\archive\train\Dermatitis\May-is-allergy-awareness-month-here-at-The-Shot-Spot_01366_jpg.rf.3b20c8f4ea0921fea7394178a64b21ed.jpg,290,70adf723-d08d-4c15-831b-a660d78b3acd,Dermatitis,nonspecific dermatitis,"[""erythema"", ""scaling""]",disease-level (provisional),research-only,unsupported,train,skin,unknown,C,,1.0,0.0,0.0,1.0,0.0,0.0,0.0,0.0,"['erythema', 'scaling']",train
3b32e977-d41d-45e0-ab81-f5954f9f6b93,Kaggle,C:\Users\ESSAKKI RAJA T  EV\OneDrive\Desktop\DB PAWPHILE\archive\valid\ringworm\435650633_3861504260748951_6666466989484237884_n-1-_jpg.rf.8e54e211a3b5c1cc18152f8449ea7733.jpg,568,12d03225-933e-460e-80e9-12006c0c0c98,ringworm,fungal infection,"[""alopecia"", ""scaling""]",disease-level (provisional),research-only,unsupported,valid,skin,unknown,C,,0.0,1.0,0.0,1.0,0.0,0.0,0.0,0.0,"['alopecia', 'scaling']",train
66c2709a-c66b-4f3f-a7cd-c4407cdc05d9,Roboflow,C:\Users\ESSAKKI RAJA T  EV\OneDrive\Desktop\DB PAWPHILE\Dog Skin Disease Dataset.v2i.folder\valid\healthy\healthy_125_jpg.rf.18e4a3411a157e7e4f1269983f860282.jpg,1194,b931f7f6-4a9f-42ee-b7dd-4e3132c118e4,healthy,healthy,[],disease-level (provisional),research-only,unsupported,valid,skin,unknown,C,,0.0,0.0,0.0,0.0,0.0,0.0,0.0,0.0,[],train
56081775-b91c-4d98-818d-7bc0e735cd44,Kaggle,C:\Users\ESSAKKI RAJA T  EV\OneDrive\Desktop\DB PAWPHILE\archive\valid\Dermatitis\Hot-Spot-on-_Chance_-How-to-treat-a-dog-that-you-can_t-touch_-000618_png_jpg.rf.e3c939ec6e28b7dba46ccfa04b910bdd.jpg,1045,7744dfd0-b44d-42de-a1d7-15cec5bcb619,Dermatitis,nonspecific dermatitis,"[""erythema"", ""scaling""]",disease-level (provisional),research-only,unsupported,valid,skin,unknown,C,,1.0,0.0,0.0,1.0,0.0,0.0,0.0,0.0,"['erythema', 'scaling']",train
8dc34353-07ef-4679-84ea-65e1a36ed965,Kaggle,C:\Users\ESSAKKI RAJA T  EV\OneDrive\Desktop\DB PAWPHILE\archive\test\demodicosis\1-44-_png_jpg.rf.4d021276893f273a628c0078a2801dd2.jpg,282,1557f0dd-f7f6-4d88-b3cd-be1088f7ca7a,demodicosis,demodicosis,"[""alopecia"", ""erythema"", ""crust""]",disease-level (provisional),research-only,unsupported,test,skin,unknown,C,,1.0,1.0,1.0,0.0,0.0,0.0,0.0,0.0,"['alopecia', 'erythema', 'crust']",train
bab5771a-7e19-4a26-a00d-ee6205e922dd,Kaggle,C:\Users\ESSAKKI RAJA T  EV\OneDrive\Desktop\DB PAWPHILE\archive\valid\Fungal_infections\1776_jpg.rf.0864d15635684673d560000746b57d66.jpg,366,a9f7562e-855e-494e-80bb-8e4ea47a5500,Fungal_infections,fungal infection,"[""alopecia"", ""scaling""]",disease-level (provisional),research-only,unsupported,valid,skin,unknown,C,,0.0,1.0,0.0,1.0,0.0,0.0,0.0,0.0,"['alopecia', 'scaling']",train
d7d22df2-a39b-4232-a242-6210092ca9d4,Roboflow,C:\Users\ESSAKKI RAJA T  EV\OneDrive\Desktop\DB PAWPHILE\Dog Skin Disease Dataset.v2i.folder\test\fungal infection\fungal_inf_10_jpg.rf.128c5053ab1f978208769f47e4c0e192.jpg,464,a34f332e-d671-44c9-a6dc-ec7eadcd18bc,fungal infection,fungal infection,"[""alopecia"", ""scaling""]",disease-level (provisional),research-only,unsupported,test,skin,unknown,C,,0.0,1.0,0.0,1.0,0.0,0.0,0.0,0.0,"['alopecia', 'scaling']",train
0f3a8a29-1b96-4486-bb4f-3d90f355cf60,Roboflow,C:\Users\ESSAKKI RAJA T  EV\OneDrive\Desktop\DB PAWPHILE\Dog Skin Disease Dataset.v2i.folder\test\bacterial dermatosis\bacterial_374_jpg.rf.aa4d954d0115df949fb43ac60fca64db.jpg,1032,7438a3b4-585e-431f-b575-07d4778e8104,bacterial dermatosis,bacterial dermatosis,"[""erythema"", ""pustule"", ""crust""]",disease-level (provisional),research-only,unsupported,test,skin,unknown,C,,1.0,0.0,1.0,0.0,0.0,0.0,1.0,0.0,"['erythema', 'pustule', 'crust']",train
198bd2e0-3e30-45f6-b605-3270ef18c62e,Kaggle,C:\Users\ESSAKKI RAJA T  EV\OneDrive\Desktop\DB PAWPHILE\archive\valid\ringworm\R30_png_jpg.rf.cd40b5c0464f59246fd0e4583aace38a.jpg,711,3584725b-bc35-432f-90af-d35ad0b216dd,ringworm,fungal infection,"[""alopecia"", ""scaling""]",disease-level (provisional),research-only,unsupported,valid,skin,unknown,C,,0.0,1.0,0.0,1.0,0.0,0.0,0.0,0.0,"['alopecia', 'scaling']",train
57b2549c-b36c-4791-9e76-60fd4a5dff6d,Roboflow,C:\Users\ESSAKKI RAJA T  EV\OneDrive\Desktop\DB PAWPHILE\Dog Skin Disease Dataset.v2i.folder\valid\bacterial dermatosis\bacterial_390_jpg.rf.d4ac5a486b6c1c09dcbae6f10510061a.jpg,998,30e5fc83-d12b-4e59-a0b1-c2c351e23579,bacterial dermatosis,bacterial dermatosis,"[""erythema"", ""pustule"", ""crust""]",disease-level (provisional),research-only,unsupported,valid,skin,unknown,C,,1.0,0.0,1.0,0.0,0.0,0.0,1.0,0.0,"['erythema', 'pustule', 'crust']",train
7b3b84bd-57fa-4102-87e6-95a2b3ee8f37,Roboflow,C:\Users\ESSAKKI RAJA T  EV\OneDrive\Desktop\DB PAWPHILE\Dog Skin Disease Dataset.v2i.folder\train\fungal infection\fungal_16_jpg.rf.edb8802045e82a216efecae4ce9f94f1.jpg,1612,7d43f37d-8311-4b49-901a-81cacf1a063e,fungal infection,fungal infection,"[""alopecia"", ""scaling""]",disease-level (provisional),research-only,unsupported,train,skin,unknown,C,,0.0,1.0,0.0,1.0,0.0,0.0,0.0,0.0,"['alopecia', 'scaling']",train
b80ce2a7-d135-49a1-b022-59d3887f4301,Roboflow,C:\Users\ESSAKKI RAJA T  EV\OneDrive\Desktop\DB PAWPHILE\Dog Skin Disease Dataset.v2i.folder\valid\fungal infection\fungal_105_jpg.rf.4b6a5e88bb240fea557faf1b1b2e895d.jpg,862,6881e7fd-b751-4220-9f53-872d0e2e06ad,fungal infection,fungal infection,"[""alopecia"", ""scaling""]",disease-level (provisional),research-only,unsupported,valid,skin,unknown,C,,0.0,1.0,0.0,1.0,0.0,0.0,0.0,0.0,"['alopecia', 'scaling']",train
e6d80682-c616-479f-886c-37ca2ab89c9a,Roboflow,C:\Users\ESSAKKI RAJA T  EV\OneDrive\Desktop\DB PAWPHILE\Dog Skin Disease Dataset.v2i.folder\train\fungal infection\fungal_355_jpg.rf.e0faa8e02fedf74d628f2ea6b8f501a5.jpg,443,140a7a9f-614b-4e20-86d0-981701aa3a08,fungal infection,fungal infection,"[""alopecia"", ""scaling""]",disease-level (provisional),research-only,unsupported,train,skin,unknown,C,,0.0,1.0,0.0,1.0,0.0,0.0,0.0,0.0,"['alopecia', 'scaling']",train
48147bf2-c1fb-4933-b18c-f1a4a6124b79,Kaggle,C:\Users\ESSAKKI RAJA T  EV\OneDrive\Desktop\DB PAWPHILE\archive\test\demodicosis\IMG_5173_jpeg_jpg.rf.743ef789fa0a492142632e08a9cb97f9.jpg,1498,59400ad9-3f61-478b-a919-5e42094d2ddd,demodicosis,demodicosis,"[""alopecia"", ""erythema"", ""crust""]",disease-level (provisional),research-only,unsupported,test,skin,unknown,C,,1.0,1.0,1.0,0.0,0.0,0.0,0.0,0.0,"['alopecia', 'erythema', 'crust']",train
455aa09f-4661-4b76-9c2e-b02f5c5c4107,Kaggle,C:\Users\ESSAKKI RAJA T  EV\OneDrive\Desktop\DB PAWPHILE\archive\test\ringworm\ringworm-7-_jpg.rf.4241ca2ee03c09ad3842773fbe682b50.jpg,459,62b0bd77-ac99-4d08-a081-7654f464a7ae,ringworm,fungal infection,"[""alopecia"", ""scaling""]",disease-level (provisional),research-only,unsupported,test,skin,unknown,C,,0.0,1.0,0.0,1.0,0.0,0.0,0.0,0.0,"['alopecia', 'scaling']",train
621a1f90-8fa9-4099-9319-6b3d4f5c007c,Roboflow,C:\Users\ESSAKKI RAJA T  EV\OneDrive\Desktop\DB PAWPHILE\Dog Skin Disease Dataset.v2i.folder\train\fungal infection\fungal_48_jpg.rf.4b865c571603d89500e4e80c2f37f127.jpg,1023,564b9f9d-5f59-4cb6-9172-1ac498f08881,fungal infection,fungal infection,"[""alopecia"", ""scaling""]",disease-level (provisional),research-only,unsupported,train,skin,unknown,C,,0.0,1.0,0.0,1.0,0.0,0.0,0.0,0.0,"['alopecia', 'scaling']",train
87342b0b-ddd6-4265-b46e-d10ed650beb5,Kaggle,C:\Users\ESSAKKI RAJA T  EV\OneDrive\Desktop\DB PAWPHILE\archive\valid\Healthy\Image_10_jpg.rf.f0dc276e4aaa368353060290d266039b.jpg,1219,d9e2eceb-f877-4073-bf58-7b7d8bdc6194,Healthy,healthy,[],disease-level (provisional),research-only,unsupported,valid,skin,unknown,C,,0.0,0.0,0.0,0.0,0.0,0.0,0.0,0.0,[],train
a37510b7-3da6-4859-984e-ec754480d79f,Roboflow,C:\Users\ESSAKKI RAJA T  EV\OneDrive\Desktop\DB PAWPHILE\Dog Skin Disease Dataset.v2i.folder\train\fungal infection\fungal_121_jpg.rf.0660ac77a914842d90f48d3474891a26.jpg,454,f75e33e6-8818-431b-8ebd-6c1a9cfb0274,fungal infection,fungal infection,"[""alopecia"", ""scaling""]",disease-level (provisional),research-only,unsupported,train,skin,unknown,C,,0.0,1.0,0.0,1.0,0.0,0.0,0.0,0.0,"['alopecia', 'scaling']",train
9612aa3a-5478-4bb0-a86b-308a225615a1,Roboflow,C:\Users\ESSAKKI RAJA T  EV\OneDrive\Desktop\DB PAWPHILE\Dog Skin Disease Dataset.v2i.folder\test\bacterial dermatosis\bacterial_330_jpg.rf.ea746666f94f85a87bedefe8661f1235.jpg,773,c071c800-c991-4fce-8d88-79aecc4356cd,bacterial dermatosis,bacterial dermatosis,"[""erythema"", ""pustule"", ""crust""]",disease-level (provisional),research-only,unsupported,test,skin,unknown,C,,1.0,0.0,1.0,0.0,0.0,0.0,1.0,0.0,"['erythema', 'pustule', 'crust']",train
26bc1a5b-edca-43df-a585-0d3152ca0d3d,Kaggle,C:\Users\ESSAKKI RAJA T  EV\OneDrive\Desktop\DB PAWPHILE\archive\valid\demodicosis\2024-05-13-165037_jpg.rf.ac0fa3c743dca5254f7c14bf87b3e2d1.jpg,1211,71f38308-281a-4a25-8fa1-67144cae1f78,demodicosis,demodicosis,"[""alopecia"", ""erythema"", ""crust""]",disease-level (provisional),research-only,unsupported,valid,skin,unknown,C,,1.0,1.0,1.0,0.0,0.0,0.0,0.0,0.0,"['alopecia', 'erythema', 'crust']",train
246d00ed-8786-41a7-bc47-f5f3e196d790,Roboflow,C:\Users\ESSAKKI RAJA T  EV\OneDrive\Desktop\DB PAWPHILE\Dog Skin Disease Dataset.v2i.folder\train\bacterial dermatosis\bacterial1_jpg.rf.9c28d5b5bf04aa4f149d00b9f27a49d2.jpg,209,0334829b-e1ff-409e-90e2-62208878bfe4,bacterial dermatosis,bacterial dermatosis,"[""erythema"", ""pustule"", ""crust""]",disease-level (provisional),research-only,unsupported,train,skin,unknown,C,,1.0,0.0,1.0,0.0,0.0,0.0,1.0,0.0,"['erythema', 'pustule', 'crust']",train
68aeb660-edb9-4a1c-a38b-3184bbff5194,Roboflow,C:\Users\ESSAKKI RAJA T  EV\OneDrive\Desktop\DB PAWPHILE\Dog Skin Disease Dataset.v2i.folder\train\bacterial dermatosis\bacterial_28_jpg.rf.56908462836e11083fc9c62aa802cba4.jpg,1069,9f18957f-5cbf-49ba-a0f9-58ff9445b9e1,bacterial dermatosis,bacterial dermatosis,"[""erythema"", ""pustule"", ""crust""]",disease-level (provisional),research-only,unsupported,train,skin,unknown,C,,1.0,0.0,1.0,0.0,0.0,0.0,1.0,0.0,"['erythema', 'pustule', 'crust']",train
477998d3-ece4-4f31-80f9-75253c8bbd70,Kaggle,C:\Users\ESSAKKI RAJA T  EV\OneDrive\Desktop\DB PAWPHILE\archive\test\Fungal_infections\pic33_jpg.rf.76b2c815648b1680ee71a9ccb0125f85.jpg,1132,8fe65ce3-6412-493c-95db-da277817f0e1,Fungal_infections,fungal infection,"[""alopecia"", ""scaling""]",disease-level (provisional),research-only,unsupported,test,skin,unknown,C,,0.0,1.0,0.0,1.0,0.0,0.0,0.0,0.0,"['alopecia', 'scaling']",train
a61d9d39-2a7a-470c-b29c-f1466ffe90aa,Roboflow,C:\Users\ESSAKKI RAJA T  EV\OneDrive\Desktop\DB PAWPHILE\Dog Skin Disease Dataset.v2i.folder\train\bacterial dermatosis\bacterial_3_jpg.rf.abb166f50e4e724367deba6947af32bc.jpg,1366,fe243444-7a4c-456f-a93e-1224df96b619,bacterial dermatosis,bacterial dermatosis,"[""erythema"", ""pustule"", ""crust""]",disease-level (provisional),research-only,unsupported,train,skin,unknown,C,,1.0,0.0,1.0,0.0,0.0,0.0,1.0,0.0,"['erythema', 'pustule', 'crust']",train
2e1b674b-666d-4189-8c4c-c78a43d49711,Roboflow,C:\Users\ESSAKKI RAJA T  EV\OneDrive\Desktop\DB PAWPHILE\Dog Skin Disease Dataset.v2i.folder\train\fungal infection\fungal_inf_17_jpg.rf.8bd2c7232fef8c883a5853148afce6a8.jpg,627,956ab559-d18c-4146-b2cf-6720588a0bef,fungal infection,fungal infection,"[""alopecia"", ""scaling""]",disease-level (provisional),research-only,unsupported,train,skin,unknown,C,,0.0,1.0,0.0,1.0,0.0,0.0,0.0,0.0,"['alopecia', 'scaling']",train
c3950fe8-85b6-49a0-881f-512e2ffa96c3,Roboflow,C:\Users\ESSAKKI RAJA T  EV\OneDrive\Desktop\DB PAWPHILE\Dog Skin Disease Dataset.v2i.folder\train\healthy\healthy_46_jpg.rf.0aa2d0168a23be897ca1601c3256c104.jpg,1527,cb254800-4256-4e73-97a1-afb0e293579e,healthy,healthy,[],disease-level (provisional),research-only,unsupported,train,skin,unknown,C,,0.0,0.0,0.0,0.0,0.0,0.0,0.0,0.0,[],train
a8a8b886-5ce7-419b-8a36-8cd62b78a8ec,Roboflow,C:\Users\ESSAKKI RAJA T  EV\OneDrive\Desktop\DB PAWPHILE\Dog Skin Disease Dataset.v2i.folder\train\bacterial dermatosis\bacterial_155_jpg.rf.d2d738b4bfa745965211ca19d3be3736.jpg,1061,27e6ad79-7210-4112-9b1a-ccb74be7a59a,bacterial dermatosis,bacterial dermatosis,"[""erythema"", ""pustule"", ""crust""]",disease-level (provisional),research-only,unsupported,train,skin,unknown,C,,1.0,0.0,1.0,0.0,0.0,0.0,1.0,0.0,"['erythema', 'pustule', 'crust']",train
3b77a3cd-6003-48aa-8325-b377508a4ab9,Kaggle,C:\Users\ESSAKKI RAJA T  EV\OneDrive\Desktop\DB PAWPHILE\archive\valid\Healthy\dogs_148_jpg.rf.f3bd67ac8a9ed80aeb692d90c01852a4.jpg,804,eb8b436e-a151-45ac-a3bc-3efb11daca60,Healthy,healthy,[],disease-level (provisional),research-only,unsupported,valid,skin,unknown,C,,0.0,0.0,0.0,0.0,0.0,0.0,0.0,0.0,[],train
c627882c-c41d-4677-96c4-bdda498bdb74,Kaggle,C:\Users\ESSAKKI RAJA T  EV\OneDrive\Desktop\DB PAWPHILE\archive\valid\Dermatitis\HOT-SPOT-IN-DOG-HOW-vet-treated-symptom-prevention_-flea-bite-moist-eczema_dog-itching-000152_png_jpg.rf.0c7bb84d77646ce2d29c196004f907e6.jpg,1744,3f3c2acd-5527-4a36-b8f1-ddc6e251664e,Dermatitis,nonspecific dermatitis,"[""erythema"", ""scaling""]",disease-level (provisional),research-only,unsupported,valid,skin,unknown,C,,1.0,0.0,0.0,1.0,0.0,0.0,0.0,0.0,"['erythema', 'scaling']",train
3790e1a6-3d74-4c65-8118-c8a8cc924b23,Roboflow,C:\Users\ESSAKKI RAJA T  EV\OneDrive\Desktop\DB PAWPHILE\Dog Skin Disease Dataset.v2i.folder\train\healthy\healthy_20_jpg.rf.0bfc82e33c382f5097a6f0cc1816ea56.jpg,1226,eab65b5f-56f6-43ee-a832-9a8dd531933b,healthy,healthy,[],disease-level (provisional),research-only,unsupported,train,skin,unknown,C,,0.0,0.0,0.0,0.0,0.0,0.0,0.0,0.0,[],train
bb5d5098-4722-4f52-b83d-91e54952a7db,Kaggle,C:\Users\ESSAKKI RAJA T  EV\OneDrive\Desktop\DB PAWPHILE\archive\train\Dermatitis\296327617_10223333354745759_96123069612573010_n_jpg.rf.f94df9b5c124e31582ed0714db451afe.jpg,1630,1fb17313-1eba-47c2-bac7-ed064f816b6f,Dermatitis,nonspecific dermatitis,"[""erythema"", ""scaling""]",disease-level (provisional),research-only,unsupported,train,skin,unknown,C,,1.0,0.0,0.0,1.0,0.0,0.0,0.0,0.0,"['erythema', 'scaling']",train
4bfca739-b83a-43a5-8b17-7bc3264cfedb,Roboflow,C:\Users\ESSAKKI RAJA T  EV\OneDrive\Desktop\DB PAWPHILE\Dog Skin Disease Dataset.v2i.folder\valid\bacterial dermatosis\bacterial_14_jpg.rf.f6afe1b0aa723afb50e6befbfb68c1c3.jpg,643,a25cfea4-e178-4950-bd01-5ab0b6618d59,bacterial dermatosis,bacterial dermatosis,"[""erythema"", ""pustule"", ""crust""]",disease-level (provisional),research-only,unsupported,valid,skin,unknown,C,,1.0,0.0,1.0,0.0,0.0,0.0,1.0,0.0,"['erythema', 'pustule', 'crust']",train
528d1d30-2a52-4704-9ca0-ce376d11ad13,Roboflow,C:\Users\ESSAKKI RAJA T  EV\OneDrive\Desktop\DB PAWPHILE\Dog Skin Disease Dataset.v2i.folder\test\fungal infection\fungal_160_jpg.rf.42517929f6199ebcaeb14aeaa2086389.jpg,636,466c4a8b-f135-4654-b63c-243f68a54e73,fungal infection,fungal infection,"[""alopecia"", ""scaling""]",disease-level (provisional),research-only,unsupported,test,skin,unknown,C,,0.0,1.0,0.0,1.0,0.0,0.0,0.0,0.0,"['alopecia', 'scaling']",train
9ce71ea9-afbb-4d91-8be8-9da3335f7a8e,Kaggle,C:\Users\ESSAKKI RAJA T  EV\OneDrive\Desktop\DB PAWPHILE\archive\test\demodicosis\D130_png_jpg.rf.4f7b686b7653129dffeaaa22bd843962.jpg,549,65a71a61-2b2d-48af-8dd3-dd8b5e6c63a8,demodicosis,demodicosis,"[""alopecia"", ""erythema"", ""crust""]",disease-level (provisional),research-only,unsupported,test,skin,unknown,C,,1.0,1.0,1.0,0.0,0.0,0.0,0.0,0.0,"['alopecia', 'erythema', 'crust']",train
35af569a-fdd5-4632-bde5-c29b986bdcbc,Roboflow,C:\Users\ESSAKKI RAJA T  EV\OneDrive\Desktop\DB PAWPHILE\Dog Skin Disease Dataset.v2i.folder\test\bacterial dermatosis\bacterial_derm_7_jpg.rf.06ed381153cdb0e3d43c97148c942381.jpg,932,6651d462-3cea-412b-8fe9-41449b334f76,bacterial dermatosis,bacterial dermatosis,"[""erythema"", ""pustule"", ""crust""]",disease-level (provisional),research-only,unsupported,test,skin,unknown,C,,1.0,0.0,1.0,0.0,0.0,0.0,1.0,0.0,"['erythema', 'pustule', 'crust']",train
8be1a125-decb-4441-a851-c831d279f409,Roboflow,C:\Users\ESSAKKI RAJA T  EV\OneDrive\Desktop\DB PAWPHILE\Dog Skin Disease Dataset.v2i.folder\train\fungal infection\fungal_69_jpg.rf.18a64974d1ad0756f2f0cf247a7ccd31.jpg,1844,e151c848-252d-406a-b3a2-d7d87ea4d8dc,fungal infection,fungal infection,"[""alopecia"", ""scaling""]",disease-level (provisional),research-only,unsupported,train,skin,unknown,C,,0.0,1.0,0.0,1.0,0.0,0.0,0.0,0.0,"['alopecia', 'scaling']",train
262ed03b-6e97-40c7-a212-af228b52d756,Kaggle,C:\Users\ESSAKKI RAJA T  EV\OneDrive\Desktop\DB PAWPHILE\archive\test\ringworm\1000010541_x16_jpg.rf.b52eeb575876364c7e15014530475f4b.jpg,1421,1c84e37b-9851-4bb2-ae2e-ecc45b02d2de,ringworm,fungal infection,"[""alopecia"", ""scaling""]",disease-level (provisional),research-only,unsupported,test,skin,unknown,C,,0.0,1.0,0.0,1.0,0.0,0.0,0.0,0.0,"['alopecia', 'scaling']",train
c66a6e78-21b2-4c4d-8616-515659133bca,Kaggle,C:\Users\ESSAKKI RAJA T  EV\OneDrive\Desktop\DB PAWPHILE\archive\test\Fungal_infections\pic89_jpg.rf.17c042d3a83f90806a34919d8d3a30d4.jpg,1182,20d9017b-9a12-4ba3-90ee-df91dd549bba,Fungal_infections,fungal infection,"[""alopecia"", ""scaling""]",disease-level (provisional),research-only,unsupported,test,skin,unknown,C,,0.0,1.0,0.0,1.0,0.0,0.0,0.0,0.0,"['alopecia', 'scaling']",train
0b8b6a1e-3b47-47b0-8b0c-ac677d027798,Roboflow,C:\Users\ESSAKKI RAJA T  EV\OneDrive\Desktop\DB PAWPHILE\Dog Skin Disease Dataset.v2i.folder\train\fungal infection\fungal_59_jpg.rf.4f9818d542b397f8dc7047d5e355ebe4.jpg,1070,401e0b94-1431-4e65-a845-5ae082e95550,fungal infection,fungal infection,"[""alopecia"", ""scaling""]",disease-level (provisional),research-only,unsupported,train,skin,unknown,C,,0.0,1.0,0.0,1.0,0.0,0.0,0.0,0.0,"['alopecia', 'scaling']",train
f1c756b6-1c36-4274-8f20-18d996e1f961,Roboflow,C:\Users\ESSAKKI RAJA T  EV\OneDrive\Desktop\DB PAWPHILE\Dog Skin Disease Dataset.v2i.folder\train\bacterial dermatosis\bacterial_328_jpg.rf.5019c536939030a77a65a79d315a6982.jpg,1222,c3b7a585-69db-4269-8d3e-f1d7158c8023,bacterial dermatosis,bacterial dermatosis,"[""erythema"", ""pustule"", ""crust""]",disease-level (provisional),research-only,unsupported,train,skin,unknown,C,,1.0,0.0,1.0,0.0,0.0,0.0,1.0,0.0,"['erythema', 'pustule', 'crust']",train
93d576ae-de3c-4005-8ce5-ee6d053fc9fa,Kaggle,C:\Users\ESSAKKI RAJA T  EV\OneDrive\Desktop\DB PAWPHILE\archive\valid\ringworm\ringworm-16-_jpg.rf.bf5deda351e87d8c9aa454463451cfe1.jpg,871,60ddcba0-1b6d-4088-a4a6-5a07ca92f823,ringworm,fungal infection,"[""alopecia"", ""scaling""]",disease-level (provisional),research-only,unsupported,valid,skin,unknown,C,,0.0,1.0,0.0,1.0,0.0,0.0,0.0,0.0,"['alopecia', 'scaling']",train
4d3e673c-8282-46ef-b86b-a186f8bf6363,Roboflow,C:\Users\ESSAKKI RAJA T  EV\OneDrive\Desktop\DB PAWPHILE\Dog Skin Disease Dataset.v2i.folder\train\fungal infection\fungal_302_jpg.rf.203316483b3f9c0997dd391fd603b4ce.jpg,779,a0fa158e-9c50-49ab-8a6e-7c1af0f89768,fungal infection,fungal infection,"[""alopecia"", ""scaling""]",disease-level (provisional),research-only,unsupported,train,skin,unknown,C,,0.0,1.0,0.0,1.0,0.0,0.0,0.0,0.0,"['alopecia', 'scaling']",train
7fce2a80-3b52-441a-9aca-2fa7343b32ae,Roboflow,C:\Users\ESSAKKI RAJA T  EV\OneDrive\Desktop\DB PAWPHILE\Dog Skin Disease Dataset.v2i.folder\train\healthy\healthy_36_jpg.rf.4ae76f0430eab0624174a9f7f5a4dd1c.jpg,1271,63959bc8-6c0b-4631-8814-cce5c4f665aa,healthy,healthy,[],disease-level (provisional),research-only,unsupported,train,skin,unknown,C,,0.0,0.0,0.0,0.0,0.0,0.0,0.0,0.0,[],train
335364c4-875c-4167-b92f-cbb2c00fb81f,Roboflow,C:\Users\ESSAKKI RAJA T  EV\OneDrive\Desktop\DB PAWPHILE\Dog Skin Disease Dataset.v2i.folder\train\bacterial dermatosis\bacterial_50_jpg.rf.1fb0b166b4e21d1752a8e47a524a6048.jpg,214,11b8a392-8898-4863-b718-cc341e5851d2,bacterial dermatosis,bacterial dermatosis,"[""erythema"", ""pustule"", ""crust""]",disease-level (provisional),research-only,unsupported,train,skin,unknown,C,,1.0,0.0,1.0,0.0,0.0,0.0,1.0,0.0,"['erythema', 'pustule', 'crust']",train
fac4f6f3-a9a9-47be-a3fb-9ba3718d9b08,Kaggle,C:\Users\ESSAKKI RAJA T  EV\OneDrive\Desktop\DB PAWPHILE\archive\test\Hypersensitivity\B9781416056638000070_f007-039-9781416056638_jpg.rf.cd6007a7c741dda3ef13184b833e78fd.jpg,1309,ddfbfcfa-bc4e-4cc2-bcd4-6c3966589313,Hypersensitivity,hypersensitivity / allergic dermatitis,"[""erythema"", ""lichenification""]",disease-level (provisional),research-only,unsupported,test,skin,unknown,C,,1.0,0.0,0.0,0.0,0.0,0.0,0.0,1.0,"['erythema', 'lichenification']",train
5622c117-1826-48a9-80ae-fc56c1c09e31,Kaggle,C:\Users\ESSAKKI RAJA T  EV\OneDrive\Desktop\DB PAWPHILE\archive\test\Healthy\Image_12_jpg.rf.f8a60c4a3953ecbe639e1f5568e2ab81.jpg,1139,3af2b1d6-5c2d-4672-b497-d00dfe89fc89,Healthy,healthy,[],disease-level (provisional),research-only,unsupported,test,skin,unknown,C,,0.0,0.0,0.0,0.0,0.0,0.0,0.0,0.0,[],train
1157e2e4-0afd-4968-bc4b-b85cfbfcb3c2,Kaggle,C:\Users\ESSAKKI RAJA T  EV\OneDrive\Desktop\DB PAWPHILE\archive\valid\demodicosis\scabies_89_png_jpg.rf.5e6248df3e3731cee51d6ee215596022.jpg,1090,4f87f884-44b2-4a20-88d4-ed67b1cbed0f,demodicosis,demodicosis,"[""alopecia"", ""erythema"", ""crust""]",disease-level (provisional),research-only,unsupported,valid,skin,unknown,C,,1.0,1.0,1.0,0.0,0.0,0.0,0.0,0.0,"['alopecia', 'erythema', 'crust']",train
14220946-d3e0-4c0b-89d4-3e7dcab5cc5d,Roboflow,C:\Users\ESSAKKI RAJA T  EV\OneDrive\Desktop\DB PAWPHILE\Dog Skin Disease Dataset.v2i.folder\train\healthy\healthy_338_jpg.rf.14394208000ba19d4e33f55f1670d33e.jpg,1141,acf458a3-159a-47db-81a9-c6ab533c1417,healthy,healthy,[],disease-level (provisional),research-only,unsupported,train,skin,unknown,C,,0.0,0.0,0.0,0.0,0.0,0.0,0.0,0.0,[],train
f4137b9a-1473-4991-85a7-6197e0533d90,Kaggle,C:\Users\ESSAKKI RAJA T  EV\OneDrive\Desktop\DB PAWPHILE\archive\test\Fungal_infections\1016_jpg.rf.8f37dc56a30186a415f405c9c670875a.jpg,1256,14f89ea1-dd54-4eae-ad83-8c4e347e3c19,Fungal_infections,fungal infection,"[""alopecia"", ""scaling""]",disease-level (provisional),research-only,unsupported,test,skin,unknown,C,,0.0,1.0,0.0,1.0,0.0,0.0,0.0,0.0,"['alopecia', 'scaling']",train
9188d6ce-a1c7-4539-ab9d-fb0b26f42595,Kaggle,C:\Users\ESSAKKI RAJA T  EV\OneDrive\Desktop\DB PAWPHILE\archive\valid\ringworm\R56_png_jpg.rf.b1d3cbd167057b35852b21086f26d067.jpg,873,0426bc45-339d-4590-8d0a-4f2d633588f2,ringworm,fungal infection,"[""alopecia"", ""scaling""]",disease-level (provisional),research-only,unsupported,valid,skin,unknown,C,,0.0,1.0,0.0,1.0,0.0,0.0,0.0,0.0,"['alopecia', 'scaling']",train
75f466b5-9024-4611-83f8-0e5d5578a678,Kaggle,C:\Users\ESSAKKI RAJA T  EV\OneDrive\Desktop\DB PAWPHILE\archive\valid\Healthy\HEALTHY_003_jpg.rf.f10589f91f5777fa12d8d69453ab3484.jpg,1335,dd03b6a4-d198-47ab-8950-0924e98bff21,Healthy,healthy,[],disease-level (provisional),research-only,unsupported,valid,skin,unknown,C,,0.0,0.0,0.0,0.0,0.0,0.0,0.0,0.0,[],train
9c95cf79-b69d-4130-b1da-c4def861ef8b,Kaggle,C:\Users\ESSAKKI RAJA T  EV\OneDrive\Desktop\DB PAWPHILE\archive\train\Dermatitis\1000010653_x16_jpg.rf.c387749e8c48a0208acb7149af943a82.jpg,479,f95a2c5a-177c-4635-8ca3-ee553bad3e1e,Dermatitis,nonspecific dermatitis,"[""erythema"", ""scaling""]",disease-level (provisional),research-only,unsupported,train,skin,unknown,C,,1.0,0.0,0.0,1.0,0.0,0.0,0.0,0.0,"['erythema', 'scaling']",train
0150cce5-6ff7-4930-a0db-7544dc209745,Roboflow,C:\Users\ESSAKKI RAJA T  EV\OneDrive\Desktop\DB PAWPHILE\Dog Skin Disease Dataset.v2i.folder\valid\bacterial dermatosis\bacterial_34_jpg.rf.cc63be209fd67f0edaa7e4f21cb39815.jpg,1440,acf061b0-ef77-40ad-85ea-e29fd2700108,bacterial dermatosis,bacterial dermatosis,"[""erythema"", ""pustule"", ""crust""]",disease-level (provisional),research-only,unsupported,valid,skin,unknown,C,,1.0,0.0,1.0,0.0,0.0,0.0,1.0,0.0,"['erythema', 'pustule', 'crust']",train
2716799a-da07-42b8-9ef2-80fa29511fdc,Roboflow,C:\Users\ESSAKKI RAJA T  EV\OneDrive\Desktop\DB PAWPHILE\Dog Skin Disease Dataset.v2i.folder\train\fungal infection\fungal_335_jpg.rf.f6ed7bbb7b3b19a0cfd038845ea7f098.jpg,851,b03599dc-1cb1-4ed0-abf8-12c5ae411fb7,fungal infection,fungal infection,"[""alopecia"", ""scaling""]",disease-level (provisional),research-only,unsupported,train,skin,unknown,C,,0.0,1.0,0.0,1.0,0.0,0.0,0.0,0.0,"['alopecia', 'scaling']",train
bcdd4874-833a-483d-8993-e4bf058e70cd,Kaggle,C:\Users\ESSAKKI RAJA T  EV\OneDrive\Desktop\DB PAWPHILE\archive\test\demodicosis\2024-05-13-161952_jpg.rf.1c9a08f5f8c899c037a68e612e1f68c7.jpg,1321,385e73c9-f671-40f2-9b55-8a2e1c552078,demodicosis,demodicosis,"[""alopecia"", ""erythema"", ""crust""]",disease-level (provisional),research-only,unsupported,test,skin,unknown,C,,1.0,1.0,1.0,0.0,0.0,0.0,0.0,0.0,"['alopecia', 'erythema', 'crust']",train
811740bc-0c43-4654-9d23-67d2ec5af525,Kaggle,C:\Users\ESSAKKI RAJA T  EV\OneDrive\Desktop\DB PAWPHILE\archive\valid\Hypersensitivity\Hypersensitivity5_png_jpg.rf.a25c0d43fbbe35f92e716984f1be427b.jpg,1134,d930ead2-bf8b-4e21-82aa-29475e7c2a15,Hypersensitivity,hypersensitivity / allergic dermatitis,"[""erythema"", ""lichenification""]",disease-level (provisional),research-only,unsupported,valid,skin,unknown,C,,1.0,0.0,0.0,0.0,0.0,0.0,0.0,1.0,"['erythema', 'lichenification']",train
7d0e566a-b19f-4891-b78f-692166691857,Kaggle,C:\Users\ESSAKKI RAJA T  EV\OneDrive\Desktop\DB PAWPHILE\archive\test\ringworm\NEWR39_png_jpg.rf.ba5e32f28d6e995ee67e283b29890779.jpg,1619,a30e7b6a-d568-417a-bf71-491ae73f4954,ringworm,fungal infection,"[""alopecia"", ""scaling""]",disease-level (provisional),research-only,unsupported,test,skin,unknown,C,,0.0,1.0,0.0,1.0,0.0,0.0,0.0,0.0,"['alopecia', 'scaling']",train
93ba83a9-ce7a-46ef-9ec1-73b921af2ce8,Kaggle,C:\Users\ESSAKKI RAJA T  EV\OneDrive\Desktop\DB PAWPHILE\archive\valid\Dermatitis\bac1_jpg.rf.8e473e5ff2ea2309a2ffcefc53a4beac.jpg,397,9113ae42-f800-409d-8f39-c144a671d72f,Dermatitis,nonspecific dermatitis,"[""erythema"", ""scaling""]",disease-level (provisional),research-only,unsupported,valid,skin,unknown,C,,1.0,0.0,0.0,1.0,0.0,0.0,0.0,0.0,"['erythema', 'scaling']",train
8cad02f9-dd4f-41b4-b86b-ceb438bed062,Roboflow,C:\Users\ESSAKKI RAJA T  EV\OneDrive\Desktop\DB PAWPHILE\Dog Skin Disease Dataset.v2i.folder\train\hypersensitivity dermatitis\hypersensitivity_357_jpg.rf.5ecf80aee53ebc128119d6b2232a9a9e.jpg,1489,69ac29c0-e432-4d6b-81f0-9658ace3c3b1,hypersensitivity dermatitis,hypersensitivity / allergic dermatitis,"[""erythema"", ""lichenification""]",disease-level (provisional),research-only,unsupported,train,skin,unknown,C,,1.0,0.0,0.0,0.0,0.0,0.0,0.0,1.0,"['erythema', 'lichenification']",train
cd7f82bb-4704-41ae-b33b-905a3a03f612,Roboflow,C:\Users\ESSAKKI RAJA T  EV\OneDrive\Desktop\DB PAWPHILE\Dog Skin Disease Dataset.v2i.folder\train\fungal infection\fungal_300_jpg.rf.5a2bf52412f491ff703d4f2a9678460f.jpg,767,74b11d4f-8535-4cde-b0f2-4bc52ba8bdca,fungal infection,fungal infection,"[""alopecia"", ""scaling""]",disease-level (provisional),research-only,unsupported,train,skin,unknown,C,,0.0,1.0,0.0,1.0,0.0,0.0,0.0,0.0,"['alopecia', 'scaling']",train
77235135-502e-4b7d-9062-573beee9ef87,Roboflow,C:\Users\ESSAKKI RAJA T  EV\OneDrive\Desktop\DB PAWPHILE\Dog Skin Disease Dataset.v2i.folder\test\healthy\healthy_406_jpg.rf.23fdd1c70a62775e5642bfd194fddbe5.jpg,1118,ecd9c1e6-f7a0-4451-8fd5-6878d8834f2b,healthy,healthy,[],disease-level (provisional),research-only,unsupported,test,skin,unknown,C,,0.0,0.0,0.0,0.0,0.0,0.0,0.0,0.0,[],train
3146a0d5-96ab-4f2e-897d-0b72e436297f,Kaggle,C:\Users\ESSAKKI RAJA T  EV\OneDrive\Desktop\DB PAWPHILE\archive\train\Healthy\HEALTHY_022_jpg.rf.3dacf3fc2c1b00a3b176209246dc229f.jpg,1892,fb3e2855-d003-461e-92eb-75261de40038,Healthy,healthy,[],disease-level (provisional),research-only,unsupported,train,skin,unknown,C,,0.0,0.0,0.0,0.0,0.0,0.0,0.0,0.0,[],train
e0eee059-4791-40fe-9472-683391931ace,Roboflow,C:\Users\ESSAKKI RAJA T  EV\OneDrive\Desktop\DB PAWPHILE\Dog Skin Disease Dataset.v2i.folder\test\hypersensitivity dermatitis\hypersensitivity_148_jpg.rf.86c165143f42922fbdb276f8cbb24cd9.jpg,1002,3c64ee65-7bf9-4622-b9cb-dc26568a2046,hypersensitivity dermatitis,hypersensitivity / allergic dermatitis,"[""erythema"", ""lichenification""]",disease-level (provisional),research-only,unsupported,test,skin,unknown,C,,1.0,0.0,0.0,0.0,0.0,0.0,0.0,1.0,"['erythema', 'lichenification']",train
1f3d461f-2164-4eda-8e26-b09abfa70306,Roboflow,C:\Users\ESSAKKI RAJA T  EV\OneDrive\Desktop\DB PAWPHILE\Dog Skin Disease Dataset.v2i.folder\test\bacterial dermatosis\bacterial_61_jpg.rf.a496950697720dbd2fbe897e73d64167.jpg,910,863c8dc9-452c-4d06-a537-a7b9af3c904e,bacterial dermatosis,bacterial dermatosis,"[""erythema"", ""pustule"", ""crust""]",disease-level (provisional),research-only,unsupported,test,skin,unknown,C,,1.0,0.0,1.0,0.0,0.0,0.0,1.0,0.0,"['erythema', 'pustule', 'crust']",train
5249031a-8713-4e51-980f-49083a02aa6e,Roboflow,C:\Users\ESSAKKI RAJA T  EV\OneDrive\Desktop\DB PAWPHILE\Dog Skin Disease Dataset.v2i.folder\train\fungal infection\fungal_232_jpg.rf.caa6fc80ecc3179556c8a944df10cb45.jpg,553,9248edde-c59a-4023-9870-014e2d5538fd,fungal infection,fungal infection,"[""alopecia"", ""scaling""]",disease-level (provisional),research-only,unsupported,train,skin,unknown,C,,0.0,1.0,0.0,1.0,0.0,0.0,0.0,0.0,"['alopecia', 'scaling']",train
bfa204a8-2738-4d33-8b12-740b2ce852af,Roboflow,C:\Users\ESSAKKI RAJA T  EV\OneDrive\Desktop\DB PAWPHILE\Dog Skin Disease Dataset.v2i.folder\valid\healthy\healthy_112_jpg.rf.71f452c0e25f38b8ff08d4cc9ccb4b26.jpg,1001,ef593d4b-66f4-4977-894d-bd6417fe0b18,healthy,healthy,[],disease-level (provisional),research-only,unsupported,valid,skin,unknown,C,,0.0,0.0,0.0,0.0,0.0,0.0,0.0,0.0,[],train
c9c91991-f712-4e1b-b16f-9ff5201cbdd4,Kaggle,C:\Users\ESSAKKI RAJA T  EV\OneDrive\Desktop\DB PAWPHILE\archive\test\ringworm\ringworm-11-_jpg.rf.61fdf6d065188bfbd86a1601f7644715.jpg,700,0190fc90-7e94-450a-9af8-9c08ea405cc8,ringworm,fungal infection,"[""alopecia"", ""scaling""]",disease-level (provisional),research-only,unsupported,test,skin,unknown,C,,0.0,1.0,0.0,1.0,0.0,0.0,0.0,0.0,"['alopecia', 'scaling']",train
74cda593-bb55-4662-a29c-7379986fa470,Roboflow,C:\Users\ESSAKKI RAJA T  EV\OneDrive\Desktop\DB PAWPHILE\Dog Skin Disease Dataset.v2i.folder\train\fungal infection\fungal_272_jpg.rf.8aa175e7b6844a4453e9171c93eb2f6a.jpg,395,b38edd08-1eb7-4426-a7d9-650cc37cd84e,fungal infection,fungal infection,"[""alopecia"", ""scaling""]",disease-level (provisional),research-only,unsupported,train,skin,unknown,C,,0.0,1.0,0.0,1.0,0.0,0.0,0.0,0.0,"['alopecia', 'scaling']",train
c463c34e-7820-4116-a80a-29ec3ca18fc0,Roboflow,C:\Users\ESSAKKI RAJA T  EV\OneDrive\Desktop\DB PAWPHILE\Dog Skin Disease Dataset.v2i.folder\test\fungal infection\fungal_14_jpg.rf.512fa804d2fd018e03440e915a4264a5.jpg,1447,8a739df7-8aa0-4f09-9650-fe7c63ebc3a9,fungal infection,fungal infection,"[""alopecia"", ""scaling""]",disease-level (provisional),research-only,unsupported,test,skin,unknown,C,,0.0,1.0,0.0,1.0,0.0,0.0,0.0,0.0,"['alopecia', 'scaling']",train
dd83a3b4-210f-4176-b13d-5e52e4d0ffbd,Roboflow,C:\Users\ESSAKKI RAJA T  EV\OneDrive\Desktop\DB PAWPHILE\Dog Skin Disease Dataset.v2i.folder\train\fungal infection\fungal_17_jpg.rf.c60a50609e25e9b39af767ebe4427288.jpg,1884,384069be-c49b-4694-8730-8be9bf7a91f8,fungal infection,fungal infection,"[""alopecia"", ""scaling""]",disease-level (provisional),research-only,unsupported,train,skin,unknown,C,,0.0,1.0,0.0,1.0,0.0,0.0,0.0,0.0,"['alopecia', 'scaling']",train
e49c359f-5a55-4420-9f2e-c371192155ac,Kaggle,C:\Users\ESSAKKI RAJA T  EV\OneDrive\Desktop\DB PAWPHILE\archive\valid\Healthy\HEALTHY_006_jpg.rf.f8ff3920d9edfcd8a05f21244c2a5a39.jpg,783,a1c3213b-822e-47bc-8159-8fe5e69ba370,Healthy,healthy,[],disease-level (provisional),research-only,unsupported,valid,skin,unknown,C,,0.0,0.0,0.0,0.0,0.0,0.0,0.0,0.0,[],train
4d83971e-c01f-4ea5-9f87-7f73fcd17962,Kaggle,C:\Users\ESSAKKI RAJA T  EV\OneDrive\Desktop\DB PAWPHILE\archive\valid\ringworm\ringworm-21-_jpg.rf.d7a72c9d82436a530002e30b261701b8.jpg,1840,e0c852fb-c1ef-4db6-9a02-4f15ab7ffb96,ringworm,fungal infection,"[""alopecia"", ""scaling""]",disease-level (provisional),research-only,unsupported,valid,skin,unknown,C,,0.0,1.0,0.0,1.0,0.0,0.0,0.0,0.0,"['alopecia', 'scaling']",train
19762cce-52bf-47dc-8d4f-437017ef9a40,Roboflow,C:\Users\ESSAKKI RAJA T  EV\OneDrive\Desktop\DB PAWPHILE\Dog Skin Disease Dataset.v2i.folder\train\bacterial dermatosis\bacterial_260_jpg.rf.9f653a228b3de0bdb535a2bad24f1e35.jpg,1389,9310f57e-d1a8-4ad9-888c-92f88af6dc21,bacterial dermatosis,bacterial dermatosis,"[""erythema"", ""pustule"", ""crust""]",disease-level (provisional),research-only,unsupported,train,skin,unknown,C,,1.0,0.0,1.0,0.0,0.0,0.0,1.0,0.0,"['erythema', 'pustule', 'crust']",train
57f02e22-31f9-41c7-9979-300785697ff7,Kaggle,C:\Users\ESSAKKI RAJA T  EV\OneDrive\Desktop\DB PAWPHILE\archive\test\ringworm\ringworm-5-_jpg.rf.fa038ef97257e11ef8ad3ed2691affff.jpg,866,44805211-9193-4897-ad52-75fe8bc34a8b,ringworm,fungal infection,"[""alopecia"", ""scaling""]",disease-level (provisional),research-only,unsupported,test,skin,unknown,C,,0.0,1.0,0.0,1.0,0.0,0.0,0.0,0.0,"['alopecia', 'scaling']",train
0a974973-418f-48b8-b125-7e4fd959c664,Roboflow,C:\Users\ESSAKKI RAJA T  EV\OneDrive\Desktop\DB PAWPHILE\Dog Skin Disease Dataset.v2i.folder\train\bacterial dermatosis\bacterial_11_jpg.rf.736929163548ad43ed1ce4d8c88ee831.jpg,1388,9fd4a842-a08a-452f-ae7e-535631429c65,bacterial dermatosis,bacterial dermatosis,"[""erythema"", ""pustule"", ""crust""]",disease-level (provisional),research-only,unsupported,train,skin,unknown,C,,1.0,0.0,1.0,0.0,0.0,0.0,1.0,0.0,"['erythema', 'pustule', 'crust']",train
6c4dc36b-f207-41ef-9f68-e1f2594115f2,Kaggle,C:\Users\ESSAKKI RAJA T  EV\OneDrive\Desktop\DB PAWPHILE\archive\test\ringworm\ringworm-138-_jpg.rf.1c4c359a265e92fc44d352c23dc0dae5.jpg,1000,1deaaae2-6d35-407d-be0a-3a7126b662fa,ringworm,fungal infection,"[""alopecia"", ""scaling""]",disease-level (provisional),research-only,unsupported,test,skin,unknown,C,,0.0,1.0,0.0,1.0,0.0,0.0,0.0,0.0,"['alopecia', 'scaling']",train
b005059a-a9e2-4a0b-8d06-6bbbfd210246,Roboflow,C:\Users\ESSAKKI RAJA T  EV\OneDrive\Desktop\DB PAWPHILE\Dog Skin Disease Dataset.v2i.folder\valid\bacterial dermatosis\bacterial_196_jpg.rf.287f7a54cbf50a8f96429ed9468f0afa.jpg,484,b6feff80-69b1-401c-89e0-07d811245377,bacterial dermatosis,bacterial dermatosis,"[""erythema"", ""pustule"", ""crust""]",disease-level (provisional),research-only,unsupported,valid,skin,unknown,C,,1.0,0.0,1.0,0.0,0.0,0.0,1.0,0.0,"['erythema', 'pustule', 'crust']",train
c686ec42-8133-4453-b81c-39a7713ca3c1,Kaggle,C:\Users\ESSAKKI RAJA T  EV\OneDrive\Desktop\DB PAWPHILE\archive\test\Healthy\HEALTHY_015_jpg.rf.7da3c9911e241224aa456c35d5bc674f.jpg,1494,8628c2b4-9b59-4da7-85eb-c0cf46cce4e7,Healthy,healthy,[],disease-level (provisional),research-only,unsupported,test,skin,unknown,C,,0.0,0.0,0.0,0.0,0.0,0.0,0.0,0.0,[],train
b87af2f7-c52a-403e-a3db-62a45d41d94e,Roboflow,C:\Users\ESSAKKI RAJA T  EV\OneDrive\Desktop\DB PAWPHILE\Dog Skin Disease Dataset.v2i.folder\test\healthy\healthy_241_jpg.rf.c2db93cc716c67f5ffa0fa0e2de8ead5.jpg,1564,13b86ee4-86db-4215-9444-3138494a127d,healthy,healthy,[],disease-level (provisional),research-only,unsupported,test,skin,unknown,C,,0.0,0.0,0.0,0.0,0.0,0.0,0.0,0.0,[],train
a1b80271-8b47-4271-8a7f-e69c2927a102,Roboflow,C:\Users\ESSAKKI RAJA T  EV\OneDrive\Desktop\DB PAWPHILE\Dog Skin Disease Dataset.v2i.folder\train\fungal infection\fungal_10_jpg.rf.2d3d1df3fd0a501bceb5e2d3b913ad8b.jpg,704,7575904c-903c-4378-b8e3-1d9221a2a839,fungal infection,fungal infection,"[""alopecia"", ""scaling""]",disease-level (provisional),research-only,unsupported,train,skin,unknown,C,,0.0,1.0,0.0,1.0,0.0,0.0,0.0,0.0,"['alopecia', 'scaling']",train
baaadd94-6437-47c7-aa5c-2c4afb75143c,Roboflow,C:\Users\ESSAKKI RAJA T  EV\OneDrive\Desktop\DB PAWPHILE\Dog Skin Disease Dataset.v2i.folder\valid\healthy\healthy_182_jpg.rf.266448335e7353dc0b69d650d444a49e.jpg,1454,93f9cb38-0bc7-48cc-a1d0-0c2f8ba275ff,healthy,healthy,[],disease-level (provisional),research-only,unsupported,valid,skin,unknown,C,,0.0,0.0,0.0,0.0,0.0,0.0,0.0,0.0,[],train
008707a2-0f58-4b12-a64e-e2e71978e9a6,Kaggle,C:\Users\ESSAKKI RAJA T  EV\OneDrive\Desktop\DB PAWPHILE\archive\test\Healthy\dogs_083_jpg.rf.d7bdd8bd18fda58c8d84e28eb0e283da.jpg,1452,752e31e1-8ad3-4734-8229-1f3576139625,Healthy,healthy,[],disease-level (provisional),research-only,unsupported,test,skin,unknown,C,,0.0,0.0,0.0,0.0,0.0,0.0,0.0,0.0,[],train
acba3ea2-582f-491b-bbb5-2b2e3fa3c703,Roboflow,C:\Users\ESSAKKI RAJA T  EV\OneDrive\Desktop\DB PAWPHILE\Dog Skin Disease Dataset.v2i.folder\valid\healthy\healthy_11_jpg.rf.7ce4d4aac23ec7d100e9cf15d527929e.jpg,1523,e5e035bf-4acf-40ae-9a5d-e521ee2d52e8,healthy,healthy,[],disease-level (provisional),research-only,unsupported,valid,skin,unknown,C,,0.0,0.0,0.0,0.0,0.0,0.0,0.0,0.0,[],train
452bb0ab-32b8-47af-9563-2a293b5fbf70,Kaggle,C:\Users\ESSAKKI RAJA T  EV\OneDrive\Desktop\DB PAWPHILE\archive\valid\Fungal_infections\FUNGAL-INFECTION_022_jpg.rf.6b1b61da25fb3dd3f08eea55b7607793.jpg,1319,d4ec67a1-585c-4f8c-8d78-c27a89ff51dc,Fungal_infections,fungal infection,"[""alopecia"", ""scaling""]",disease-level (provisional),research-only,unsupported,valid,skin,unknown,C,,0.0,1.0,0.0,1.0,0.0,0.0,0.0,0.0,"['alopecia', 'scaling']",train
3148daf1-6175-415b-b4a0-7fa5dbdfda00,Kaggle,C:\Users\ESSAKKI RAJA T  EV\OneDrive\Desktop\DB PAWPHILE\archive\train\demodicosis\IMG_5278_jpeg_jpg.rf.20f6792d9362d9405ed39376a36fc163.jpg,1618,8165d69c-5803-47e2-8089-dbc6b1e680a3,demodicosis,demodicosis,"[""alopecia"", ""erythema"", ""crust""]",disease-level (provisional),research-only,unsupported,train,skin,unknown,C,,1.0,1.0,1.0,0.0,0.0,0.0,0.0,0.0,"['alopecia', 'erythema', 'crust']",train
92bc605e-b068-44f6-9810-b98eaf8e5bbf,Kaggle,C:\Users\ESSAKKI RAJA T  EV\OneDrive\Desktop\DB PAWPHILE\archive\test\Fungal_infections\Fungal_2_jpg.rf.ba91fe1a012cb71594408a66c515e687.jpg,533,3d6342ea-bd99-4ef0-aa18-c672f93e32bf,Fungal_infections,fungal infection,"[""alopecia"", ""scaling""]",disease-level (provisional),research-only,unsupported,test,skin,unknown,C,,0.0,1.0,0.0,1.0,0.0,0.0,0.0,0.0,"['alopecia', 'scaling']",train
9532e901-d04a-4754-b30e-099e45ed1829,Roboflow,C:\Users\ESSAKKI RAJA T  EV\OneDrive\Desktop\DB PAWPHILE\Dog Skin Disease Dataset.v2i.folder\test\bacterial dermatosis\bacterial_64_jpg.rf.d19037d558ad572de7b26105f464dd7b.jpg,613,3f1c34de-4f95-488e-b3e2-dbf607e4eaa6,bacterial dermatosis,bacterial dermatosis,"[""erythema"", ""pustule"", ""crust""]",disease-level (provisional),research-only,unsupported,test,skin,unknown,C,,1.0,0.0,1.0,0.0,0.0,0.0,1.0,0.0,"['erythema', 'pustule', 'crust']",train
4642ec5d-5fca-48a9-a84f-3d1c6a358953,Kaggle,C:\Users\ESSAKKI RAJA T  EV\OneDrive\Desktop\DB PAWPHILE\archive\train\demodicosis\P20_png_jpg.rf.8e8325a9440fda69871e72565680f345.jpg,1401,71b306fa-0d22-4c1d-a927-f5c77b289461,demodicosis,demodicosis,"[""alopecia"", ""erythema"", ""crust""]",disease-level (provisional),research-only,unsupported,train,skin,unknown,C,,1.0,1.0,1.0,0.0,0.0,0.0,0.0,0.0,"['alopecia', 'erythema', 'crust']",train
1fa8412b-4fa8-4da2-8f66-7fbf22de832d,Roboflow,C:\Users\ESSAKKI RAJA T  EV\OneDrive\Desktop\DB PAWPHILE\Dog Skin Disease Dataset.v2i.folder\train\healthy\healthy_296_jpg.rf.320ff84e1104b64531969b3e9fc6f610.jpg,1361,246758d1-01e3-48fb-b762-9536b9ea4f93,healthy,healthy,[],disease-level (provisional),research-only,unsupported,train,skin,unknown,C,,0.0,0.0,0.0,0.0,0.0,0.0,0.0,0.0,[],train
729f03b1-4852-445b-a5c4-b6ab6be9004d,Roboflow,C:\Users\ESSAKKI RAJA T  EV\OneDrive\Desktop\DB PAWPHILE\Dog Skin Disease Dataset.v2i.folder\test\healthy\healthy_417_jpg.rf.223253ff75153d879856f64ee4984a6d.jpg,962,5b38cf72-07b1-4642-a009-8d3881c675b8,healthy,healthy,[],disease-level (provisional),research-only,unsupported,test,skin,unknown,C,,0.0,0.0,0.0,0.0,0.0,0.0,0.0,0.0,[],train
bbbdf5a7-9d83-4d38-be7d-17f845a2fbcc,Kaggle,C:\Users\ESSAKKI RAJA T  EV\OneDrive\Desktop\DB PAWPHILE\archive\valid\Healthy\HEALTHY_057_jpg.rf.d9739493d4e2ae8a801767d5934a9833.jpg,1260,4a5ce2be-a723-4bf5-8ee7-ef6e5de3905e,Healthy,healthy,[],disease-level (provisional),research-only,unsupported,valid,skin,unknown,C,,0.0,0.0,0.0,0.0,0.0,0.0,0.0,0.0,[],train
6ce2b8d3-8ff4-416b-b5be-970016cfbd84,Kaggle,C:\Users\ESSAKKI RAJA T  EV\OneDrive\Desktop\DB PAWPHILE\archive\valid\Dermatitis\May-is-allergy-awareness-month-here-at-The-Shot-Spot_00046_jpg.rf.92bb14229222842ffa71a7d9a39ea52b.jpg,953,65fde813-ec7c-4d6e-9ccd-6a3a02969dbe,Dermatitis,nonspecific dermatitis,"[""erythema"", ""scaling""]",disease-level (provisional),research-only,unsupported,valid,skin,unknown,C,,1.0,0.0,0.0,1.0,0.0,0.0,0.0,0.0,"['erythema', 'scaling']",train
b46e9142-1f73-4a52-84bb-a7e7a8f75549,Roboflow,C:\Users\ESSAKKI RAJA T  EV\OneDrive\Desktop\DB PAWPHILE\Dog Skin Disease Dataset.v2i.folder\test\bacterial dermatosis\bacterial_85_jpg.rf.028426ad52fdd7e989c59242db4b69bc.jpg,1083,190b71b6-898c-4c63-a7c0-6870f844db8d,bacterial dermatosis,bacterial dermatosis,"[""erythema"", ""pustule"", ""crust""]",disease-level (provisional),research-only,unsupported,test,skin,unknown,C,,1.0,0.0,1.0,0.0,0.0,0.0,1.0,0.0,"['erythema', 'pustule', 'crust']",train
2d07b760-004a-48f9-becc-d2e92ea3d25f,Kaggle,C:\Users\ESSAKKI RAJA T  EV\OneDrive\Desktop\DB PAWPHILE\archive\test\demodicosis\IMG_5200_jpeg_jpg.rf.d91348a314c62ea0e8471910c666539e.jpg,941,a0054e60-cf5e-43be-b8c5-4e3250d14854,demodicosis,demodicosis,"[""alopecia"", ""erythema"", ""crust""]",disease-level (provisional),research-only,unsupported,test,skin,unknown,C,,1.0,1.0,1.0,0.0,0.0,0.0,0.0,0.0,"['alopecia', 'erythema', 'crust']",train
29949bc7-ac8f-4e56-a024-71111643be89,Kaggle,C:\Users\ESSAKKI RAJA T  EV\OneDrive\Desktop\DB PAWPHILE\archive\valid\ringworm\NEWR24_png_jpg.rf.2dd8b324ef96d5f63d1a271d20541539.jpg,1439,e07c4284-7000-4c5d-bf23-c8cf7c014469,ringworm,fungal infection,"[""alopecia"", ""scaling""]",disease-level (provisional),research-only,unsupported,valid,skin,unknown,C,,0.0,1.0,0.0,1.0,0.0,0.0,0.0,0.0,"['alopecia', 'scaling']",train
7f29b32e-5288-4dec-8da0-cf54ccc2fcbe,Roboflow,C:\Users\ESSAKKI RAJA T  EV\OneDrive\Desktop\DB PAWPHILE\Dog Skin Disease Dataset.v2i.folder\train\hypersensitivity dermatitis\hypersensitivity_48_jpg.rf.be2b1b6fe781d76e29e66ddbf1421001.jpg,1624,5723252a-442a-4e96-8613-fb07e45bf0ca,hypersensitivity dermatitis,hypersensitivity / allergic dermatitis,"[""erythema"", ""lichenification""]",disease-level (provisional),research-only,unsupported,train,skin,unknown,C,,1.0,0.0,0.0,0.0,0.0,0.0,0.0,1.0,"['erythema', 'lichenification']",train
8ea303a0-2344-4df4-b8dc-e3b0086086f0,Kaggle,C:\Users\ESSAKKI RAJA T  EV\OneDrive\Desktop\DB PAWPHILE\archive\test\ringworm\WIN_20240514_17_42_05_Pro_jpg.rf.fdba5f588cfb6974acb6deb1259370be.jpg,1286,fe055530-a2a7-4e55-bb95-57e51ae55cb8,ringworm,fungal infection,"[""alopecia"", ""scaling""]",disease-level (provisional),research-only,unsupported,test,skin,unknown,C,,0.0,1.0,0.0,1.0,0.0,0.0,0.0,0.0,"['alopecia', 'scaling']",train
810cdfe2-a065-4784-a6c1-54fd60d8ec13,Kaggle,C:\Users\ESSAKKI RAJA T  EV\OneDrive\Desktop\DB PAWPHILE\archive\train\demodicosis\2024-05-13-164000_jpg.rf.ce13409c7b67cbbcd85cf6bad9809a9c.jpg,1670,181a7e2c-043f-4ad3-895f-35e0018a576a,demodicosis,demodicosis,"[""alopecia"", ""erythema"", ""crust""]",disease-level (provisional),research-only,unsupported,train,skin,unknown,C,,1.0,1.0,1.0,0.0,0.0,0.0,0.0,0.0,"['alopecia', 'erythema', 'crust']",train
758d060a-ba13-4a06-98dc-7b3748c542e0,Roboflow,C:\Users\ESSAKKI RAJA T  EV\OneDrive\Desktop\DB PAWPHILE\Dog Skin Disease Dataset.v2i.folder\valid\bacterial dermatosis\bacterial_204_jpg.rf.cb2e8742d66da5b7074c6562da83e60f.jpg,772,d4c31ec1-309b-434e-bc8a-b18d16bf8700,bacterial dermatosis,bacterial dermatosis,"[""erythema"", ""pustule"", ""crust""]",disease-level (provisional),research-only,unsupported,valid,skin,unknown,C,,1.0,0.0,1.0,0.0,0.0,0.0,1.0,0.0,"['erythema', 'pustule', 'crust']",train
1bd56c9e-983d-4e73-95b5-d00b2e3fc7e4,Roboflow,C:\Users\ESSAKKI RAJA T  EV\OneDrive\Desktop\DB PAWPHILE\Dog Skin Disease Dataset.v2i.folder\valid\bacterial dermatosis\bacterial_326_jpg.rf.2225675cf282537daf7ede858ba6a901.jpg,1495,bd17e361-7500-4914-a0cc-8c9342d025ae,bacterial dermatosis,bacterial dermatosis,"[""erythema"", ""pustule"", ""crust""]",disease-level (provisional),research-only,unsupported,valid,skin,unknown,C,,1.0,0.0,1.0,0.0,0.0,0.0,1.0,0.0,"['erythema', 'pustule', 'crust']",train
bb170f7e-4ff3-4712-a250-bb3f8e7178f6,Roboflow,C:\Users\ESSAKKI RAJA T  EV\OneDrive\Desktop\DB PAWPHILE\Dog Skin Disease Dataset.v2i.folder\train\fungal infection\fungal_48_jpg.rf.9db8439b36e0d6dc2fb1b65c08ac4f50.jpg,1019,63becff5-65be-4e3d-9e91-5a47bff342d1,fungal infection,fungal infection,"[""alopecia"", ""scaling""]",disease-level (provisional),research-only,unsupported,train,skin,unknown,C,,0.0,1.0,0.0,1.0,0.0,0.0,0.0,0.0,"['alopecia', 'scaling']",train
48936c9e-f257-4fcd-a9bb-294d26c08c6b,Kaggle,C:\Users\ESSAKKI RAJA T  EV\OneDrive\Desktop\DB PAWPHILE\archive\valid\demodicosis\IMG_5185_jpeg_jpg.rf.bee7df0634c7cfac003030d45ca64277.jpg,988,bcb4b297-5054-42a0-9ea7-b6236935c145,demodicosis,demodicosis,"[""alopecia"", ""erythema"", ""crust""]",disease-level (provisional),research-only,unsupported,valid,skin,unknown,C,,1.0,1.0,1.0,0.0,0.0,0.0,0.0,0.0,"['alopecia', 'erythema', 'crust']",train
06ab1652-da5c-468e-8dc9-c552031fc535,Kaggle,C:\Users\ESSAKKI RAJA T  EV\OneDrive\Desktop\DB PAWPHILE\archive\train\ringworm\WIN_20240514_17_38_10_Pro_jpg.rf.15f7b00f9a89a4ae97740eb6a7870786.jpg,1505,8db55f17-c1b0-44bd-81f1-be1661ec43e6,ringworm,fungal infection,"[""alopecia"", ""scaling""]",disease-level (provisional),research-only,unsupported,train,skin,unknown,C,,0.0,1.0,0.0,1.0,0.0,0.0,0.0,0.0,"['alopecia', 'scaling']",train
243029b1-54f4-4a9e-a27b-0f1e1ebdd80c,Kaggle,C:\Users\ESSAKKI RAJA T  EV\OneDrive\Desktop\DB PAWPHILE\archive\valid\demodicosis\P5_png_jpg.rf.332b69c9cabb36d634f15bbbc3f55788.jpg,1176,b2d43b7a-daaf-4460-af19-bf23ec30877c,demodicosis,demodicosis,"[""alopecia"", ""erythema"", ""crust""]",disease-level (provisional),research-only,unsupported,valid,skin,unknown,C,,1.0,1.0,1.0,0.0,0.0,0.0,0.0,0.0,"['alopecia', 'erythema', 'crust']",train
08a63e62-c6ad-4316-b722-b7dad9797bba,Kaggle,C:\Users\ESSAKKI RAJA T  EV\OneDrive\Desktop\DB PAWPHILE\archive\test\Healthy\images-32_jpg.rf.43251f9b65f755784df579d639cd121c.jpg,1238,d0a9119e-8296-43e9-89e7-7268112ed10e,Healthy,healthy,[],disease-level (provisional),research-only,unsupported,test,skin,unknown,C,,0.0,0.0,0.0,0.0,0.0,0.0,0.0,0.0,[],train
0474e749-94ee-4015-9b67-bbb2affc837e,Roboflow,C:\Users\ESSAKKI RAJA T  EV\OneDrive\Desktop\DB PAWPHILE\Dog Skin Disease Dataset.v2i.folder\train\healthy\healthy_370_jpg.rf.115deec627fffa598f29bda359540fc8.jpg,535,c2fc01be-dc83-4ea1-9bac-a6a6699d5b85,healthy,healthy,[],disease-level (provisional),research-only,unsupported,train,skin,unknown,C,,0.0,0.0,0.0,0.0,0.0,0.0,0.0,0.0,[],train
fd8fac2a-d55a-4b40-b1fb-ee6facdc23af,Kaggle,C:\Users\ESSAKKI RAJA T  EV\OneDrive\Desktop\DB PAWPHILE\archive\train\Fungal_infections\Fungal4_png_jpg.rf.8582487d0437fbb9c4c3304d20a03fe6.jpg,269,e850519e-a90c-4890-8554-9266bbd9630d,Fungal_infections,fungal infection,"[""alopecia"", ""scaling""]",disease-level (provisional),research-only,unsupported,train,skin,unknown,C,,0.0,1.0,0.0,1.0,0.0,0.0,0.0,0.0,"['alopecia', 'scaling']",train
d9f49255-700a-48f2-b987-f142dba3531a,Kaggle,C:\Users\ESSAKKI RAJA T  EV\OneDrive\Desktop\DB PAWPHILE\archive\train\ringworm\NEWR30_png_jpg.rf.526c72337fe647fdc6ac834491aa3593.jpg,1972,90e8ec34-6966-45d8-900e-1db6c858feb4,ringworm,fungal infection,"[""alopecia"", ""scaling""]",disease-level (provisional),research-only,unsupported,train,skin,unknown,C,,0.0,1.0,0.0,1.0,0.0,0.0,0.0,0.0,"['alopecia', 'scaling']",train
1e3f7d4f-ecd1-4233-b5f7-3269edb0da00,Roboflow,C:\Users\ESSAKKI RAJA T  EV\OneDrive\Desktop\DB PAWPHILE\Dog Skin Disease Dataset.v2i.folder\test\healthy\healthy_27_jpg.rf.270b9f62d69bf71302fee1efed723cfd.jpg,1278,78c07da9-adea-4a00-9c98-9c0af084a98b,healthy,healthy,[],disease-level (provisional),research-only,unsupported,test,skin,unknown,C,,0.0,0.0,0.0,0.0,0.0,0.0,0.0,0.0,[],train
a03ab732-92b3-4846-8072-b67cd177d70a,Roboflow,C:\Users\ESSAKKI RAJA T  EV\OneDrive\Desktop\DB PAWPHILE\Dog Skin Disease Dataset.v2i.folder\valid\hypersensitivity dermatitis\hypersensitivity_15_jpg.rf.0d8abc2093934dd6caaa9a7c1d4485b3.jpg,1062,46c8298a-ee74-46f8-9cf2-352a465ef0b8,hypersensitivity dermatitis,hypersensitivity / allergic dermatitis,"[""erythema"", ""lichenification""]",disease-level (provisional),research-only,unsupported,valid,skin,unknown,C,,1.0,0.0,0.0,0.0,0.0,0.0,0.0,1.0,"['erythema', 'lichenification']",train
6ec66013-2571-4035-8e76-9758d2c868e7,Roboflow,C:\Users\ESSAKKI RAJA T  EV\OneDrive\Desktop\DB PAWPHILE\Dog Skin Disease Dataset.v2i.folder\train\bacterial dermatosis\bacterial_394_jpg.rf.6aca3f6c20eddf3b9180b62803ba6ed3.jpg,1357,8087d035-07a1-4d53-b85c-40d2059b258b,bacterial dermatosis,bacterial dermatosis,"[""erythema"", ""pustule"", ""crust""]",disease-level (provisional),research-only,unsupported,train,skin,unknown,C,,1.0,0.0,1.0,0.0,0.0,0.0,1.0,0.0,"['erythema', 'pustule', 'crust']",train
f806dd6b-7380-469d-b201-66ff1f886ff5,Roboflow,C:\Users\ESSAKKI RAJA T  EV\OneDrive\Desktop\DB PAWPHILE\Dog Skin Disease Dataset.v2i.folder\train\bacterial dermatosis\bacterial_derm_35_jpg.rf.43c7e8b2618210a14c52c5bb1e84378f.jpg,406,829a8a77-a1bb-42dc-a29f-9111d9c8ce36,bacterial dermatosis,bacterial dermatosis,"[""erythema"", ""pustule"", ""crust""]",disease-level (provisional),research-only,unsupported,train,skin,unknown,C,,1.0,0.0,1.0,0.0,0.0,0.0,1.0,0.0,"['erythema', 'pustule', 'crust']",train
5ccd9868-7697-43a2-8b3b-f5e61d032c30,Roboflow,C:\Users\ESSAKKI RAJA T  EV\OneDrive\Desktop\DB PAWPHILE\Dog Skin Disease Dataset.v2i.folder\train\fungal infection\fungal_399_jpg.rf.ee9522507d6d6c29af0d16ba09ef6cc4.jpg,571,8fdd279e-4632-4282-ab0a-4fd09fbd83cf,fungal infection,fungal infection,"[""alopecia"", ""scaling""]",disease-level (provisional),research-only,unsupported,train,skin,unknown,C,,0.0,1.0,0.0,1.0,0.0,0.0,0.0,0.0,"['alopecia', 'scaling']",train
2fdf17b9-c874-419d-a4f3-8b815a404204,Kaggle,C:\Users\ESSAKKI RAJA T  EV\OneDrive\Desktop\DB PAWPHILE\archive\test\Dermatitis\hot-spots-suck_00229_jpg.rf.91fb6495883db20dbb1d1fa50aba7f96.jpg,810,fb717542-aeab-4cae-bb6b-cb7b9d253297,Dermatitis,nonspecific dermatitis,"[""erythema"", ""scaling""]",disease-level (provisional),research-only,unsupported,test,skin,unknown,C,,1.0,0.0,0.0,1.0,0.0,0.0,0.0,0.0,"['erythema', 'scaling']",train
c5950642-83b4-4408-9563-af0a268c5d6c,Kaggle,C:\Users\ESSAKKI RAJA T  EV\OneDrive\Desktop\DB PAWPHILE\archive\test\Dermatitis\1000011975_x4_jpg.rf.b16730886fd49f65a47537e42aa446ca.jpg,1725,6131e6ae-2dee-4744-9570-187fd6961656,Dermatitis,nonspecific dermatitis,"[""erythema"", ""scaling""]",disease-level (provisional),research-only,unsupported,test,skin,unknown,C,,1.0,0.0,0.0,1.0,0.0,0.0,0.0,0.0,"['erythema', 'scaling']",train
f9d36318-e579-4e66-8e26-96f11a91c499,Roboflow,C:\Users\ESSAKKI RAJA T  EV\OneDrive\Desktop\DB PAWPHILE\Dog Skin Disease Dataset.v2i.folder\train\fungal infection\fungal_211_jpg.rf.42eb31a4b0ede532468d69fc3c04570e.jpg,849,eb767bf1-7c08-4e71-8974-4724b01c2393,fungal infection,fungal infection,"[""alopecia"", ""scaling""]",disease-level (provisional),research-only,unsupported,train,skin,unknown,C,,0.0,1.0,0.0,1.0,0.0,0.0,0.0,0.0,"['alopecia', 'scaling']",train
5340fd12-94b2-469c-b4d7-2dd66ae902fd,Kaggle,C:\Users\ESSAKKI RAJA T  EV\OneDrive\Desktop\DB PAWPHILE\archive\valid\demodicosis\1-68-_png_jpg.rf.2f23ed18e90658100456b415f2dbd67b.jpg,1253,f8f7d86f-9621-45af-ad80-14b03d8ef1be,demodicosis,demodicosis,"[""alopecia"", ""erythema"", ""crust""]",disease-level (provisional),research-only,unsupported,valid,skin,unknown,C,,1.0,1.0,1.0,0.0,0.0,0.0,0.0,0.0,"['alopecia', 'erythema', 'crust']",train
5e83ab48-9c1e-4890-94a6-9e81dddbf497,Kaggle,C:\Users\ESSAKKI RAJA T  EV\OneDrive\Desktop\DB PAWPHILE\archive\valid\Dermatitis\1000011977_x4_jpg.rf.92db123e6a04ec3e7afb2ac188fb4b76.jpg,518,f0c87379-1c52-4b99-9aeb-fb8da6fe820c,Dermatitis,nonspecific dermatitis,"[""erythema"", ""scaling""]",disease-level (provisional),research-only,unsupported,valid,skin,unknown,C,,1.0,0.0,0.0,1.0,0.0,0.0,0.0,0.0,"['erythema', 'scaling']",train
585db3a4-51c5-45fa-a69c-c6767a0cdabf,Kaggle,C:\Users\ESSAKKI RAJA T  EV\OneDrive\Desktop\DB PAWPHILE\archive\test\demodicosis\2024-05-13-162638_jpg.rf.8494649f79633b68d9cae0c79c5e0612.jpg,1231,dc69cebe-c471-4519-8582-c72763739d37,demodicosis,demodicosis,"[""alopecia"", ""erythema"", ""crust""]",disease-level (provisional),research-only,unsupported,test,skin,unknown,C,,1.0,1.0,1.0,0.0,0.0,0.0,0.0,0.0,"['alopecia', 'erythema', 'crust']",train
f63b4793-4dd4-4749-bf04-a4bfb329109a,Kaggle,C:\Users\ESSAKKI RAJA T  EV\OneDrive\Desktop\DB PAWPHILE\archive\train\Dermatitis\Bacteria3_png_jpg.rf.20cc58c24a13f545c95a27555f63d7e5.jpg,645,71b6de83-f005-43c0-8033-b7cbba1f48d7,Dermatitis,nonspecific dermatitis,"[""erythema"", ""scaling""]",disease-level (provisional),research-only,unsupported,train,skin,unknown,C,,1.0,0.0,0.0,1.0,0.0,0.0,0.0,0.0,"['erythema', 'scaling']",train
34fd75cf-d758-4c77-b05b-2b8de68a1473,Kaggle,C:\Users\ESSAKKI RAJA T  EV\OneDrive\Desktop\DB PAWPHILE\archive\valid\Dermatitis\Hot-Spot-on-_Chance_-How-to-treat-a-dog-that-you-can_t-touch_-000622_png_jpg.rf.b10634e19d2b2d38f27e15c922e3503a.jpg,1145,6898b7fd-b0dc-426a-a04d-be5ec9d985f0,Dermatitis,nonspecific dermatitis,"[""erythema"", ""scaling""]",disease-level (provisional),research-only,unsupported,valid,skin,unknown,C,,1.0,0.0,0.0,1.0,0.0,0.0,0.0,0.0,"['erythema', 'scaling']",train
c51dd4c0-a015-413e-acfe-f5951a67b837,Kaggle,C:\Users\ESSAKKI RAJA T  EV\OneDrive\Desktop\DB PAWPHILE\archive\train\ringworm\NEWR19_png_jpg.rf.bf3971293062c538d128be085ae3bc2a.jpg,192,a7898e39-4b20-43a0-bbd1-6d9f57851cb4,ringworm,fungal infection,"[""alopecia"", ""scaling""]",disease-level (provisional),research-only,unsupported,train,skin,unknown,C,,0.0,1.0,0.0,1.0,0.0,0.0,0.0,0.0,"['alopecia', 'scaling']",train
9ee6dee1-9112-4c11-9b73-d661a893a81b,Kaggle,C:\Users\ESSAKKI RAJA T  EV\OneDrive\Desktop\DB PAWPHILE\archive\valid\ringworm\1000010654_x16_jpg.rf.53052338c26647d10031551245c60ef8.jpg,359,883f38fe-603a-4afa-8a08-0326bad1ba98,ringworm,fungal infection,"[""alopecia"", ""scaling""]",disease-level (provisional),research-only,unsupported,valid,skin,unknown,C,,0.0,1.0,0.0,1.0,0.0,0.0,0.0,0.0,"['alopecia', 'scaling']",train
d421c88a-368a-4212-92c7-e1904020b969,Roboflow,C:\Users\ESSAKKI RAJA T  EV\OneDrive\Desktop\DB PAWPHILE\Dog Skin Disease Dataset.v2i.folder\valid\bacterial dermatosis\bacterial_412_jpg.rf.2c9acbb307a73866cda97eb0b3d2155d.jpg,272,bd42e99e-ce78-4417-bdb5-ff267c7ff73d,bacterial dermatosis,bacterial dermatosis,"[""erythema"", ""pustule"", ""crust""]",disease-level (provisional),research-only,unsupported,valid,skin,unknown,C,,1.0,0.0,1.0,0.0,0.0,0.0,1.0,0.0,"['erythema', 'pustule', 'crust']",train
52c7d658-4912-4566-ab4e-402b2e4ad481,Kaggle,C:\Users\ESSAKKI RAJA T  EV\OneDrive\Desktop\DB PAWPHILE\archive\valid\Fungal_infections\FUNGAL-INFECTION_044_jpg.rf.140443383d9a2caf12ed970e77a6f2af.jpg,1632,bee65518-916c-46bb-b930-87180deeabe3,Fungal_infections,fungal infection,"[""alopecia"", ""scaling""]",disease-level (provisional),research-only,unsupported,valid,skin,unknown,C,,0.0,1.0,0.0,1.0,0.0,0.0,0.0,0.0,"['alopecia', 'scaling']",train
df5dfbb3-5ee4-485c-8f91-53b5d6f6042b,Roboflow,C:\Users\ESSAKKI RAJA T  EV\OneDrive\Desktop\DB PAWPHILE\Dog Skin Disease Dataset.v2i.folder\valid\fungal infection\fungal_39_jpg.rf.c7868f30541059e2f3291131c8b4cc8e.jpg,1327,b681348a-88c4-4590-a085-8090d6bf74e5,fungal infection,fungal infection,"[""alopecia"", ""scaling""]",disease-level (provisional),research-only,unsupported,valid,skin,unknown,C,,0.0,1.0,0.0,1.0,0.0,0.0,0.0,0.0,"['alopecia', 'scaling']",train
58808347-c9d1-416d-9cad-3aa868d4acb5,Roboflow,C:\Users\ESSAKKI RAJA T  EV\OneDrive\Desktop\DB PAWPHILE\Dog Skin Disease Dataset.v2i.folder\valid\fungal infection\fungal_154_jpg.rf.0f0985a4cdda4bc0bc787d5873d0037d.jpg,730,6f5befe7-5dab-479b-a64f-8117aaa0df7c,fungal infection,fungal infection,"[""alopecia"", ""scaling""]",disease-level (provisional),research-only,unsupported,valid,skin,unknown,C,,0.0,1.0,0.0,1.0,0.0,0.0,0.0,0.0,"['alopecia', 'scaling']",train
5f2f5baa-34c4-46c3-b056-9ecaea485847,Kaggle,C:\Users\ESSAKKI RAJA T  EV\OneDrive\Desktop\DB PAWPHILE\archive\valid\Dermatitis\May-is-allergy-awareness-month-here-at-The-Shot-Spot_01654_jpg.rf.7305052a4c020fdee7f2d2471122766d.jpg,1066,82858d00-44d9-47b1-882f-1229128e7beb,Dermatitis,nonspecific dermatitis,"[""erythema"", ""scaling""]",disease-level (provisional),research-only,unsupported,valid,skin,unknown,C,,1.0,0.0,0.0,1.0,0.0,0.0,0.0,0.0,"['erythema', 'scaling']",train
d36305a5-2414-4238-9853-ae744a5dbadd,Roboflow,C:\Users\ESSAKKI RAJA T  EV\OneDrive\Desktop\DB PAWPHILE\Dog Skin Disease Dataset.v2i.folder\valid\healthy\healthy_345_jpg.rf.8e55b61849f2bdfbd338f426eb2cdd09.jpg,658,a0be30db-a149-4448-8387-bea2f7ac550e,healthy,healthy,[],disease-level (provisional),research-only,unsupported,valid,skin,unknown,C,,0.0,0.0,0.0,0.0,0.0,0.0,0.0,0.0,[],train
effe0183-e53f-4021-ad69-7ad5d96f9c2f,Kaggle,C:\Users\ESSAKKI RAJA T  EV\OneDrive\Desktop\DB PAWPHILE\archive\valid\Fungal_infections\FUNGAL-INFECTION_006_jpg.rf.06d72a96efbf56ebb93b2e781f7a2949.jpg,1252,197a2ae4-4925-45a0-8db9-27cfecf29c4f,Fungal_infections,fungal infection,"[""alopecia"", ""scaling""]",disease-level (provisional),research-only,unsupported,valid,skin,unknown,C,,0.0,1.0,0.0,1.0,0.0,0.0,0.0,0.0,"['alopecia', 'scaling']",train
d5412b5d-7978-47c1-9937-96df3417bcee,Kaggle,C:\Users\ESSAKKI RAJA T  EV\OneDrive\Desktop\DB PAWPHILE\archive\valid\demodicosis\2024-05-13-133920_2_jpg.rf.777739bf66546d74863f5f4cda6ca5df.jpg,1376,04e85d16-c414-4281-be0e-be2b3e5f16b0,demodicosis,demodicosis,"[""alopecia"", ""erythema"", ""crust""]",disease-level (provisional),research-only,unsupported,valid,skin,unknown,C,,1.0,1.0,1.0,0.0,0.0,0.0,0.0,0.0,"['alopecia', 'erythema', 'crust']",train
de224b58-697e-46d9-84dc-015c3445fea5,Roboflow,C:\Users\ESSAKKI RAJA T  EV\OneDrive\Desktop\DB PAWPHILE\Dog Skin Disease Dataset.v2i.folder\valid\fungal infection\fungal_286_jpg.rf.4978e0d682a9857348d84dbe4d8f2336.jpg,394,c53417ba-7c11-43a7-b108-0d718c9c43f6,fungal infection,fungal infection,"[""alopecia"", ""scaling""]",disease-level (provisional),research-only,unsupported,valid,skin,unknown,C,,0.0,1.0,0.0,1.0,0.0,0.0,0.0,0.0,"['alopecia', 'scaling']",train
2566c49c-6190-4c40-94db-75e17f755fd1,Roboflow,C:\Users\ESSAKKI RAJA T  EV\OneDrive\Desktop\DB PAWPHILE\Dog Skin Disease Dataset.v2i.folder\train\healthy\healthy_380_jpg.rf.652b30f1522a0fa01a2a3113f0ec8162.jpg,1506,9112bedb-a948-4255-8a4d-0878b0872fe1,healthy,healthy,[],disease-level (provisional),research-only,unsupported,train,skin,unknown,C,,0.0,0.0,0.0,0.0,0.0,0.0,0.0,0.0,[],train
ed6bcd9d-b314-406c-9880-e7c7c5420a45,Roboflow,C:\Users\ESSAKKI RAJA T  EV\OneDrive\Desktop\DB PAWPHILE\Dog Skin Disease Dataset.v2i.folder\train\hypersensitivity dermatitis\hypersensitivity_218_jpg.rf.6ad50489d4a21585f7825c70cd6c1f8c.jpg,1081,f6d07fad-356e-41ff-bbb8-1b7d7ba0132c,hypersensitivity dermatitis,hypersensitivity / allergic dermatitis,"[""erythema"", ""lichenification""]",disease-level (provisional),research-only,unsupported,train,skin,unknown,C,,1.0,0.0,0.0,0.0,0.0,0.0,0.0,1.0,"['erythema', 'lichenification']",train
9c771ed4-026d-4c27-a331-a3925c6ce537,Kaggle,C:\Users\ESSAKKI RAJA T  EV\OneDrive\Desktop\DB PAWPHILE\archive\test\Dermatitis\hotspot-21-_jpg.rf.7268c5ab876a4148b645e08e1134719f.jpg,710,b20650ea-dd69-4a9d-99a7-ecb73971ec56,Dermatitis,nonspecific dermatitis,"[""erythema"", ""scaling""]",disease-level (provisional),research-only,unsupported,test,skin,unknown,C,,1.0,0.0,0.0,1.0,0.0,0.0,0.0,0.0,"['erythema', 'scaling']",train
68ce03d1-1860-4b81-8a2c-3f7add705bc8,Roboflow,C:\Users\ESSAKKI RAJA T  EV\OneDrive\Desktop\DB PAWPHILE\Dog Skin Disease Dataset.v2i.folder\train\bacterial dermatosis\bacterial_194_jpg.rf.3bc53d746b573def2ff405efb8cdd6ce.jpg,1205,1f4d4a1e-dbf5-4744-80e4-082e1070efeb,bacterial dermatosis,bacterial dermatosis,"[""erythema"", ""pustule"", ""crust""]",disease-level (provisional),research-only,unsupported,train,skin,unknown,C,,1.0,0.0,1.0,0.0,0.0,0.0,1.0,0.0,"['erythema', 'pustule', 'crust']",train
7413faae-4547-4695-bef5-3330e39f1927,Multispectral,C:\Users\ESSAKKI RAJA T  EV\OneDrive\Desktop\DB PAWPHILE\Classification of pet dog skin diseases using deep learning with images captured from multispectral imaging device\5dbht54kw7-1\Dog210719_01_01_08\pic1.jpg,1652,59c200c3-2c15-44a7-8acb-3ecc2a6b05b2,unknown,unknown,[],disease-level (provisional),research-only,unsupported,none,skin,pic1.jpg,B,,0.0,0.0,0.0,0.0,0.0,0.0,0.0,0.0,[],train
acf2c0b2-e428-44bd-8838-5cfa8bf8a66b,Roboflow,C:\Users\ESSAKKI RAJA T  EV\OneDrive\Desktop\DB PAWPHILE\Dog Skin Disease Dataset.v2i.folder\valid\fungal infection\fungal_79_jpg.rf.137cdeb9875a5de4be6eeb3a4161d4dd.jpg,1064,4da764f1-48b3-4110-8f7d-fc6f7efac22d,fungal infection,fungal infection,"[""alopecia"", ""scaling""]",disease-level (provisional),research-only,unsupported,valid,skin,unknown,C,,0.0,1.0,0.0,1.0,0.0,0.0,0.0,0.0,"['alopecia', 'scaling']",train
684b9171-25a6-4a9c-b5b2-bfc4174dfbe3,Kaggle,C:\Users\ESSAKKI RAJA T  EV\OneDrive\Desktop\DB PAWPHILE\archive\valid\ringworm\ringworm-76-_jpg.rf.48c51d60ca8f27a645bbf6e51949d9ed.jpg,219,b19b107d-d36e-4a64-8123-94f76ae55458,ringworm,fungal infection,"[""alopecia"", ""scaling""]",disease-level (provisional),research-only,unsupported,valid,skin,unknown,C,,0.0,1.0,0.0,1.0,0.0,0.0,0.0,0.0,"['alopecia', 'scaling']",train
8710023a-0ba3-4264-80b2-d615a92291a1,Kaggle,C:\Users\ESSAKKI RAJA T  EV\OneDrive\Desktop\DB PAWPHILE\archive\test\demodicosis\2024-05-13-163616_jpg.rf.ab01c49f2e35f5d3fa570b0008fc0b1c.jpg,1480,3e38d472-efb9-4945-b5d4-63eb5d23a096,demodicosis,demodicosis,"[""alopecia"", ""erythema"", ""crust""]",disease-level (provisional),research-only,unsupported,test,skin,unknown,C,,1.0,1.0,1.0,0.0,0.0,0.0,0.0,0.0,"['alopecia', 'erythema', 'crust']",train
84ecf6fd-a385-4f00-bb33-2beace199eac,Kaggle,C:\Users\ESSAKKI RAJA T  EV\OneDrive\Desktop\DB PAWPHILE\archive\test\ringworm\438065176_410071371966337_678127791024855360_n_jpg.rf.2f88054b5e9319675692a358eb692cd6.jpg,752,a91419a9-4f5e-49a4-8fb1-3af25fbf24c1,ringworm,fungal infection,"[""alopecia"", ""scaling""]",disease-level (provisional),research-only,unsupported,test,skin,unknown,C,,0.0,1.0,0.0,1.0,0.0,0.0,0.0,0.0,"['alopecia', 'scaling']",train
3f10a428-6d9a-4c7f-9b86-0e995fc30642,Kaggle,C:\Users\ESSAKKI RAJA T  EV\OneDrive\Desktop\DB PAWPHILE\archive\test\Healthy\HEALTHY_045_jpg.rf.126734692106a0c50e81b707e50490fe.jpg,1641,d65f4f3d-8dd1-49c7-9bb6-715588c28491,Healthy,healthy,[],disease-level (provisional),research-only,unsupported,test,skin,unknown,C,,0.0,0.0,0.0,0.0,0.0,0.0,0.0,0.0,[],train
77090493-f0a4-48dd-9a48-5b7a11a0767f,Roboflow,C:\Users\ESSAKKI RAJA T  EV\OneDrive\Desktop\DB PAWPHILE\Dog Skin Disease Dataset.v2i.folder\train\bacterial dermatosis\bacterial_97_jpg.rf.e4f1f6b17febbd8f4ac261668fcacf12.jpg,410,740f9e9d-ab01-4dfa-b930-d3444930a3c3,bacterial dermatosis,bacterial dermatosis,"[""erythema"", ""pustule"", ""crust""]",disease-level (provisional),research-only,unsupported,train,skin,unknown,C,,1.0,0.0,1.0,0.0,0.0,0.0,1.0,0.0,"['erythema', 'pustule', 'crust']",train
8243c5c9-3b68-43b2-9d0a-9eeac41a7ee3,Kaggle,C:\Users\ESSAKKI RAJA T  EV\OneDrive\Desktop\DB PAWPHILE\archive\valid\demodicosis\2024-05-13-164132_jpg.rf.c7f733fed08f362703890b9302bf965b.jpg,1288,1d294927-0923-4ed5-bdce-a2488ce32da6,demodicosis,demodicosis,"[""alopecia"", ""erythema"", ""crust""]",disease-level (provisional),research-only,unsupported,valid,skin,unknown,C,,1.0,1.0,1.0,0.0,0.0,0.0,0.0,0.0,"['alopecia', 'erythema', 'crust']",train
cc06d42a-1cc3-4759-ad59-d5d533ce3d17,Roboflow,C:\Users\ESSAKKI RAJA T  EV\OneDrive\Desktop\DB PAWPHILE\Dog Skin Disease Dataset.v2i.folder\train\bacterial dermatosis\bacterial_81_jpg.rf.9d9f4a0539599c21eca8c357c9afab78.jpg,1693,771ff374-1302-4593-912e-2b13aaefefee,bacterial dermatosis,bacterial dermatosis,"[""erythema"", ""pustule"", ""crust""]",disease-level (provisional),research-only,unsupported,train,skin,unknown,C,,1.0,0.0,1.0,0.0,0.0,0.0,1.0,0.0,"['erythema', 'pustule', 'crust']",train
6dbeb1a0-4ae7-4c6a-b66e-acda32c2a961,Roboflow,C:\Users\ESSAKKI RAJA T  EV\OneDrive\Desktop\DB PAWPHILE\Dog Skin Disease Dataset.v2i.folder\train\fungal infection\fungal_274_jpg.rf.7cbfa2069f8735fed3fc392ee204b552.jpg,567,402984c3-23a3-42bf-87ad-cb05d760c241,fungal infection,fungal infection,"[""alopecia"", ""scaling""]",disease-level (provisional),research-only,unsupported,train,skin,unknown,C,,0.0,1.0,0.0,1.0,0.0,0.0,0.0,0.0,"['alopecia', 'scaling']",train
1dd9701d-10e5-49fd-916c-d1d7b6921f3f,Roboflow,C:\Users\ESSAKKI RAJA T  EV\OneDrive\Desktop\DB PAWPHILE\Dog Skin Disease Dataset.v2i.folder\train\healthy\healthy_281_jpg.rf.354f881ea0d0ccd1739a3a12c2056b45.jpg,1500,2a3999ab-f442-41c3-b3c2-d4e164c6c2f0,healthy,healthy,[],disease-level (provisional),research-only,unsupported,train,skin,unknown,C,,0.0,0.0,0.0,0.0,0.0,0.0,0.0,0.0,[],train
a77f37af-f1da-48f9-ad18-d6e87d52c4de,Kaggle,C:\Users\ESSAKKI RAJA T  EV\OneDrive\Desktop\DB PAWPHILE\archive\valid\Hypersensitivity\1209_jpg.rf.915996d61eb63b17aa494ac95e80d479.jpg,745,de90bafb-a160-47d7-9786-812f4e7b74ae,Hypersensitivity,hypersensitivity / allergic dermatitis,"[""erythema"", ""lichenification""]",disease-level (provisional),research-only,unsupported,valid,skin,unknown,C,,1.0,0.0,0.0,0.0,0.0,0.0,0.0,1.0,"['erythema', 'lichenification']",train
d1f95e5c-c5fb-4e7b-961c-72ab2f1a39c4,Kaggle,C:\Users\ESSAKKI RAJA T  EV\OneDrive\Desktop\DB PAWPHILE\archive\valid\Dermatitis\May-is-allergy-awareness-month-here-at-The-Shot-Spot_00046_jpg.rf.a37252d5f455d49211da7bd9f66fb27a.jpg,831,d229464a-7d84-49a0-ac99-daf876552071,Dermatitis,nonspecific dermatitis,"[""erythema"", ""scaling""]",disease-level (provisional),research-only,unsupported,valid,skin,unknown,C,,1.0,0.0,0.0,1.0,0.0,0.0,0.0,0.0,"['erythema', 'scaling']",train
e1a88051-bc96-4e51-bc1b-7241d94962f0,Roboflow,C:\Users\ESSAKKI RAJA T  EV\OneDrive\Desktop\DB PAWPHILE\Dog Skin Disease Dataset.v2i.folder\valid\fungal infection\fungal_245_jpg.rf.161c99b3ce5c4a3096f4c9f5dedd657e.jpg,624,739930e0-7c95-4bf6-8438-9a08c56c16fc,fungal infection,fungal infection,"[""alopecia"", ""scaling""]",disease-level (provisional),research-only,unsupported,valid,skin,unknown,C,,0.0,1.0,0.0,1.0,0.0,0.0,0.0,0.0,"['alopecia', 'scaling']",train
09e5dfe4-9712-450e-92b3-ad8de74cf45a,Roboflow,C:\Users\ESSAKKI RAJA T  EV\OneDrive\Desktop\DB PAWPHILE\Dog Skin Disease Dataset.v2i.folder\valid\hypersensitivity dermatitis\hypersensitivity_342_jpg.rf.1c991e30668218245246ce4196633423.jpg,1059,67446492-8529-4cef-85a2-3ad41c4da2b7,hypersensitivity dermatitis,hypersensitivity / allergic dermatitis,"[""erythema"", ""lichenification""]",disease-level (provisional),research-only,unsupported,valid,skin,unknown,C,,1.0,0.0,0.0,0.0,0.0,0.0,0.0,1.0,"['erythema', 'lichenification']",train
e2b7a78d-ea71-4374-a160-5d7629735360,Multispectral,C:\Users\ESSAKKI RAJA T  EV\OneDrive\Desktop\DB PAWPHILE\Classification of pet dog skin diseases using deep learning with images captured from multispectral imaging device\5dbht54kw7-1\Dog210929_05_01_19\pic4.jpg,1453,07323ea0-be03-4209-a713-73736c933659,unknown,unknown,[],disease-level (provisional),research-only,unsupported,none,skin,pic4.jpg,B,,0.0,0.0,0.0,0.0,0.0,0.0,0.0,0.0,[],train
1383c96d-288a-4c95-80f3-75e9b4ba2d0f,Kaggle,C:\Users\ESSAKKI RAJA T  EV\OneDrive\Desktop\DB PAWPHILE\archive\test\Fungal_infections\pic76_jpg.rf.072ed0627faf6e4f55f742e5e85c009c.jpg,1518,510e35ee-f42d-472a-9049-85c80b080a55,Fungal_infections,fungal infection,"[""alopecia"", ""scaling""]",disease-level (provisional),research-only,unsupported,test,skin,unknown,C,,0.0,1.0,0.0,1.0,0.0,0.0,0.0,0.0,"['alopecia', 'scaling']",train
1cc1b5ca-8f9b-490a-962d-b1d004d92979,Kaggle,C:\Users\ESSAKKI RAJA T  EV\OneDrive\Desktop\DB PAWPHILE\archive\test\Fungal_infections\Fungal_Image_1_jpg.rf.090ab311e913d1209de8b7a79041a284.jpg,736,b54840e2-2efe-450c-9c62-12a18887cce3,Fungal_infections,fungal infection,"[""alopecia"", ""scaling""]",disease-level (provisional),research-only,unsupported,test,skin,unknown,C,,0.0,1.0,0.0,1.0,0.0,0.0,0.0,0.0,"['alopecia', 'scaling']",train
918ce5e5-0041-4087-89aa-21a28ed32296,Kaggle,C:\Users\ESSAKKI RAJA T  EV\OneDrive\Desktop\DB PAWPHILE\archive\train\Dermatitis\HOT-SPOT-IN-DOG-HOW-vet-treated-symptom-prevention_-flea-bite-moist-eczema_dog-itching-000455_png_jpg.rf.1390fd86d2a94c6076ef9c34161b62ca.jpg,1511,836d7729-d474-4682-8460-1f0d511cac48,Dermatitis,nonspecific dermatitis,"[""erythema"", ""scaling""]",disease-level (provisional),research-only,unsupported,train,skin,unknown,C,,1.0,0.0,0.0,1.0,0.0,0.0,0.0,0.0,"['erythema', 'scaling']",train
45a06319-0852-4361-838d-92403d45fa49,Roboflow,C:\Users\ESSAKKI RAJA T  EV\OneDrive\Desktop\DB PAWPHILE\Dog Skin Disease Dataset.v2i.folder\train\bacterial dermatosis\bacterial_395_jpg.rf.5be53c12ec3e48083e53365c93afacff.jpg,1568,00e7bff9-879d-4a1f-a94e-3b2998d5d641,bacterial dermatosis,bacterial dermatosis,"[""erythema"", ""pustule"", ""crust""]",disease-level (provisional),research-only,unsupported,train,skin,unknown,C,,1.0,0.0,1.0,0.0,0.0,0.0,1.0,0.0,"['erythema', 'pustule', 'crust']",train
516f48af-ba39-48d2-bb9d-fda0d4ceb602,Kaggle,C:\Users\ESSAKKI RAJA T  EV\OneDrive\Desktop\DB PAWPHILE\archive\train\Dermatitis\301504804_8729017157124164_3961058354446722962_n_jpg.rf.ca5b10752f623d72440d2635c04111dd.jpg,361,669f56b3-c2e7-4b17-8aa2-325bc4a26190,Dermatitis,nonspecific dermatitis,"[""erythema"", ""scaling""]",disease-level (provisional),research-only,unsupported,train,skin,unknown,C,,1.0,0.0,0.0,1.0,0.0,0.0,0.0,0.0,"['erythema', 'scaling']",train
79ebf854-971b-43fc-9498-0f97b5340245,Roboflow,C:\Users\ESSAKKI RAJA T  EV\OneDrive\Desktop\DB PAWPHILE\Dog Skin Disease Dataset.v2i.folder\train\healthy\healthy_67_jpg.rf.c0bb7ae2247bbe1d1c64a2d971a9c530.jpg,1251,1858c575-d8a5-42ee-965e-a34626302d70,healthy,healthy,[],disease-level (provisional),research-only,unsupported,train,skin,unknown,C,,0.0,0.0,0.0,0.0,0.0,0.0,0.0,0.0,[],train
3137c241-b1c0-498e-ae7d-34bec312d863,Kaggle,C:\Users\ESSAKKI RAJA T  EV\OneDrive\Desktop\DB PAWPHILE\archive\valid\demodicosis\IMG_5168_jpeg_jpg.rf.6afe73381b01c65fec233cdc16f793bf.jpg,1873,4fb03c16-3caa-4465-ad32-4b5c647e021b,demodicosis,demodicosis,"[""alopecia"", ""erythema"", ""crust""]",disease-level (provisional),research-only,unsupported,valid,skin,unknown,C,,1.0,1.0,1.0,0.0,0.0,0.0,0.0,0.0,"['alopecia', 'erythema', 'crust']",train
d29b5b78-dbe6-4ecf-bc59-847e27a318d4,Roboflow,C:\Users\ESSAKKI RAJA T  EV\OneDrive\Desktop\DB PAWPHILE\Dog Skin Disease Dataset.v2i.folder\train\healthy\healthy_200_jpg.rf.4c47d0a292a74cd6ced08edda69dfe23.jpg,1013,367e0a0f-778c-4e7a-a64b-fff30b3c4cbc,healthy,healthy,[],disease-level (provisional),research-only,unsupported,train,skin,unknown,C,,0.0,0.0,0.0,0.0,0.0,0.0,0.0,0.0,[],train
24906a3f-e7be-48dd-ab80-9062b5686eb2,Kaggle,C:\Users\ESSAKKI RAJA T  EV\OneDrive\Desktop\DB PAWPHILE\archive\train\demodicosis\1-42-_png_jpg.rf.8a3bd6ef97b31e285a079eeedcdcd8e3.jpg,1151,0dd0ffc4-4716-4e5b-bd6e-3e69d394a299,demodicosis,demodicosis,"[""alopecia"", ""erythema"", ""crust""]",disease-level (provisional),research-only,unsupported,train,skin,unknown,C,,1.0,1.0,1.0,0.0,0.0,0.0,0.0,0.0,"['alopecia', 'erythema', 'crust']",train
88961d37-f3c5-47cb-ba45-7a155868faf2,Kaggle,C:\Users\ESSAKKI RAJA T  EV\OneDrive\Desktop\DB PAWPHILE\archive\train\demodicosis\scabies_113_png_jpg.rf.cdeecdff6165c2b2433ae255b52f7a8e.jpg,1662,edff40f5-3952-4dbf-8c2b-0d8de925059e,demodicosis,demodicosis,"[""alopecia"", ""erythema"", ""crust""]",disease-level (provisional),research-only,unsupported,train,skin,unknown,C,,1.0,1.0,1.0,0.0,0.0,0.0,0.0,0.0,"['alopecia', 'erythema', 'crust']",train
8e219375-6508-479e-a97c-158a2e854ac4,Kaggle,C:\Users\ESSAKKI RAJA T  EV\OneDrive\Desktop\DB PAWPHILE\archive\valid\demodicosis\scabies_126_png_jpg.rf.97e4d752cc55b79233989f6561e62276.jpg,1402,21aa3f0a-93a4-4e84-9642-9ca66a1db156,demodicosis,demodicosis,"[""alopecia"", ""erythema"", ""crust""]",disease-level (provisional),research-only,unsupported,valid,skin,unknown,C,,1.0,1.0,1.0,0.0,0.0,0.0,0.0,0.0,"['alopecia', 'erythema', 'crust']",train
8eaf7bfa-8da5-415c-b1a6-158e088471a4,Roboflow,C:\Users\ESSAKKI RAJA T  EV\OneDrive\Desktop\DB PAWPHILE\Dog Skin Disease Dataset.v2i.folder\train\hypersensitivity dermatitis\hypersensitivity_116_jpg.rf.17102d2c2942a265dcd3fbb36f1aa126.jpg,1117,095874a9-ad79-49d0-9f10-d1c546315a39,hypersensitivity dermatitis,hypersensitivity / allergic dermatitis,"[""erythema"", ""lichenification""]",disease-level (provisional),research-only,unsupported,train,skin,unknown,C,,1.0,0.0,0.0,0.0,0.0,0.0,0.0,1.0,"['erythema', 'lichenification']",train
93377367-7e03-453d-9271-0b6f212cb7bf,Roboflow,C:\Users\ESSAKKI RAJA T  EV\OneDrive\Desktop\DB PAWPHILE\Dog Skin Disease Dataset.v2i.folder\train\healthy\healthy_15_jpg.rf.ca5efb7950314edb55e9299b01c07a59.jpg,1068,45dc33a6-dd9a-4aa8-be23-c1dccb7b21c5,healthy,healthy,[],disease-level (provisional),research-only,unsupported,train,skin,unknown,C,,0.0,0.0,0.0,0.0,0.0,0.0,0.0,0.0,[],train
afe43efc-5dc6-44d0-8a46-7cd1bf670ff9,Roboflow,C:\Users\ESSAKKI RAJA T  EV\OneDrive\Desktop\DB PAWPHILE\Dog Skin Disease Dataset.v2i.folder\train\fungal infection\fungal_388_jpg.rf.687c67830f11e7dd3573ad1d50e149a4.jpg,100,a0d088e7-30f4-484d-87e4-ba9caf5a66b4,fungal infection,fungal infection,"[""alopecia"", ""scaling""]",disease-level (provisional),research-only,unsupported,train,skin,unknown,C,,0.0,1.0,0.0,1.0,0.0,0.0,0.0,0.0,"['alopecia', 'scaling']",train
a829eafc-d7d5-49ac-8352-0ae28de0ad37,Roboflow,C:\Users\ESSAKKI RAJA T  EV\OneDrive\Desktop\DB PAWPHILE\Dog Skin Disease Dataset.v2i.folder\train\fungal infection\fungal_258_jpg.rf.487c956008945ac225f5115afd1001d1.jpg,1177,0afae57e-d344-4e52-990e-ae34341ee48a,fungal infection,fungal infection,"[""alopecia"", ""scaling""]",disease-level (provisional),research-only,unsupported,train,skin,unknown,C,,0.0,1.0,0.0,1.0,0.0,0.0,0.0,0.0,"['alopecia', 'scaling']",train
3d3e7680-3541-4c7d-add9-616e3e3a2ead,Kaggle,C:\Users\ESSAKKI RAJA T  EV\OneDrive\Desktop\DB PAWPHILE\archive\valid\Hypersensitivity\B9781416056638000070_f007-042-9781416056638_jpg.rf.801ce9d7a0eb5d6a89b42eaee4b00c42.jpg,236,95920976-cf4a-45d2-8677-180190abf6d7,Hypersensitivity,hypersensitivity / allergic dermatitis,"[""erythema"", ""lichenification""]",disease-level (provisional),research-only,unsupported,valid,skin,unknown,C,,1.0,0.0,0.0,0.0,0.0,0.0,0.0,1.0,"['erythema', 'lichenification']",train
5b252417-5e54-4d23-b5d7-18c11169c8a0,Roboflow,C:\Users\ESSAKKI RAJA T  EV\OneDrive\Desktop\DB PAWPHILE\Dog Skin Disease Dataset.v2i.folder\train\fungal infection\fungal_384_jpg.rf.e4d71ce6835e48266957b25eb9033e61.jpg,514,5637361d-10b7-4f74-b0b9-bec7433ca573,fungal infection,fungal infection,"[""alopecia"", ""scaling""]",disease-level (provisional),research-only,unsupported,train,skin,unknown,C,,0.0,1.0,0.0,1.0,0.0,0.0,0.0,0.0,"['alopecia', 'scaling']",train
55bd2594-1fda-45c0-b0ae-9e3ae452ffcb,Roboflow,C:\Users\ESSAKKI RAJA T  EV\OneDrive\Desktop\DB PAWPHILE\Dog Skin Disease Dataset.v2i.folder\train\bacterial dermatosis\bacterial_51_jpg.rf.9b7e5da0791896f8d7fa329d0ff43a8c.jpg,557,400dd9a9-87c5-491c-a460-98f2ca3437fb,bacterial dermatosis,bacterial dermatosis,"[""erythema"", ""pustule"", ""crust""]",disease-level (provisional),research-only,unsupported,train,skin,unknown,C,,1.0,0.0,1.0,0.0,0.0,0.0,1.0,0.0,"['erythema', 'pustule', 'crust']",train
c357f4c0-5825-4241-afcd-fad23dcb243f,Kaggle,C:\Users\ESSAKKI RAJA T  EV\OneDrive\Desktop\DB PAWPHILE\archive\valid\ringworm\6D4F94F0-A463-4F97-9E69-32C7C4493054_jpeg_jpg.rf.83189d27d25b8d1161ff0e7207075d32.jpg,476,285db645-85c3-44e6-a139-a8dc369eec2a,ringworm,fungal infection,"[""alopecia"", ""scaling""]",disease-level (provisional),research-only,unsupported,valid,skin,unknown,C,,0.0,1.0,0.0,1.0,0.0,0.0,0.0,0.0,"['alopecia', 'scaling']",train
89ccaaa4-4bbe-4d24-bcc3-b1b8e95c3dca,Roboflow,C:\Users\ESSAKKI RAJA T  EV\OneDrive\Desktop\DB PAWPHILE\Dog Skin Disease Dataset.v2i.folder\train\bacterial dermatosis\bacterial_230_jpg.rf.e08f93bf0b435e9f3844952981a8d21b.jpg,1367,6908013a-abfa-4952-af94-e9f950b1e120,bacterial dermatosis,bacterial dermatosis,"[""erythema"", ""pustule"", ""crust""]",disease-level (provisional),research-only,unsupported,train,skin,unknown,C,,1.0,0.0,1.0,0.0,0.0,0.0,1.0,0.0,"['erythema', 'pustule', 'crust']",train
3a370116-7934-4299-b243-16b435a656f7,Roboflow,C:\Users\ESSAKKI RAJA T  EV\OneDrive\Desktop\DB PAWPHILE\Dog Skin Disease Dataset.v2i.folder\test\healthy\healthy_137_jpg.rf.62a80831bd2969bdbdadd1f493fd4fda.jpg,991,dad31efd-8b5e-4096-93f9-666932bb5376,healthy,healthy,[],disease-level (provisional),research-only,unsupported,test,skin,unknown,C,,0.0,0.0,0.0,0.0,0.0,0.0,0.0,0.0,[],train
a6c326c6-0b8a-452a-bee0-d2063cb6d39c,Multispectral,C:\Users\ESSAKKI RAJA T  EV\OneDrive\Desktop\DB PAWPHILE\Classification of pet dog skin diseases using deep learning with images captured from multispectral imaging device\5dbht54kw7-1\dog210511_05_02_17\pic0.jpg,150,dcebd7eb-dbbe-49d1-9776-14114a64c3fc,unknown,unknown,[],disease-level (provisional),research-only,unsupported,none,skin,pic0.jpg,B,,0.0,0.0,0.0,0.0,0.0,0.0,0.0,0.0,[],train
3a83a891-7abc-40d2-87f1-ce379142850a,Kaggle,C:\Users\ESSAKKI RAJA T  EV\OneDrive\Desktop\DB PAWPHILE\archive\test\demodicosis\scabies_118_png_jpg.rf.3cb85ebdd9648ffe76ee87600445a5c4.jpg,419,040ff5f5-6271-4f63-a580-a56e090d4070,demodicosis,demodicosis,"[""alopecia"", ""erythema"", ""crust""]",disease-level (provisional),research-only,unsupported,test,skin,unknown,C,,1.0,1.0,1.0,0.0,0.0,0.0,0.0,0.0,"['alopecia', 'erythema', 'crust']",train
625c6638-9ca2-4998-99f8-2e5ba5953eb1,Kaggle,C:\Users\ESSAKKI RAJA T  EV\OneDrive\Desktop\DB PAWPHILE\archive\valid\Fungal_infections\pic55_jpg.rf.d2e7af2e16ca0aa189b9669f76a8524f.jpg,1033,9e425279-0c7e-4f60-88f3-b21b3217119b,Fungal_infections,fungal infection,"[""alopecia"", ""scaling""]",disease-level (provisional),research-only,unsupported,valid,skin,unknown,C,,0.0,1.0,0.0,1.0,0.0,0.0,0.0,0.0,"['alopecia', 'scaling']",train
a62b4ce2-357e-4631-8a19-d201eda202ff,Kaggle,C:\Users\ESSAKKI RAJA T  EV\OneDrive\Desktop\DB PAWPHILE\archive\valid\ringworm\R54_png_jpg.rf.7de328782e219d810c1176e171849f17.jpg,447,9c5ff30d-cb37-4735-9943-eb5b4d1b7f4a,ringworm,fungal infection,"[""alopecia"", ""scaling""]",disease-level (provisional),research-only,unsupported,valid,skin,unknown,C,,0.0,1.0,0.0,1.0,0.0,0.0,0.0,0.0,"['alopecia', 'scaling']",train
08779d53-0612-4fa2-a0e1-3065ca5a9f87,Roboflow,C:\Users\ESSAKKI RAJA T  EV\OneDrive\Desktop\DB PAWPHILE\Dog Skin Disease Dataset.v2i.folder\train\bacterial dermatosis\bacterial_209_jpg.rf.82c7724e958d7f965a405a673407902a.jpg,606,a6b386ff-6164-4e48-8f7a-b6b826a1bbb3,bacterial dermatosis,bacterial dermatosis,"[""erythema"", ""pustule"", ""crust""]",disease-level (provisional),research-only,unsupported,train,skin,unknown,C,,1.0,0.0,1.0,0.0,0.0,0.0,1.0,0.0,"['erythema', 'pustule', 'crust']",train
72392b41-86a7-49d6-b68e-d8c357fa1a15,Kaggle,C:\Users\ESSAKKI RAJA T  EV\OneDrive\Desktop\DB PAWPHILE\archive\valid\demodicosis\IMG_5146_jpeg_jpg.rf.f5dd9599d89a492b9134c1ea0fbb813a.jpg,1097,64cd020f-0718-4bd4-9840-7960d29c112b,demodicosis,demodicosis,"[""alopecia"", ""erythema"", ""crust""]",disease-level (provisional),research-only,unsupported,valid,skin,unknown,C,,1.0,1.0,1.0,0.0,0.0,0.0,0.0,0.0,"['alopecia', 'erythema', 'crust']",train
4c087e7f-92e1-43c3-ac92-47aa64708cc3,Kaggle,C:\Users\ESSAKKI RAJA T  EV\OneDrive\Desktop\DB PAWPHILE\archive\test\Hypersensitivity\Hypersensitivity_image_1_jpg.rf.ce16c82350e243ad3be169130f218a65.jpg,595,e6183bfa-a5fe-41c1-9d27-0e1eaa5b04ca,Hypersensitivity,hypersensitivity / allergic dermatitis,"[""erythema"", ""lichenification""]",disease-level (provisional),research-only,unsupported,test,skin,unknown,C,,1.0,0.0,0.0,0.0,0.0,0.0,0.0,1.0,"['erythema', 'lichenification']",train
00ba071b-54dd-45bf-9d59-d59484354d3c,Kaggle,C:\Users\ESSAKKI RAJA T  EV\OneDrive\Desktop\DB PAWPHILE\archive\train\demodicosis\1-72-_png_jpg.rf.900751fd640eeb1e38a48a88d254d13d.jpg,921,5ee306e2-bdb3-4f7c-a249-bc997ce12eb5,demodicosis,demodicosis,"[""alopecia"", ""erythema"", ""crust""]",disease-level (provisional),research-only,unsupported,train,skin,unknown,C,,1.0,1.0,1.0,0.0,0.0,0.0,0.0,0.0,"['alopecia', 'erythema', 'crust']",train
6b4de39a-aa84-4deb-9d9c-d787694c27ea,Kaggle,C:\Users\ESSAKKI RAJA T  EV\OneDrive\Desktop\DB PAWPHILE\archive\valid\ringworm\WIN_20240514_17_28_12_Pro_jpg.rf.3c2122bdfc095a4de96ce2374993c8c7.jpg,1592,731792c9-f51d-488f-8b8a-3dab09688c4c,ringworm,fungal infection,"[""alopecia"", ""scaling""]",disease-level (provisional),research-only,unsupported,valid,skin,unknown,C,,0.0,1.0,0.0,1.0,0.0,0.0,0.0,0.0,"['alopecia', 'scaling']",train
e69bb4e8-5fa7-4fd3-9161-e8bbf7292e90,Roboflow,C:\Users\ESSAKKI RAJA T  EV\OneDrive\Desktop\DB PAWPHILE\Dog Skin Disease Dataset.v2i.folder\test\hypersensitivity dermatitis\hypersensitivity_109_jpg.rf.cd0f90f228c8fdf8a319659d3b25d96d.jpg,980,2eacfba8-edda-4bd1-afb7-347c22ad15fa,hypersensitivity dermatitis,hypersensitivity / allergic dermatitis,"[""erythema"", ""lichenification""]",disease-level (provisional),research-only,unsupported,test,skin,unknown,C,,1.0,0.0,0.0,0.0,0.0,0.0,0.0,1.0,"['erythema', 'lichenification']",train
4c6abd95-898b-48c0-b8e0-1bbd9ef43008,Kaggle,C:\Users\ESSAKKI RAJA T  EV\OneDrive\Desktop\DB PAWPHILE\archive\test\demodicosis\2024-05-13-134258_4_jpg.rf.1a3f7c21f0e8821c611e4c36494428bc.jpg,1120,035695e4-9720-417c-aeb6-3a915c8bcfd3,demodicosis,demodicosis,"[""alopecia"", ""erythema"", ""crust""]",disease-level (provisional),research-only,unsupported,test,skin,unknown,C,,1.0,1.0,1.0,0.0,0.0,0.0,0.0,0.0,"['alopecia', 'erythema', 'crust']",train
aa5a376c-d0a8-46e7-8cb3-da3d62b88477,Roboflow,C:\Users\ESSAKKI RAJA T  EV\OneDrive\Desktop\DB PAWPHILE\Dog Skin Disease Dataset.v2i.folder\valid\hypersensitivity dermatitis\hypersensitivity_401_jpg.rf.96cdc1f7127419785550641f392c49ad.jpg,721,502f358d-c2c0-42f1-b34c-92c2e7a525d5,hypersensitivity dermatitis,hypersensitivity / allergic dermatitis,"[""erythema"", ""lichenification""]",disease-level (provisional),research-only,unsupported,valid,skin,unknown,C,,1.0,0.0,0.0,0.0,0.0,0.0,0.0,1.0,"['erythema', 'lichenification']",train
b55a83af-8ed0-4dd1-8b62-192a2c79bf47,Kaggle,C:\Users\ESSAKKI RAJA T  EV\OneDrive\Desktop\DB PAWPHILE\archive\valid\Dermatitis\1000010765_x4_jpg.rf.060a5235809a26a8c7d61213cd4addcb.jpg,974,def31344-efb0-4dc1-9272-68d14f2c9a2c,Dermatitis,nonspecific dermatitis,"[""erythema"", ""scaling""]",disease-level (provisional),research-only,unsupported,valid,skin,unknown,C,,1.0,0.0,0.0,1.0,0.0,0.0,0.0,0.0,"['erythema', 'scaling']",train
573792cb-f062-4475-a030-207d6a5931b0,Kaggle,C:\Users\ESSAKKI RAJA T  EV\OneDrive\Desktop\DB PAWPHILE\archive\valid\demodicosis\1-57-_png_jpg.rf.a780853af007c4893b73151e658335ba.jpg,452,6aad2ed1-2a5e-48ff-b8ee-07b56b17ca72,demodicosis,demodicosis,"[""alopecia"", ""erythema"", ""crust""]",disease-level (provisional),research-only,unsupported,valid,skin,unknown,C,,1.0,1.0,1.0,0.0,0.0,0.0,0.0,0.0,"['alopecia', 'erythema', 'crust']",train
0eb0ada2-63c4-4f0b-ad54-c1be6cc81952,Kaggle,C:\Users\ESSAKKI RAJA T  EV\OneDrive\Desktop\DB PAWPHILE\archive\test\Dermatitis\1000010725_x16_jpg.rf.358d45c46f596caf8bbb68a6128854c4.jpg,954,cb0a8f21-1834-4571-9ae0-5223db3963ac,Dermatitis,nonspecific dermatitis,"[""erythema"", ""scaling""]",disease-level (provisional),research-only,unsupported,test,skin,unknown,C,,1.0,0.0,0.0,1.0,0.0,0.0,0.0,0.0,"['erythema', 'scaling']",train
afe4ea37-e0e0-4088-a619-8fd19b13c7f4,Kaggle,C:\Users\ESSAKKI RAJA T  EV\OneDrive\Desktop\DB PAWPHILE\archive\test\demodicosis\scabies_110_png_jpg.rf.0f2ed30d0155bd54050b52b746775ccd.jpg,435,e3bc1259-b09d-49c0-85b2-4b5018a0e95e,demodicosis,demodicosis,"[""alopecia"", ""erythema"", ""crust""]",disease-level (provisional),research-only,unsupported,test,skin,unknown,C,,1.0,1.0,1.0,0.0,0.0,0.0,0.0,0.0,"['alopecia', 'erythema', 'crust']",train
5c801843-489d-4b43-958a-b3a3a4970bcf,Roboflow,C:\Users\ESSAKKI RAJA T  EV\OneDrive\Desktop\DB PAWPHILE\Dog Skin Disease Dataset.v2i.folder\train\bacterial dermatosis\bacterial_285_jpg.rf.fd3987844faeebdebd0bb773c58b918b.jpg,923,6568d0fd-238d-401c-adca-92fb329cdb2f,bacterial dermatosis,bacterial dermatosis,"[""erythema"", ""pustule"", ""crust""]",disease-level (provisional),research-only,unsupported,train,skin,unknown,C,,1.0,0.0,1.0,0.0,0.0,0.0,1.0,0.0,"['erythema', 'pustule', 'crust']",train
0427863a-3b3c-473f-b577-795de9f9acdd,Kaggle,C:\Users\ESSAKKI RAJA T  EV\OneDrive\Desktop\DB PAWPHILE\archive\valid\Dermatitis\HOT-SPOT-IN-DOG-HOW-vet-treated-symptom-prevention_-flea-bite-moist-eczema_dog-itching-000486_png_jpg.rf.256ad4504362283aff949b8d63bc9e41.jpg,971,be56a451-59d2-437c-bbde-96d5c7f93672,Dermatitis,nonspecific dermatitis,"[""erythema"", ""scaling""]",disease-level (provisional),research-only,unsupported,valid,skin,unknown,C,,1.0,0.0,0.0,1.0,0.0,0.0,0.0,0.0,"['erythema', 'scaling']",train
63bb8029-a3d7-4a6d-8a96-5e0b7353175a,Multispectral,C:\Users\ESSAKKI RAJA T  EV\OneDrive\Desktop\DB PAWPHILE\Classification of pet dog skin diseases using deep learning with images captured from multispectral imaging device\5dbht54kw7-1\Dog210708_01_02_01\pic0.jpg,234,384ea19c-e97d-4ec9-932b-3d573e5677dd,unknown,unknown,[],disease-level (provisional),research-only,unsupported,none,skin,pic0.jpg,B,,0.0,0.0,0.0,0.0,0.0,0.0,0.0,0.0,[],train
d726867d-aa40-4188-856c-6ceda45bc158,Roboflow,C:\Users\ESSAKKI RAJA T  EV\OneDrive\Desktop\DB PAWPHILE\Dog Skin Disease Dataset.v2i.folder\train\hypersensitivity dermatitis\hypersensitivity_359_jpg.rf.b97b43239e30569da274e016626f9b89.jpg,383,7dde7f25-01cd-4487-b7e9-ef4e813f7201,hypersensitivity dermatitis,hypersensitivity / allergic dermatitis,"[""erythema"", ""lichenification""]",disease-level (provisional),research-only,unsupported,train,skin,unknown,C,,1.0,0.0,0.0,0.0,0.0,0.0,0.0,1.0,"['erythema', 'lichenification']",train
3eb29dfd-f74c-46c4-a78f-912eeb0535bc,Kaggle,C:\Users\ESSAKKI RAJA T  EV\OneDrive\Desktop\DB PAWPHILE\archive\train\Dermatitis\HOT-SPOT-IN-DOG-HOW-vet-treated-symptom-prevention_-flea-bite-moist-eczema_dog-itching-000150_png_jpg.rf.6bdbbf29209e1e4a36e4f4f2921a11c8.jpg,64,47c471cc-2c52-465f-a678-943d5c718846,Dermatitis,nonspecific dermatitis,"[""erythema"", ""scaling""]",disease-level (provisional),research-only,unsupported,train,skin,unknown,C,,1.0,0.0,0.0,1.0,0.0,0.0,0.0,0.0,"['erythema', 'scaling']",train
52c18d47-0146-4aa1-8c35-7e9fa3dd9070,Roboflow,C:\Users\ESSAKKI RAJA T  EV\OneDrive\Desktop\DB PAWPHILE\Dog Skin Disease Dataset.v2i.folder\train\healthy\healthy_281_jpg.rf.41e316eb3000cc51a76c00b207909a26.jpg,1566,35c44cad-42b9-4f61-b9d0-4392b73079a7,healthy,healthy,[],disease-level (provisional),research-only,unsupported,train,skin,unknown,C,,0.0,0.0,0.0,0.0,0.0,0.0,0.0,0.0,[],train
4d548fdc-7d89-4534-8850-e81395d4669f,Kaggle,C:\Users\ESSAKKI RAJA T  EV\OneDrive\Desktop\DB PAWPHILE\archive\test\ringworm\Day-4-of-ringworm-treatment_00261_jpg.rf.9315257c3f9b907d1db97353b5e16577.jpg,742,a2f73942-a835-48f3-983f-84f5fa5529f8,ringworm,fungal infection,"[""alopecia"", ""scaling""]",disease-level (provisional),research-only,unsupported,test,skin,unknown,C,,0.0,1.0,0.0,1.0,0.0,0.0,0.0,0.0,"['alopecia', 'scaling']",train
28fa7f84-e26e-45b9-8b51-8f2636e11f67,Kaggle,C:\Users\ESSAKKI RAJA T  EV\OneDrive\Desktop\DB PAWPHILE\archive\test\Hypersensitivity\B9781416056638000070_f007-012-9781416056638_jpg.rf.7e7713268b11f5daba49816bf2d047be.jpg,816,12edeeb9-bb8d-49bd-a424-83e97ad16bf8,Hypersensitivity,hypersensitivity / allergic dermatitis,"[""erythema"", ""lichenification""]",disease-level (provisional),research-only,unsupported,test,skin,unknown,C,,1.0,0.0,0.0,0.0,0.0,0.0,0.0,1.0,"['erythema', 'lichenification']",train
9cb77b1a-ed51-4073-9d28-164ea4be3797,Kaggle,C:\Users\ESSAKKI RAJA T  EV\OneDrive\Desktop\DB PAWPHILE\archive\train\Dermatitis\May-is-allergy-awareness-month-here-at-The-Shot-Spot_00547_jpg.rf.dee1a10879fc36648f7c55a34c961175.jpg,1241,286a8292-b8ac-49bb-918a-556d29e43eb8,Dermatitis,nonspecific dermatitis,"[""erythema"", ""scaling""]",disease-level (provisional),research-only,unsupported,train,skin,unknown,C,,1.0,0.0,0.0,1.0,0.0,0.0,0.0,0.0,"['erythema', 'scaling']",train
0777c31e-20d2-403c-b4f8-685d52d0d08b,Roboflow,C:\Users\ESSAKKI RAJA T  EV\OneDrive\Desktop\DB PAWPHILE\Dog Skin Disease Dataset.v2i.folder\valid\hypersensitivity dermatitis\hypersensitivity_24_jpg.rf.b641d5639c3bf975c2a0d70c62f7e706.jpg,1043,3763f67f-1843-4e1a-8394-63f66be74a16,hypersensitivity dermatitis,hypersensitivity / allergic dermatitis,"[""erythema"", ""lichenification""]",disease-level (provisional),research-only,unsupported,valid,skin,unknown,C,,1.0,0.0,0.0,0.0,0.0,0.0,0.0,1.0,"['erythema', 'lichenification']",train
bb98bd25-9c14-47be-a079-64b0514ed0fe,Roboflow,C:\Users\ESSAKKI RAJA T  EV\OneDrive\Desktop\DB PAWPHILE\Dog Skin Disease Dataset.v2i.folder\valid\bacterial dermatosis\bacterial_267_jpg.rf.96648b60bb1eda42f146593b39ea4ac7.jpg,1089,60eaa80c-726c-44ba-ac2c-d6704b30151c,bacterial dermatosis,bacterial dermatosis,"[""erythema"", ""pustule"", ""crust""]",disease-level (provisional),research-only,unsupported,valid,skin,unknown,C,,1.0,0.0,1.0,0.0,0.0,0.0,1.0,0.0,"['erythema', 'pustule', 'crust']",train
3dd7ad7e-77be-4488-a5e3-6ef86629d918,Roboflow,C:\Users\ESSAKKI RAJA T  EV\OneDrive\Desktop\DB PAWPHILE\Dog Skin Disease Dataset.v2i.folder\train\healthy\healthy_331_jpg.rf.595f497ec6ef2446ac8e24d450a48294.jpg,1923,a59cf088-2e76-4525-bf34-0c999866f31c,healthy,healthy,[],disease-level (provisional),research-only,unsupported,train,skin,unknown,C,,0.0,0.0,0.0,0.0,0.0,0.0,0.0,0.0,[],train
4706d626-0f92-4ca9-b387-87a6a55e5738,Kaggle,C:\Users\ESSAKKI RAJA T  EV\OneDrive\Desktop\DB PAWPHILE\archive\test\Fungal_infections\FUNGAL-INFECTION_020_jpg.rf.2dfa01e5fac8efee69784eb75618e8f6.jpg,1281,61697d99-ec6b-4a8a-bc5b-f8cc6babebaf,Fungal_infections,fungal infection,"[""alopecia"", ""scaling""]",disease-level (provisional),research-only,unsupported,test,skin,unknown,C,,0.0,1.0,0.0,1.0,0.0,0.0,0.0,0.0,"['alopecia', 'scaling']",train
9ea6ce23-2524-4e2c-8d8a-bd7fb83bb770,Kaggle,C:\Users\ESSAKKI RAJA T  EV\OneDrive\Desktop\DB PAWPHILE\archive\valid\demodicosis\2024-05-13-133940_2_jpg.rf.49855d7a27169805325ec60b958b9a5c.jpg,1183,d0867962-2a7d-464b-a984-db489b8b03e8,demodicosis,demodicosis,"[""alopecia"", ""erythema"", ""crust""]",disease-level (provisional),research-only,unsupported,valid,skin,unknown,C,,1.0,1.0,1.0,0.0,0.0,0.0,0.0,0.0,"['alopecia', 'erythema', 'crust']",train
38d1caa5-f593-4f5a-bf10-da0eff38bc50,Roboflow,C:\Users\ESSAKKI RAJA T  EV\OneDrive\Desktop\DB PAWPHILE\Dog Skin Disease Dataset.v2i.folder\valid\healthy\healthy_87_jpg.rf.44a6ab0bed368649c62a8b3fde2bb906.jpg,1247,7f2b69e0-5870-4140-b5ba-af684228500b,healthy,healthy,[],disease-level (provisional),research-only,unsupported,valid,skin,unknown,C,,0.0,0.0,0.0,0.0,0.0,0.0,0.0,0.0,[],train
f9c4f7ae-f56d-4fb3-a724-1fc393fbc431,Roboflow,C:\Users\ESSAKKI RAJA T  EV\OneDrive\Desktop\DB PAWPHILE\Dog Skin Disease Dataset.v2i.folder\train\bacterial dermatosis\bacterial_250_jpg.rf.e4c6a070af3a8cf6ef9bb2afcd73e644.jpg,1188,8089a27e-9fb6-4fb7-97bd-3ca39d5b5358,bacterial dermatosis,bacterial dermatosis,"[""erythema"", ""pustule"", ""crust""]",disease-level (provisional),research-only,unsupported,train,skin,unknown,C,,1.0,0.0,1.0,0.0,0.0,0.0,1.0,0.0,"['erythema', 'pustule', 'crust']",train
c13b8561-e89f-4cd3-8892-87c92468586c,Roboflow,C:\Users\ESSAKKI RAJA T  EV\OneDrive\Desktop\DB PAWPHILE\Dog Skin Disease Dataset.v2i.folder\train\bacterial dermatosis\bacterial_101_jpg.rf.17bcbd21ebde9cb4f239ee8d4ac5fddf.jpg,1797,217b6848-785b-4720-bbf7-39e1d8dec5cd,bacterial dermatosis,bacterial dermatosis,"[""erythema"", ""pustule"", ""crust""]",disease-level (provisional),research-only,unsupported,train,skin,unknown,C,,1.0,0.0,1.0,0.0,0.0,0.0,1.0,0.0,"['erythema', 'pustule', 'crust']",train
a8c4a8ba-eb25-4d35-a607-4eb74616fc75,Kaggle,C:\Users\ESSAKKI RAJA T  EV\OneDrive\Desktop\DB PAWPHILE\archive\test\demodicosis\1-34-_png_jpg.rf.fd857fd2db3d618fbf3b7bec58cafb98.jpg,374,d14f577b-6bfe-4550-9d40-d32fb14fd8ef,demodicosis,demodicosis,"[""alopecia"", ""erythema"", ""crust""]",disease-level (provisional),research-only,unsupported,test,skin,unknown,C,,1.0,1.0,1.0,0.0,0.0,0.0,0.0,0.0,"['alopecia', 'erythema', 'crust']",train
7ba4b9ee-6dfc-48bb-bfea-d6257eae5249,Roboflow,C:\Users\ESSAKKI RAJA T  EV\OneDrive\Desktop\DB PAWPHILE\Dog Skin Disease Dataset.v2i.folder\train\bacterial dermatosis\bacterial_10_jpg.rf.cd255b09aee6edba4b6df24c90823a15.jpg,1650,198899a8-0dcf-4c76-a90a-92030a70b303,bacterial dermatosis,bacterial dermatosis,"[""erythema"", ""pustule"", ""crust""]",disease-level (provisional),research-only,unsupported,train,skin,unknown,C,,1.0,0.0,1.0,0.0,0.0,0.0,1.0,0.0,"['erythema', 'pustule', 'crust']",train
cab22766-1cdb-4401-a802-633e5f7071ac,Roboflow,C:\Users\ESSAKKI RAJA T  EV\OneDrive\Desktop\DB PAWPHILE\Dog Skin Disease Dataset.v2i.folder\test\healthy\healthy_train_30_jpg.rf.6ea040301d9aefcae8c56705616cd4ee.jpg,1717,b7ff798b-f086-4f27-8fbd-b34a18695367,healthy,healthy,[],disease-level (provisional),research-only,unsupported,test,skin,unknown,C,,0.0,0.0,0.0,0.0,0.0,0.0,0.0,0.0,[],train
3019768b-b8c1-4c69-8609-133f1f3a30c0,Roboflow,C:\Users\ESSAKKI RAJA T  EV\OneDrive\Desktop\DB PAWPHILE\Dog Skin Disease Dataset.v2i.folder\train\fungal infection\fungal_200_jpg.rf.06792696814123e7b9b26df22da7faed.jpg,963,3971ad46-02ae-491f-95eb-7a4429801797,fungal infection,fungal infection,"[""alopecia"", ""scaling""]",disease-level (provisional),research-only,unsupported,train,skin,unknown,C,,0.0,1.0,0.0,1.0,0.0,0.0,0.0,0.0,"['alopecia', 'scaling']",train
76948020-eda0-4999-a411-11b4311acb35,Roboflow,C:\Users\ESSAKKI RAJA T  EV\OneDrive\Desktop\DB PAWPHILE\Dog Skin Disease Dataset.v2i.folder\train\fungal infection\fungal_248_jpg.rf.c95c7280a92d6f236ad458c65418776b.jpg,615,55a123c2-7dc2-462f-b6c1-4b9f13f32c97,fungal infection,fungal infection,"[""alopecia"", ""scaling""]",disease-level (provisional),research-only,unsupported,train,skin,unknown,C,,0.0,1.0,0.0,1.0,0.0,0.0,0.0,0.0,"['alopecia', 'scaling']",train
e1ff44cc-1d35-4cf0-8d07-035922510039,Roboflow,C:\Users\ESSAKKI RAJA T  EV\OneDrive\Desktop\DB PAWPHILE\Dog Skin Disease Dataset.v2i.folder\train\healthy\healthy_230_jpg.rf.2ef5650815e864b5948817572dc3af2d.jpg,148,7c292df9-2347-4c28-b10c-cc15957422f7,healthy,healthy,[],disease-level (provisional),research-only,unsupported,train,skin,unknown,C,,0.0,0.0,0.0,0.0,0.0,0.0,0.0,0.0,[],train
35eb5ece-033d-4192-bf49-2190e40f32bc,Roboflow,C:\Users\ESSAKKI RAJA T  EV\OneDrive\Desktop\DB PAWPHILE\Dog Skin Disease Dataset.v2i.folder\test\hypersensitivity dermatitis\hypersensitivity_372_jpg.rf.ced3196e475d0f902cc6a14eab6841b2.jpg,934,fff1279f-2fb4-427f-99ec-b2fdb7b5a8fd,hypersensitivity dermatitis,hypersensitivity / allergic dermatitis,"[""erythema"", ""lichenification""]",disease-level (provisional),research-only,unsupported,test,skin,unknown,C,,1.0,0.0,0.0,0.0,0.0,0.0,0.0,1.0,"['erythema', 'lichenification']",train
8d542694-8b53-4602-a909-904c6f5281b6,Kaggle,C:\Users\ESSAKKI RAJA T  EV\OneDrive\Desktop\DB PAWPHILE\archive\valid\ringworm\E64D9F1D-0C27-42C1-9A7F-B0F6755F7913_jpeg_jpg.rf.a851ff5752530ab02a4e6becceabcd4f.jpg,1383,748b9285-29f4-41a8-8e7c-da9636d20911,ringworm,fungal infection,"[""alopecia"", ""scaling""]",disease-level (provisional),research-only,unsupported,valid,skin,unknown,C,,0.0,1.0,0.0,1.0,0.0,0.0,0.0,0.0,"['alopecia', 'scaling']",train
8b54fe04-f2bc-4bf4-8d19-0da951cf4e96,Kaggle,C:\Users\ESSAKKI RAJA T  EV\OneDrive\Desktop\DB PAWPHILE\archive\valid\Healthy\Image_3_jpg.rf.43497e7b729341662bc05d4977810249.jpg,1582,46f1d49d-53ed-48bf-99f2-55efbb4db77c,Healthy,healthy,[],disease-level (provisional),research-only,unsupported,valid,skin,unknown,C,,0.0,0.0,0.0,0.0,0.0,0.0,0.0,0.0,[],train
b660c65b-8960-4864-863b-4430f3abe19d,Kaggle,C:\Users\ESSAKKI RAJA T  EV\OneDrive\Desktop\DB PAWPHILE\archive\valid\Fungal_infections\1135_jpg.rf.9e977cd0ff54a82a3e9f7576c6cd6bb9.jpg,1104,7616be71-f330-444e-818e-ae06a00d3dfc,Fungal_infections,fungal infection,"[""alopecia"", ""scaling""]",disease-level (provisional),research-only,unsupported,valid,skin,unknown,C,,0.0,1.0,0.0,1.0,0.0,0.0,0.0,0.0,"['alopecia', 'scaling']",train
27d70ad1-12dd-4aad-a62a-f940861ee8d6,Roboflow,C:\Users\ESSAKKI RAJA T  EV\OneDrive\Desktop\DB PAWPHILE\Dog Skin Disease Dataset.v2i.folder\train\bacterial dermatosis\bacterial_182_jpg.rf.fb971ea38755ae104b88a2454ff39ab0.jpg,1034,bd0ec2cd-915a-462a-a3a3-035142a12048,bacterial dermatosis,bacterial dermatosis,"[""erythema"", ""pustule"", ""crust""]",disease-level (provisional),research-only,unsupported,train,skin,unknown,C,,1.0,0.0,1.0,0.0,0.0,0.0,1.0,0.0,"['erythema', 'pustule', 'crust']",train
dea68856-401e-41fd-a7b5-1e8d4259b374,Kaggle,C:\Users\ESSAKKI RAJA T  EV\OneDrive\Desktop\DB PAWPHILE\archive\valid\Fungal_infections\pic69_jpg.rf.cf51359b6fa1694ab4cf234b821de132.jpg,1777,1bb2617c-05de-4e80-bc2b-ffeffee51076,Fungal_infections,fungal infection,"[""alopecia"", ""scaling""]",disease-level (provisional),research-only,unsupported,valid,skin,unknown,C,,0.0,1.0,0.0,1.0,0.0,0.0,0.0,0.0,"['alopecia', 'scaling']",train
75ef55c5-9540-4a72-a0ab-773a758001ac,Roboflow,C:\Users\ESSAKKI RAJA T  EV\OneDrive\Desktop\DB PAWPHILE\Dog Skin Disease Dataset.v2i.folder\valid\fungal infection\fungal_198_jpg.rf.129d75a84b0f991de2780165838d9662.jpg,338,38087056-97d0-411d-a03e-b9d2d2493d10,fungal infection,fungal infection,"[""alopecia"", ""scaling""]",disease-level (provisional),research-only,unsupported,valid,skin,unknown,C,,0.0,1.0,0.0,1.0,0.0,0.0,0.0,0.0,"['alopecia', 'scaling']",train
3f75598a-d29c-4d34-8762-dd60d95f75ef,Kaggle,C:\Users\ESSAKKI RAJA T  EV\OneDrive\Desktop\DB PAWPHILE\archive\test\ringworm\WIN_20240514_17_38_33_Pro_jpg.rf.1b983e45297379668f90715b53f861f6.jpg,1008,30a7f32a-9857-4ab2-ad98-71a3bedc4200,ringworm,fungal infection,"[""alopecia"", ""scaling""]",disease-level (provisional),research-only,unsupported,test,skin,unknown,C,,0.0,1.0,0.0,1.0,0.0,0.0,0.0,0.0,"['alopecia', 'scaling']",train
72a5312e-084e-4774-b73a-8f24d36c9b30,Roboflow,C:\Users\ESSAKKI RAJA T  EV\OneDrive\Desktop\DB PAWPHILE\Dog Skin Disease Dataset.v2i.folder\valid\hypersensitivity dermatitis\hypersensitivity_2_jpg.rf.7099098c829f02662c56edd6a0b8d2b8.jpg,1300,4134972a-d477-4fa1-8fd0-fb45877c429a,hypersensitivity dermatitis,hypersensitivity / allergic dermatitis,"[""erythema"", ""lichenification""]",disease-level (provisional),research-only,unsupported,valid,skin,unknown,C,,1.0,0.0,0.0,0.0,0.0,0.0,0.0,1.0,"['erythema', 'lichenification']",train
a5d88d82-6c30-4159-8b80-36148dfe5318,Roboflow,C:\Users\ESSAKKI RAJA T  EV\OneDrive\Desktop\DB PAWPHILE\Dog Skin Disease Dataset.v2i.folder\valid\bacterial dermatosis\bacterial6_jpg.rf.f9a6f3fbff797cf493167fb0ce4560fd.jpg,1420,985ac96e-9761-4c07-afdf-6032b8c25cc3,bacterial dermatosis,bacterial dermatosis,"[""erythema"", ""pustule"", ""crust""]",disease-level (provisional),research-only,unsupported,valid,skin,unknown,C,,1.0,0.0,1.0,0.0,0.0,0.0,1.0,0.0,"['erythema', 'pustule', 'crust']",train
1f2f62a4-c533-4519-a667-0f3497f24d12,Kaggle,C:\Users\ESSAKKI RAJA T  EV\OneDrive\Desktop\DB PAWPHILE\archive\test\demodicosis\1-31-_png_jpg.rf.5ca8c4f31b3323b3c1fa303e7bf87add.jpg,774,c9bfd958-ad2f-4f9d-a3cc-ce4cb54dda24,demodicosis,demodicosis,"[""alopecia"", ""erythema"", ""crust""]",disease-level (provisional),research-only,unsupported,test,skin,unknown,C,,1.0,1.0,1.0,0.0,0.0,0.0,0.0,0.0,"['alopecia', 'erythema', 'crust']",train
3d941019-c0cb-4d42-96ef-9eef43c0209d,Kaggle,C:\Users\ESSAKKI RAJA T  EV\OneDrive\Desktop\DB PAWPHILE\archive\train\Dermatitis\1000010769_x16_jpg.rf.541e55dedf492655afbec174e52225ca.jpg,190,b00cabba-3912-4fe1-937e-5385b2a46e56,Dermatitis,nonspecific dermatitis,"[""erythema"", ""scaling""]",disease-level (provisional),research-only,unsupported,train,skin,unknown,C,,1.0,0.0,0.0,1.0,0.0,0.0,0.0,0.0,"['erythema', 'scaling']",train
26d606ad-730d-4920-91b5-b190133408ad,Roboflow,C:\Users\ESSAKKI RAJA T  EV\OneDrive\Desktop\DB PAWPHILE\Dog Skin Disease Dataset.v2i.folder\train\bacterial dermatosis\bacterial4_jpg.rf.64a4a455866a7fef14850b66b89149e2.jpg,315,4b8ca338-67a4-4f4b-bf8f-9fa76b65dc09,bacterial dermatosis,bacterial dermatosis,"[""erythema"", ""pustule"", ""crust""]",disease-level (provisional),research-only,unsupported,train,skin,unknown,C,,1.0,0.0,1.0,0.0,0.0,0.0,1.0,0.0,"['erythema', 'pustule', 'crust']",train
5c2cf5b4-c810-46ae-9501-db3e873ac5df,Roboflow,C:\Users\ESSAKKI RAJA T  EV\OneDrive\Desktop\DB PAWPHILE\Dog Skin Disease Dataset.v2i.folder\train\bacterial dermatosis\bacterial_144_jpg.rf.5a3e630ae0a0e184bb636b7edfe36e48.jpg,1173,b90aad2f-d0ac-4a29-87a5-8fa1f05d4645,bacterial dermatosis,bacterial dermatosis,"[""erythema"", ""pustule"", ""crust""]",disease-level (provisional),research-only,unsupported,train,skin,unknown,C,,1.0,0.0,1.0,0.0,0.0,0.0,1.0,0.0,"['erythema', 'pustule', 'crust']",train
309960b2-269d-4b6d-9785-7c546dc73d9c,Kaggle,C:\Users\ESSAKKI RAJA T  EV\OneDrive\Desktop\DB PAWPHILE\archive\test\demodicosis\1-70-_png_jpg.rf.479218d9d91cb72bec34ead89bafbf02.jpg,670,3e08358a-fb39-4899-a886-18bf6850b202,demodicosis,demodicosis,"[""alopecia"", ""erythema"", ""crust""]",disease-level (provisional),research-only,unsupported,test,skin,unknown,C,,1.0,1.0,1.0,0.0,0.0,0.0,0.0,0.0,"['alopecia', 'erythema', 'crust']",train
dba6ed8e-7d2b-4c95-8459-0bce3e60fe82,Roboflow,C:\Users\ESSAKKI RAJA T  EV\OneDrive\Desktop\DB PAWPHILE\Dog Skin Disease Dataset.v2i.folder\train\fungal infection\fungal_381_jpg.rf.8ae62d568370ff36ca5be2ab2964b370.jpg,254,49c5c718-a6cb-4458-b8b0-5b6cddcb5071,fungal infection,fungal infection,"[""alopecia"", ""scaling""]",disease-level (provisional),research-only,unsupported,train,skin,unknown,C,,0.0,1.0,0.0,1.0,0.0,0.0,0.0,0.0,"['alopecia', 'scaling']",train
6e6797d9-f3f0-4821-bcaf-d3afd3997216,Kaggle,C:\Users\ESSAKKI RAJA T  EV\OneDrive\Desktop\DB PAWPHILE\archive\train\demodicosis\2024-05-13-134316_2_jpg.rf.a5a48d011c17c12fbd313240b99b2d97.jpg,593,26bb8678-7086-4ec3-b102-31c1f4c49aa8,demodicosis,demodicosis,"[""alopecia"", ""erythema"", ""crust""]",disease-level (provisional),research-only,unsupported,train,skin,unknown,C,,1.0,1.0,1.0,0.0,0.0,0.0,0.0,0.0,"['alopecia', 'erythema', 'crust']",train
7d2f8607-103a-4b87-93a9-70db58f98021,Kaggle,C:\Users\ESSAKKI RAJA T  EV\OneDrive\Desktop\DB PAWPHILE\archive\test\ringworm\1000010776_x16_jpg.rf.a06619c83de32fb65556c9bd287efc3c.jpg,973,b22900b9-bf8a-490e-b9b5-78d6801e6550,ringworm,fungal infection,"[""alopecia"", ""scaling""]",disease-level (provisional),research-only,unsupported,test,skin,unknown,C,,0.0,1.0,0.0,1.0,0.0,0.0,0.0,0.0,"['alopecia', 'scaling']",train
4dd362bb-7a3d-4ef4-a980-ac6b0a064810,Roboflow,C:\Users\ESSAKKI RAJA T  EV\OneDrive\Desktop\DB PAWPHILE\Dog Skin Disease Dataset.v2i.folder\train\healthy\healthy_215_jpg.rf.e6a45e3230efcc9af379cc4412115bcf.jpg,886,a4d6dbea-1822-4b70-8c53-27f26b3252aa,healthy,healthy,[],disease-level (provisional),research-only,unsupported,train,skin,unknown,C,,0.0,0.0,0.0,0.0,0.0,0.0,0.0,0.0,[],train
06efa2ce-df76-4214-906c-3dae432db157,Kaggle,C:\Users\ESSAKKI RAJA T  EV\OneDrive\Desktop\DB PAWPHILE\archive\test\demodicosis\P36_png_jpg.rf.5ce9c3e21813045633454edd7b2f5e78.jpg,1079,1c4674a6-8dd3-48c1-b10e-daa0d74b2396,demodicosis,demodicosis,"[""alopecia"", ""erythema"", ""crust""]",disease-level (provisional),research-only,unsupported,test,skin,unknown,C,,1.0,1.0,1.0,0.0,0.0,0.0,0.0,0.0,"['alopecia', 'erythema', 'crust']",train
9271c21c-2c58-41dc-86c3-4d74fcfe554f,Multispectral,C:\Users\ESSAKKI RAJA T  EV\OneDrive\Desktop\DB PAWPHILE\Classification of pet dog skin diseases using deep learning with images captured from multispectral imaging device\5dbht54kw7-1\dog210610_04_02_14\pic2.jpg,86,bf1bf9bd-4118-4c0d-9a3b-8d56d9accdee,unknown,unknown,[],disease-level (provisional),research-only,unsupported,none,skin,pic2.jpg,B,,0.0,0.0,0.0,0.0,0.0,0.0,0.0,0.0,[],train
e0f89d2b-f6b7-4a88-8696-1b01e933a186,Kaggle,C:\Users\ESSAKKI RAJA T  EV\OneDrive\Desktop\DB PAWPHILE\archive\valid\demodicosis\2024-05-13-134023_4_jpg.rf.85ae9b3756b6bd1b81427f2ef3208085.jpg,581,3d8a11b0-51ff-40ae-85c3-7fff8b0e5476,demodicosis,demodicosis,"[""alopecia"", ""erythema"", ""crust""]",disease-level (provisional),research-only,unsupported,valid,skin,unknown,C,,1.0,1.0,1.0,0.0,0.0,0.0,0.0,0.0,"['alopecia', 'erythema', 'crust']",train
de214a05-af39-45e1-aca0-47d999e222da,Roboflow,C:\Users\ESSAKKI RAJA T  EV\OneDrive\Desktop\DB PAWPHILE\Dog Skin Disease Dataset.v2i.folder\train\fungal infection\fungal_138_jpg.rf.57c03cef3cdb3795334cd909f6631a8b.jpg,562,ec67052f-1e61-402c-b726-11a0400f636e,fungal infection,fungal infection,"[""alopecia"", ""scaling""]",disease-level (provisional),research-only,unsupported,train,skin,unknown,C,,0.0,1.0,0.0,1.0,0.0,0.0,0.0,0.0,"['alopecia', 'scaling']",train
0185c3f1-43c6-4084-b0c9-b8a7faffda32,Kaggle,C:\Users\ESSAKKI RAJA T  EV\OneDrive\Desktop\DB PAWPHILE\archive\test\ringworm\436639986_413245831496612_2113964065260756871_n_jpg.rf.af20942a9b650ac72f8675e5c996d28a.jpg,1016,8a225550-c31f-4b39-b78c-f7e909f00874,ringworm,fungal infection,"[""alopecia"", ""scaling""]",disease-level (provisional),research-only,unsupported,test,skin,unknown,C,,0.0,1.0,0.0,1.0,0.0,0.0,0.0,0.0,"['alopecia', 'scaling']",train
fda1cdbb-7588-4e83-8630-eaad019e6d9f,Kaggle,C:\Users\ESSAKKI RAJA T  EV\OneDrive\Desktop\DB PAWPHILE\archive\train\Dermatitis\50_jpg.rf.1e2911152f696862c27d24937fcc812d.jpg,1754,529417a0-76d4-46bf-9395-e8ed2070c6c8,Dermatitis,nonspecific dermatitis,"[""erythema"", ""scaling""]",disease-level (provisional),research-only,unsupported,train,skin,unknown,C,,1.0,0.0,0.0,1.0,0.0,0.0,0.0,0.0,"['erythema', 'scaling']",train
8d7f9192-7b0f-4968-a8c6-47b5edbed169,Kaggle,C:\Users\ESSAKKI RAJA T  EV\OneDrive\Desktop\DB PAWPHILE\archive\train\demodicosis\D123_png_jpg.rf.62edf505fa7ced8c41eb96e044973cd7.jpg,865,8a13a2ca-b56e-4e95-8255-5c94d3a020cf,demodicosis,demodicosis,"[""alopecia"", ""erythema"", ""crust""]",disease-level (provisional),research-only,unsupported,train,skin,unknown,C,,1.0,1.0,1.0,0.0,0.0,0.0,0.0,0.0,"['alopecia', 'erythema', 'crust']",train
6f148802-779d-4c1f-baf5-6a97e157e941,Kaggle,C:\Users\ESSAKKI RAJA T  EV\OneDrive\Desktop\DB PAWPHILE\archive\valid\ringworm\R10_png_jpg.rf.9976d774e53203d03a30161dbcc9057f.jpg,639,9a78ed05-309b-4351-aa23-8d138c4146cb,ringworm,fungal infection,"[""alopecia"", ""scaling""]",disease-level (provisional),research-only,unsupported,valid,skin,unknown,C,,0.0,1.0,0.0,1.0,0.0,0.0,0.0,0.0,"['alopecia', 'scaling']",train
f43575dd-d4a5-43a2-9d2b-13694d1a4b2e,Kaggle,C:\Users\ESSAKKI RAJA T  EV\OneDrive\Desktop\DB PAWPHILE\archive\train\Healthy\HEALTHY_022_jpg.rf.a15a58c8f63517f351f8ec9aca393689.jpg,1908,a1b21813-086c-4efb-bef8-da23dec7c7ed,Healthy,healthy,[],disease-level (provisional),research-only,unsupported,train,skin,unknown,C,,0.0,0.0,0.0,0.0,0.0,0.0,0.0,0.0,[],train
91a04278-ec71-43d1-84ec-ac74fd10448e,Roboflow,C:\Users\ESSAKKI RAJA T  EV\OneDrive\Desktop\DB PAWPHILE\Dog Skin Disease Dataset.v2i.folder\valid\bacterial dermatosis\bacterial_21_jpg.rf.2b2b8f7298edc660910029d82a75bd00.jpg,1049,f056e217-5f80-4715-b4d1-341b72c4955b,bacterial dermatosis,bacterial dermatosis,"[""erythema"", ""pustule"", ""crust""]",disease-level (provisional),research-only,unsupported,valid,skin,unknown,C,,1.0,0.0,1.0,0.0,0.0,0.0,1.0,0.0,"['erythema', 'pustule', 'crust']",train
73fe6733-0a85-4e0b-8888-b4ed1242039b,Roboflow,C:\Users\ESSAKKI RAJA T  EV\OneDrive\Desktop\DB PAWPHILE\Dog Skin Disease Dataset.v2i.folder\valid\hypersensitivity dermatitis\hypersensitivity_412_jpg.rf.937861b4f9ce6c7d25b5caeb637faf73.jpg,937,14ca13c4-1cd2-44ee-b2ea-fe834f9f638e,hypersensitivity dermatitis,hypersensitivity / allergic dermatitis,"[""erythema"", ""lichenification""]",disease-level (provisional),research-only,unsupported,valid,skin,unknown,C,,1.0,0.0,0.0,0.0,0.0,0.0,0.0,1.0,"['erythema', 'lichenification']",train
21fabe0f-4ea4-4acd-8a3c-75c45d657631,Kaggle,C:\Users\ESSAKKI RAJA T  EV\OneDrive\Desktop\DB PAWPHILE\archive\valid\demodicosis\P11_png_jpg.rf.bb753ae8922fc00015e9e7c340a1138c.jpg,574,7f783a71-b809-459b-b525-a9911b5709e0,demodicosis,demodicosis,"[""alopecia"", ""erythema"", ""crust""]",disease-level (provisional),research-only,unsupported,valid,skin,unknown,C,,1.0,1.0,1.0,0.0,0.0,0.0,0.0,0.0,"['alopecia', 'erythema', 'crust']",train
b091a207-0348-4d35-8911-6fbc2a9d9c58,Kaggle,C:\Users\ESSAKKI RAJA T  EV\OneDrive\Desktop\DB PAWPHILE\archive\test\Dermatitis\HOT-SPOT-IN-DOG-HOW-vet-treated-symptom-prevention_-flea-bite-moist-eczema_dog-itching-000151_png_jpg.rf.e2d0eec8ccb98e6664e69b78acd03c5e.jpg,1747,fba0d729-af18-4abd-8d9d-be2f60bc1589,Dermatitis,nonspecific dermatitis,"[""erythema"", ""scaling""]",disease-level (provisional),research-only,unsupported,test,skin,unknown,C,,1.0,0.0,0.0,1.0,0.0,0.0,0.0,0.0,"['erythema', 'scaling']",train
74958283-06f4-460a-9987-2c5a8892860d,Kaggle,C:\Users\ESSAKKI RAJA T  EV\OneDrive\Desktop\DB PAWPHILE\archive\test\Dermatitis\HOT-SPOT-IN-DOG-HOW-vet-treated-symptom-prevention_-flea-bite-moist-eczema_dog-itching-000483_png_jpg.rf.5027f0f14f87bd0a05c277d1ebb2383d.jpg,1041,e166333f-2af0-4558-9234-ab927696d6d8,Dermatitis,nonspecific dermatitis,"[""erythema"", ""scaling""]",disease-level (provisional),research-only,unsupported,test,skin,unknown,C,,1.0,0.0,0.0,1.0,0.0,0.0,0.0,0.0,"['erythema', 'scaling']",train
5387a910-ca8a-4d9c-ac42-fea25ce06cf4,Kaggle,C:\Users\ESSAKKI RAJA T  EV\OneDrive\Desktop\DB PAWPHILE\archive\train\Fungal_infections\FUNGAL-INFECTION_061_jpg.rf.36c120ecf0cd07ff118c284e55015af0.jpg,1445,786e5e0d-59ae-4e70-aa65-2ca56737a032,Fungal_infections,fungal infection,"[""alopecia"", ""scaling""]",disease-level (provisional),research-only,unsupported,train,skin,unknown,C,,0.0,1.0,0.0,1.0,0.0,0.0,0.0,0.0,"['alopecia', 'scaling']",train
43a9b912-47ba-448a-8200-a4fb90d0fb4c,Kaggle,C:\Users\ESSAKKI RAJA T  EV\OneDrive\Desktop\DB PAWPHILE\archive\train\Dermatitis\HOT-SPOT-IN-DOG-HOW-vet-treated-symptom-prevention_-flea-bite-moist-eczema_dog-itching-000152_png_jpg.rf.1588f13aa741440f81b9b55feb7392e6.jpg,92,d818ca7b-2806-4e6d-b618-3344af73a9f1,Dermatitis,nonspecific dermatitis,"[""erythema"", ""scaling""]",disease-level (provisional),research-only,unsupported,train,skin,unknown,C,,1.0,0.0,0.0,1.0,0.0,0.0,0.0,0.0,"['erythema', 'scaling']",train
478e596e-5fa5-49e0-8afb-e91666f34fba,Kaggle,C:\Users\ESSAKKI RAJA T  EV\OneDrive\Desktop\DB PAWPHILE\archive\test\ringworm\Day-28-of-ringworm-treatment_00151_jpg.rf.e6c3d5786a9247effcd9fc216014724e.jpg,519,1693949c-e1da-45a3-86bf-1ca674583892,ringworm,fungal infection,"[""alopecia"", ""scaling""]",disease-level (provisional),research-only,unsupported,test,skin,unknown,C,,0.0,1.0,0.0,1.0,0.0,0.0,0.0,0.0,"['alopecia', 'scaling']",train
71459b12-9a37-41eb-b0c8-37bba7051ba4,Kaggle,C:\Users\ESSAKKI RAJA T  EV\OneDrive\Desktop\DB PAWPHILE\archive\train\ringworm\WIN_20240514_17_44_52_Pro_jpg.rf.1b29edeba874fd1b9c8f1016de55f202.jpg,1931,8066d7bc-bdc6-4196-b5f1-7cbf58e8fd52,ringworm,fungal infection,"[""alopecia"", ""scaling""]",disease-level (provisional),research-only,unsupported,train,skin,unknown,C,,0.0,1.0,0.0,1.0,0.0,0.0,0.0,0.0,"['alopecia', 'scaling']",train
b947514d-a7a5-4b83-bdbf-46011a5c2bac,Kaggle,C:\Users\ESSAKKI RAJA T  EV\OneDrive\Desktop\DB PAWPHILE\archive\train\demodicosis\P50_jpg.rf.a2884abff4cd805e97aa0a0cdd87ab02.jpg,309,80dc886a-c79c-46b2-ad89-87566ad42b8d,demodicosis,demodicosis,"[""alopecia"", ""erythema"", ""crust""]",disease-level (provisional),research-only,unsupported,train,skin,unknown,C,,1.0,1.0,1.0,0.0,0.0,0.0,0.0,0.0,"['alopecia', 'erythema', 'crust']",train
2171c53a-a343-4c1f-90d1-f29cb69789df,Kaggle,C:\Users\ESSAKKI RAJA T  EV\OneDrive\Desktop\DB PAWPHILE\archive\valid\demodicosis\2024-05-13-164346_1_jpg.rf.a1f38a32649675d4d7784ced8415ffa3.jpg,1243,d34acf57-4932-44c9-8651-dd67e430c058,demodicosis,demodicosis,"[""alopecia"", ""erythema"", ""crust""]",disease-level (provisional),research-only,unsupported,valid,skin,unknown,C,,1.0,1.0,1.0,0.0,0.0,0.0,0.0,0.0,"['alopecia', 'erythema', 'crust']",train
e2ff07d9-782e-488e-acf6-167484e83aaa,Roboflow,C:\Users\ESSAKKI RAJA T  EV\OneDrive\Desktop\DB PAWPHILE\Dog Skin Disease Dataset.v2i.folder\train\bacterial dermatosis\bacterial_82_jpg.rf.8da1972a146278e98b766817b26f424e.jpg,1628,ab8abe4a-1db7-4809-842f-ab91d95b2fbf,bacterial dermatosis,bacterial dermatosis,"[""erythema"", ""pustule"", ""crust""]",disease-level (provisional),research-only,unsupported,train,skin,unknown,C,,1.0,0.0,1.0,0.0,0.0,0.0,1.0,0.0,"['erythema', 'pustule', 'crust']",train
fd1e278e-562a-48d5-b05b-f32d47d5a18e,Roboflow,C:\Users\ESSAKKI RAJA T  EV\OneDrive\Desktop\DB PAWPHILE\Dog Skin Disease Dataset.v2i.folder\valid\bacterial dermatosis\bacterial_281_jpg.rf.4128562b745a9572435accc776e1eca8.jpg,1920,42b06370-2376-4875-80f3-824dcfda8c2f,bacterial dermatosis,bacterial dermatosis,"[""erythema"", ""pustule"", ""crust""]",disease-level (provisional),research-only,unsupported,valid,skin,unknown,C,,1.0,0.0,1.0,0.0,0.0,0.0,1.0,0.0,"['erythema', 'pustule', 'crust']",train
65425e61-7ee1-434b-88d7-8f612b1a776c,Roboflow,C:\Users\ESSAKKI RAJA T  EV\OneDrive\Desktop\DB PAWPHILE\Dog Skin Disease Dataset.v2i.folder\train\bacterial dermatosis\bacterial_derm_18_jpg.rf.2f8480a2617e2bb717d38f721bdd637d.jpg,251,0a209b9c-1866-479e-b986-26709e1cdba3,bacterial dermatosis,bacterial dermatosis,"[""erythema"", ""pustule"", ""crust""]",disease-level (provisional),research-only,unsupported,train,skin,unknown,C,,1.0,0.0,1.0,0.0,0.0,0.0,1.0,0.0,"['erythema', 'pustule', 'crust']",train
644e438c-d437-489e-8335-eddee7e745bb,Roboflow,C:\Users\ESSAKKI RAJA T  EV\OneDrive\Desktop\DB PAWPHILE\Dog Skin Disease Dataset.v2i.folder\train\bacterial dermatosis\bacterial_5_jpg.rf.9ddc8e72ae585647792b2dc66215173f.jpg,1689,e557fa81-e604-4738-a72c-5aacbf1d13db,bacterial dermatosis,bacterial dermatosis,"[""erythema"", ""pustule"", ""crust""]",disease-level (provisional),research-only,unsupported,train,skin,unknown,C,,1.0,0.0,1.0,0.0,0.0,0.0,1.0,0.0,"['erythema', 'pustule', 'crust']",train
48bb62a5-e534-40f8-a417-a3c49f4435bc,Kaggle,C:\Users\ESSAKKI RAJA T  EV\OneDrive\Desktop\DB PAWPHILE\archive\train\Healthy\Image_20_jpg.rf.87b28e69485c2c214be188c40097b86c.jpg,465,d2d0dd48-e269-4621-b527-f6ac3daa0674,Healthy,healthy,[],disease-level (provisional),research-only,unsupported,train,skin,unknown,C,,0.0,0.0,0.0,0.0,0.0,0.0,0.0,0.0,[],train
39989d76-4d2c-4492-989b-02bbe35c67e9,Roboflow,C:\Users\ESSAKKI RAJA T  EV\OneDrive\Desktop\DB PAWPHILE\Dog Skin Disease Dataset.v2i.folder\train\bacterial dermatosis\bacterial_65_jpg.rf.194ece90a2e3c85c14be7c9ee636ee22.jpg,573,a6ff0071-5fe2-4b01-9174-171f42c1bb8a,bacterial dermatosis,bacterial dermatosis,"[""erythema"", ""pustule"", ""crust""]",disease-level (provisional),research-only,unsupported,train,skin,unknown,C,,1.0,0.0,1.0,0.0,0.0,0.0,1.0,0.0,"['erythema', 'pustule', 'crust']",train
a62d4688-4214-4009-8cb9-0bd610353e66,Roboflow,C:\Users\ESSAKKI RAJA T  EV\OneDrive\Desktop\DB PAWPHILE\Dog Skin Disease Dataset.v2i.folder\test\hypersensitivity dermatitis\hypersensitivity_65_jpg.rf.408d41dfbef54a9d3d51871eafe2383b.jpg,420,cc55d2e5-f914-4d78-88c7-a613f8e8eb22,hypersensitivity dermatitis,hypersensitivity / allergic dermatitis,"[""erythema"", ""lichenification""]",disease-level (provisional),research-only,unsupported,test,skin,unknown,C,,1.0,0.0,0.0,0.0,0.0,0.0,0.0,1.0,"['erythema', 'lichenification']",train
c842f38b-44fc-408a-9e9c-10b3ee58ae9b,Kaggle,C:\Users\ESSAKKI RAJA T  EV\OneDrive\Desktop\DB PAWPHILE\archive\test\demodicosis\IMG_5241_jpeg_jpg.rf.63fea35d0a45181435d6787740966476.jpg,935,d36a8871-2090-4ca8-8caf-a650022278eb,demodicosis,demodicosis,"[""alopecia"", ""erythema"", ""crust""]",disease-level (provisional),research-only,unsupported,test,skin,unknown,C,,1.0,1.0,1.0,0.0,0.0,0.0,0.0,0.0,"['alopecia', 'erythema', 'crust']",train
56e532f3-fa0f-46ec-a433-5bbf099811fa,Kaggle,C:\Users\ESSAKKI RAJA T  EV\OneDrive\Desktop\DB PAWPHILE\archive\test\Fungal_infections\FUNGAL-INFECTION_047_png_jpg.rf.4ec7eb8c67e8066ed2e7e44de895cd67.jpg,664,34d493a5-ce21-4eca-8c21-bca8a7a8e111,Fungal_infections,fungal infection,"[""alopecia"", ""scaling""]",disease-level (provisional),research-only,unsupported,test,skin,unknown,C,,0.0,1.0,0.0,1.0,0.0,0.0,0.0,0.0,"['alopecia', 'scaling']",train
f79a7f12-7bf8-4266-bfb5-239df4be7f15,Roboflow,C:\Users\ESSAKKI RAJA T  EV\OneDrive\Desktop\DB PAWPHILE\Dog Skin Disease Dataset.v2i.folder\valid\hypersensitivity dermatitis\hypersensitivity_derm21_jpg.rf.b4ef5b97a1d69055b8be828fb7aeb37d.jpg,1198,8b3e2bc4-818d-4a2f-9f1c-1d531dd88860,hypersensitivity dermatitis,hypersensitivity / allergic dermatitis,"[""erythema"", ""lichenification""]",disease-level (provisional),research-only,unsupported,valid,skin,unknown,C,,1.0,0.0,0.0,0.0,0.0,0.0,0.0,1.0,"['erythema', 'lichenification']",train
929650e3-48ea-49cc-8488-92a5769d3027,Roboflow,C:\Users\ESSAKKI RAJA T  EV\OneDrive\Desktop\DB PAWPHILE\Dog Skin Disease Dataset.v2i.folder\test\fungal infection\fungal_334_jpg.rf.aad72ad6a4d7e8bac7f44ebf5b1d81f6.jpg,887,6a8bfa7a-47a6-49c4-b25c-2e5e9c11286f,fungal infection,fungal infection,"[""alopecia"", ""scaling""]",disease-level (provisional),research-only,unsupported,test,skin,unknown,C,,0.0,1.0,0.0,1.0,0.0,0.0,0.0,0.0,"['alopecia', 'scaling']",train
5d17eec7-8129-4461-814b-09a0158a1a5a,Kaggle,C:\Users\ESSAKKI RAJA T  EV\OneDrive\Desktop\DB PAWPHILE\archive\train\Dermatitis\food_allergy_dermatitis_4935_5_600_jpg.rf.41c1d44b90fc0e181db0b5c2e9e52f7a.jpg,275,f8f44fd1-a26e-4771-80b2-27116b59979d,Dermatitis,nonspecific dermatitis,"[""erythema"", ""scaling""]",disease-level (provisional),research-only,unsupported,train,skin,unknown,C,,1.0,0.0,0.0,1.0,0.0,0.0,0.0,0.0,"['erythema', 'scaling']",train
6206dadb-9451-42f5-b220-9418d8b81a7c,Roboflow,C:\Users\ESSAKKI RAJA T  EV\OneDrive\Desktop\DB PAWPHILE\Dog Skin Disease Dataset.v2i.folder\test\fungal infection\fungal_inf_7_jpg.rf.f0d9c6f92ce31033a5242f47b6c26d75.jpg,404,c850dc91-220a-4867-b166-133f54e1f00f,fungal infection,fungal infection,"[""alopecia"", ""scaling""]",disease-level (provisional),research-only,unsupported,test,skin,unknown,C,,0.0,1.0,0.0,1.0,0.0,0.0,0.0,0.0,"['alopecia', 'scaling']",train
a7829563-f3bc-48c2-8445-69e467b89fca,Roboflow,C:\Users\ESSAKKI RAJA T  EV\OneDrive\Desktop\DB PAWPHILE\Dog Skin Disease Dataset.v2i.folder\test\hypersensitivity dermatitis\hypersensitivity_7_jpg.rf.324a0f634001ea5a93b39e8bef4580b2.jpg,1310,5a52a599-e09b-4965-bd99-6f76bc9f7e1e,hypersensitivity dermatitis,hypersensitivity / allergic dermatitis,"[""erythema"", ""lichenification""]",disease-level (provisional),research-only,unsupported,test,skin,unknown,C,,1.0,0.0,0.0,0.0,0.0,0.0,0.0,1.0,"['erythema', 'lichenification']",train
5755ea51-80de-48e1-8024-7969dabfdd05,Kaggle,C:\Users\ESSAKKI RAJA T  EV\OneDrive\Desktop\DB PAWPHILE\archive\test\Hypersensitivity\hs5_jpg.rf.81cabb67163129aef2b4e2815c2a72fc.jpg,669,5b4a8439-54fb-4514-a6e4-a4210ec9e2c0,Hypersensitivity,hypersensitivity / allergic dermatitis,"[""erythema"", ""lichenification""]",disease-level (provisional),research-only,unsupported,test,skin,unknown,C,,1.0,0.0,0.0,0.0,0.0,0.0,0.0,1.0,"['erythema', 'lichenification']",train
076a75ef-185f-4a27-968f-3b377dac9c56,Kaggle,C:\Users\ESSAKKI RAJA T  EV\OneDrive\Desktop\DB PAWPHILE\archive\test\demodicosis\2024-05-13-134316_1_jpg.rf.da4668017a76fc7640e5c8de86b9a48f.jpg,656,22f579a4-a4a5-4530-9c24-452b50487fa4,demodicosis,demodicosis,"[""alopecia"", ""erythema"", ""crust""]",disease-level (provisional),research-only,unsupported,test,skin,unknown,C,,1.0,1.0,1.0,0.0,0.0,0.0,0.0,0.0,"['alopecia', 'erythema', 'crust']",train
d6be441c-0bb1-411f-bb24-4711aeb0a5be,Kaggle,C:\Users\ESSAKKI RAJA T  EV\OneDrive\Desktop\DB PAWPHILE\archive\test\Fungal_infections\FUNGAL-INFECTION_062_jpg.rf.fcd209738ba1349da4c01ec38133950a.jpg,1292,d297cc14-2dd1-42d8-b503-792936cb80c8,Fungal_infections,fungal infection,"[""alopecia"", ""scaling""]",disease-level (provisional),research-only,unsupported,test,skin,unknown,C,,0.0,1.0,0.0,1.0,0.0,0.0,0.0,0.0,"['alopecia', 'scaling']",train
22699227-2d5b-4bc2-bd72-e796cc7c30f8,Roboflow,C:\Users\ESSAKKI RAJA T  EV\OneDrive\Desktop\DB PAWPHILE\Dog Skin Disease Dataset.v2i.folder\train\hypersensitivity dermatitis\hypersensitivity_145_jpg.rf.a74240958c64d54c3d1b3bc8b4017751.jpg,854,5a77dca8-6cf6-4861-a2ec-017889f835de,hypersensitivity dermatitis,hypersensitivity / allergic dermatitis,"[""erythema"", ""lichenification""]",disease-level (provisional),research-only,unsupported,train,skin,unknown,C,,1.0,0.0,0.0,0.0,0.0,0.0,0.0,1.0,"['erythema', 'lichenification']",train
08c708cc-a58b-43f0-baaa-ef4c63f8bc99,Kaggle,C:\Users\ESSAKKI RAJA T  EV\OneDrive\Desktop\DB PAWPHILE\archive\train\ringworm\436690070_400352989482816_2231845472517013715_n_jpg.rf.8fb14e324aa87f76d87c3ac42db29490.jpg,1395,ef30717f-058e-4776-84ab-d2af84fe42ed,ringworm,fungal infection,"[""alopecia"", ""scaling""]",disease-level (provisional),research-only,unsupported,train,skin,unknown,C,,0.0,1.0,0.0,1.0,0.0,0.0,0.0,0.0,"['alopecia', 'scaling']",train
b17a3268-b0ef-4cd9-b5df-00fb561bc748,Roboflow,C:\Users\ESSAKKI RAJA T  EV\OneDrive\Desktop\DB PAWPHILE\Dog Skin Disease Dataset.v2i.folder\valid\fungal infection\fungal_240_jpg.rf.f761990a3119031604e86810d5fad428.jpg,1666,93d03f58-547f-4bcb-be35-c394561a6146,fungal infection,fungal infection,"[""alopecia"", ""scaling""]",disease-level (provisional),research-only,unsupported,valid,skin,unknown,C,,0.0,1.0,0.0,1.0,0.0,0.0,0.0,0.0,"['alopecia', 'scaling']",train
d12bf092-279b-43a6-994f-e14f912a6dc5,Kaggle,C:\Users\ESSAKKI RAJA T  EV\OneDrive\Desktop\DB PAWPHILE\archive\valid\demodicosis\1-66-_png_jpg.rf.df1fa7b40c2869441d70eb87298aac2c.jpg,536,e7d9b105-3e7c-4321-b26f-7eba07fff5e3,demodicosis,demodicosis,"[""alopecia"", ""erythema"", ""crust""]",disease-level (provisional),research-only,unsupported,valid,skin,unknown,C,,1.0,1.0,1.0,0.0,0.0,0.0,0.0,0.0,"['alopecia', 'erythema', 'crust']",train
71d10ea4-c190-4af7-9436-3bd58c9c0ddf,Kaggle,C:\Users\ESSAKKI RAJA T  EV\OneDrive\Desktop\DB PAWPHILE\archive\test\ringworm\1000010566_x16_jpg.rf.c3d09bb07234f50bce594366bdac66ae.jpg,1536,a6cd4b18-3733-40ef-9f73-163fb6de1285,ringworm,fungal infection,"[""alopecia"", ""scaling""]",disease-level (provisional),research-only,unsupported,test,skin,unknown,C,,0.0,1.0,0.0,1.0,0.0,0.0,0.0,0.0,"['alopecia', 'scaling']",train
76202545-e47b-446d-a618-894c98f898ac,Kaggle,C:\Users\ESSAKKI RAJA T  EV\OneDrive\Desktop\DB PAWPHILE\archive\test\ringworm\WIN_20240514_17_25_32_Pro_jpg.rf.9ba63b6c4c5109cb9d821fab6aba2232.jpg,325,f82cd505-a034-41eb-81c7-29afdac8d26d,ringworm,fungal infection,"[""alopecia"", ""scaling""]",disease-level (provisional),research-only,unsupported,test,skin,unknown,C,,0.0,1.0,0.0,1.0,0.0,0.0,0.0,0.0,"['alopecia', 'scaling']",train
33079df8-e5b2-4502-9ce9-e2b7ddbb60ab,Kaggle,C:\Users\ESSAKKI RAJA T  EV\OneDrive\Desktop\DB PAWPHILE\archive\test\Healthy\dogs_278_jpg.rf.7ec294993bdda0bb66dff0876675d4e9.jpg,540,bf778499-08be-4c00-8c81-9a13f5ab5b59,Healthy,healthy,[],disease-level (provisional),research-only,unsupported,test,skin,unknown,C,,0.0,0.0,0.0,0.0,0.0,0.0,0.0,0.0,[],train
cbc697ea-dfe1-438a-b6f2-4fa942d3afd8,Roboflow,C:\Users\ESSAKKI RAJA T  EV\OneDrive\Desktop\DB PAWPHILE\Dog Skin Disease Dataset.v2i.folder\train\bacterial dermatosis\bacterial_derm_2_jpg.rf.b16d4e2536e897c39861ad5661476aa3.jpg,1143,638ecf8b-6b36-4600-80ad-373fc95d85a0,bacterial dermatosis,bacterial dermatosis,"[""erythema"", ""pustule"", ""crust""]",disease-level (provisional),research-only,unsupported,train,skin,unknown,C,,1.0,0.0,1.0,0.0,0.0,0.0,1.0,0.0,"['erythema', 'pustule', 'crust']",train
c21ca754-1a86-42e1-8edd-1cf3bc11a557,Kaggle,C:\Users\ESSAKKI RAJA T  EV\OneDrive\Desktop\DB PAWPHILE\archive\valid\Dermatitis\hotspot-49-_jpg.rf.7432104c5b2c2c65cae666e749c4173c.jpg,430,abf8e550-69b3-4a5e-a697-769e9a4f8054,Dermatitis,nonspecific dermatitis,"[""erythema"", ""scaling""]",disease-level (provisional),research-only,unsupported,valid,skin,unknown,C,,1.0,0.0,0.0,1.0,0.0,0.0,0.0,0.0,"['erythema', 'scaling']",train
0222ea1b-aed8-4b5c-8b4e-0700f7c90f11,Roboflow,C:\Users\ESSAKKI RAJA T  EV\OneDrive\Desktop\DB PAWPHILE\Dog Skin Disease Dataset.v2i.folder\test\healthy\healthy_175_jpg.rf.1399d095624b4e9cc2b055aee39ba5b7.jpg,911,59e20c8f-b208-4c76-8f05-6227d157ea29,healthy,healthy,[],disease-level (provisional),research-only,unsupported,test,skin,unknown,C,,0.0,0.0,0.0,0.0,0.0,0.0,0.0,0.0,[],train
1d44ceac-b4eb-4b83-aefa-3d462c5b81ae,Roboflow,C:\Users\ESSAKKI RAJA T  EV\OneDrive\Desktop\DB PAWPHILE\Dog Skin Disease Dataset.v2i.folder\train\healthy\healthy_16_jpg.rf.042880af09649e8858ca0ea8e25e0da6.jpg,945,1b6f4d76-5e1b-400d-bb2d-30f13507b18a,healthy,healthy,[],disease-level (provisional),research-only,unsupported,train,skin,unknown,C,,0.0,0.0,0.0,0.0,0.0,0.0,0.0,0.0,[],train
f8527646-47ea-4302-b399-7077385804bd,Kaggle,C:\Users\ESSAKKI RAJA T  EV\OneDrive\Desktop\DB PAWPHILE\archive\valid\Dermatitis\May-is-allergy-awareness-month-here-at-The-Shot-Spot_00133_jpg.rf.81edc21535fdf3669123d67aa1227dc4.jpg,965,9d1b41a7-debf-4ca0-a53d-3d12bacef83d,Dermatitis,nonspecific dermatitis,"[""erythema"", ""scaling""]",disease-level (provisional),research-only,unsupported,valid,skin,unknown,C,,1.0,0.0,0.0,1.0,0.0,0.0,0.0,0.0,"['erythema', 'scaling']",train
6e7b6aa5-d083-4644-9cfa-c89157019993,Kaggle,C:\Users\ESSAKKI RAJA T  EV\OneDrive\Desktop\DB PAWPHILE\archive\valid\ringworm\WIN_20240514_17_26_56_Pro_jpg.rf.a16117c4799bec1421dc05538e8534bc.jpg,507,4f07113c-e8ff-411c-9aa8-5ebdcfa8995b,ringworm,fungal infection,"[""alopecia"", ""scaling""]",disease-level (provisional),research-only,unsupported,valid,skin,unknown,C,,0.0,1.0,0.0,1.0,0.0,0.0,0.0,0.0,"['alopecia', 'scaling']",train
13e533a3-53a3-4657-8ec8-b0326df61542,Kaggle,C:\Users\ESSAKKI RAJA T  EV\OneDrive\Desktop\DB PAWPHILE\archive\train\ringworm\NEWR51_png_jpg.rf.d7dd95ec9307cbd931889bef1c0e86d9.jpg,1932,2377c3cd-1e67-4731-aa75-239c7baaea5f,ringworm,fungal infection,"[""alopecia"", ""scaling""]",disease-level (provisional),research-only,unsupported,train,skin,unknown,C,,0.0,1.0,0.0,1.0,0.0,0.0,0.0,0.0,"['alopecia', 'scaling']",train
9d0f624d-7472-4f36-9288-242a32aa778a,Kaggle,C:\Users\ESSAKKI RAJA T  EV\OneDrive\Desktop\DB PAWPHILE\archive\valid\demodicosis\IMG_5157_jpeg_jpg.rf.3500d9974bec232070c3ba8066025d40.jpg,1378,5e662d31-ff57-478d-93a0-4111dcfdaa21,demodicosis,demodicosis,"[""alopecia"", ""erythema"", ""crust""]",disease-level (provisional),research-only,unsupported,valid,skin,unknown,C,,1.0,1.0,1.0,0.0,0.0,0.0,0.0,0.0,"['alopecia', 'erythema', 'crust']",train
2451a691-8e7f-413b-b11e-ba394b88bd42,Roboflow,C:\Users\ESSAKKI RAJA T  EV\OneDrive\Desktop\DB PAWPHILE\Dog Skin Disease Dataset.v2i.folder\train\healthy\healthy_225_jpg.rf.23e4c0c79c6d8634ff8352346abc607c.jpg,1113,aa3d5cc0-fc32-40fb-8eff-9def2397f2a8,healthy,healthy,[],disease-level (provisional),research-only,unsupported,train,skin,unknown,C,,0.0,0.0,0.0,0.0,0.0,0.0,0.0,0.0,[],train
4afe88d7-3662-4791-bf4c-259175ec994e,Kaggle,C:\Users\ESSAKKI RAJA T  EV\OneDrive\Desktop\DB PAWPHILE\archive\test\demodicosis\scabies_113_png_jpg.rf.5e5319f35048c5a6f297f117bd6be303.jpg,994,316fc5e9-0578-4c3a-a6ea-7fda98df7579,demodicosis,demodicosis,"[""alopecia"", ""erythema"", ""crust""]",disease-level (provisional),research-only,unsupported,test,skin,unknown,C,,1.0,1.0,1.0,0.0,0.0,0.0,0.0,0.0,"['alopecia', 'erythema', 'crust']",train
0e989b40-f8f6-41a6-bc2a-46cf550815d9,Kaggle,C:\Users\ESSAKKI RAJA T  EV\OneDrive\Desktop\DB PAWPHILE\archive\train\Fungal_infections\Fungal4_png_jpg.rf.e59b196809facb96694347ef5017e195.jpg,271,1b6c0e98-4852-4333-af39-6b7d80bba570,Fungal_infections,fungal infection,"[""alopecia"", ""scaling""]",disease-level (provisional),research-only,unsupported,train,skin,unknown,C,,0.0,1.0,0.0,1.0,0.0,0.0,0.0,0.0,"['alopecia', 'scaling']",train
ffb650d0-9319-4805-a100-88e91dfe3214,Kaggle,C:\Users\ESSAKKI RAJA T  EV\OneDrive\Desktop\DB PAWPHILE\archive\valid\demodicosis\IMG_5157_jpeg_jpg.rf.0f5a26b7bde25a49d86f856ca62c7c40.jpg,1496,84b3f25a-b785-41b1-802a-6ee3ff7d7f95,demodicosis,demodicosis,"[""alopecia"", ""erythema"", ""crust""]",disease-level (provisional),research-only,unsupported,valid,skin,unknown,C,,1.0,1.0,1.0,0.0,0.0,0.0,0.0,0.0,"['alopecia', 'erythema', 'crust']",train
8c283fdf-5f44-458d-b84b-a5f55734a0fe,Kaggle,C:\Users\ESSAKKI RAJA T  EV\OneDrive\Desktop\DB PAWPHILE\archive\valid\demodicosis\IMG_5157_jpeg_jpg.rf.b59324b69611fdf84659435dcc588c2c.jpg,808,7ef22ec4-196b-4402-bd9a-af7e3f37c429,demodicosis,demodicosis,"[""alopecia"", ""erythema"", ""crust""]",disease-level (provisional),research-only,unsupported,valid,skin,unknown,C,,1.0,1.0,1.0,0.0,0.0,0.0,0.0,0.0,"['alopecia', 'erythema', 'crust']",train
8f5a3dc4-089d-437c-a58e-050705d7c8ff,Roboflow,C:\Users\ESSAKKI RAJA T  EV\OneDrive\Desktop\DB PAWPHILE\Dog Skin Disease Dataset.v2i.folder\train\fungal infection\fungal_283_jpg.rf.1f42b2c32bd55e745a440876381d0558.jpg,266,f7c7323a-5306-40d3-9bcf-8bd7085680bd,fungal infection,fungal infection,"[""alopecia"", ""scaling""]",disease-level (provisional),research-only,unsupported,train,skin,unknown,C,,0.0,1.0,0.0,1.0,0.0,0.0,0.0,0.0,"['alopecia', 'scaling']",train
087d94d3-6c1e-4983-b7fe-f20e221dc175,Roboflow,C:\Users\ESSAKKI RAJA T  EV\OneDrive\Desktop\DB PAWPHILE\Dog Skin Disease Dataset.v2i.folder\train\hypersensitivity dermatitis\hypersensitivity_348_jpg.rf.5042b16aa4e5ac733cf0fd3a16a3d6ab.jpg,961,84965dfe-d084-4136-9d31-f67ae71ca43f,hypersensitivity dermatitis,hypersensitivity / allergic dermatitis,"[""erythema"", ""lichenification""]",disease-level (provisional),research-only,unsupported,train,skin,unknown,C,,1.0,0.0,0.0,0.0,0.0,0.0,0.0,1.0,"['erythema', 'lichenification']",train
1628a833-be85-4e6a-8995-2aec70f58051,Kaggle,C:\Users\ESSAKKI RAJA T  EV\OneDrive\Desktop\DB PAWPHILE\archive\valid\Dermatitis\1000010701_x16_jpg.rf.8e8b587b489abadc983204812fdee10b.jpg,432,d5372fd8-363f-4024-9181-7dfe688d2161,Dermatitis,nonspecific dermatitis,"[""erythema"", ""scaling""]",disease-level (provisional),research-only,unsupported,valid,skin,unknown,C,,1.0,0.0,0.0,1.0,0.0,0.0,0.0,0.0,"['erythema', 'scaling']",train
b44d6680-4674-4123-a9b9-84455077342d,Roboflow,C:\Users\ESSAKKI RAJA T  EV\OneDrive\Desktop\DB PAWPHILE\Dog Skin Disease Dataset.v2i.folder\train\hypersensitivity dermatitis\hypersensitivity_94_jpg.rf.768db99e227c4d5d49fbcb6085542ca6.jpg,497,51dcc46e-1334-400e-9e86-309ae086557e,hypersensitivity dermatitis,hypersensitivity / allergic dermatitis,"[""erythema"", ""lichenification""]",disease-level (provisional),research-only,unsupported,train,skin,unknown,C,,1.0,0.0,0.0,0.0,0.0,0.0,0.0,1.0,"['erythema', 'lichenification']",train
2354275b-e989-4afb-832c-b083750ff49c,Kaggle,C:\Users\ESSAKKI RAJA T  EV\OneDrive\Desktop\DB PAWPHILE\archive\test\ringworm\NEWR33_png_jpg.rf.5064d1d4750be97357d1c36c56cf394e.jpg,1697,b2495870-fe9e-488b-9e98-dda091c42d18,ringworm,fungal infection,"[""alopecia"", ""scaling""]",disease-level (provisional),research-only,unsupported,test,skin,unknown,C,,0.0,1.0,0.0,1.0,0.0,0.0,0.0,0.0,"['alopecia', 'scaling']",train
e9e61fb5-1d0e-4842-8d37-99bf471fe8b0,Kaggle,C:\Users\ESSAKKI RAJA T  EV\OneDrive\Desktop\DB PAWPHILE\archive\valid\Dermatitis\bac2_jpg.rf.d22eccfa8c1e76a8021b5fc4b9ec4141.jpg,283,5d18d710-4292-4554-ae53-45b6913dd48e,Dermatitis,nonspecific dermatitis,"[""erythema"", ""scaling""]",disease-level (provisional),research-only,unsupported,valid,skin,unknown,C,,1.0,0.0,0.0,1.0,0.0,0.0,0.0,0.0,"['erythema', 'scaling']",train
789b20f2-c578-4299-82be-e89e5a712a91,Roboflow,C:\Users\ESSAKKI RAJA T  EV\OneDrive\Desktop\DB PAWPHILE\Dog Skin Disease Dataset.v2i.folder\test\fungal infection\fungal_34_jpg.rf.bdae125f98ed1ae9516366c7cdc42b5b.jpg,1311,621a82a5-deba-404f-88e2-ebc46f11fe65,fungal infection,fungal infection,"[""alopecia"", ""scaling""]",disease-level (provisional),research-only,unsupported,test,skin,unknown,C,,0.0,1.0,0.0,1.0,0.0,0.0,0.0,0.0,"['alopecia', 'scaling']",train
3ee5619f-872b-4dc9-9358-562f07fa8409,Kaggle,C:\Users\ESSAKKI RAJA T  EV\OneDrive\Desktop\DB PAWPHILE\archive\valid\Dermatitis\Hot-Spot-on-_Chance_-How-to-treat-a-dog-that-you-can_t-touch_-000612_png_jpg.rf.648d99592bcf289d11686a36ea8adf31.jpg,875,a5455e71-61b0-477d-a90e-d18db8574890,Dermatitis,nonspecific dermatitis,"[""erythema"", ""scaling""]",disease-level (provisional),research-only,unsupported,valid,skin,unknown,C,,1.0,0.0,0.0,1.0,0.0,0.0,0.0,0.0,"['erythema', 'scaling']",train
7237b35f-3652-4923-8db9-166d324e2d0d,Kaggle,C:\Users\ESSAKKI RAJA T  EV\OneDrive\Desktop\DB PAWPHILE\archive\test\ringworm\WIN_20240514_17_41_56_Pro_jpg.rf.f4f67926e260ea9379ddf5dfe381a4bd.jpg,223,66f0d349-6a78-4189-9e37-7fab2a73c299,ringworm,fungal infection,"[""alopecia"", ""scaling""]",disease-level (provisional),research-only,unsupported,test,skin,unknown,C,,0.0,1.0,0.0,1.0,0.0,0.0,0.0,0.0,"['alopecia', 'scaling']",train
357d7849-ba74-429e-94c9-bac947638e3e,Kaggle,C:\Users\ESSAKKI RAJA T  EV\OneDrive\Desktop\DB PAWPHILE\archive\valid\Hypersensitivity\B9781416056638000070_f007-023-9781416056638_jpg.rf.497faeddaa4f4eb493967db054b4fb11.jpg,314,c330a569-67fb-4b64-a7c0-2fbd2161e774,Hypersensitivity,hypersensitivity / allergic dermatitis,"[""erythema"", ""lichenification""]",disease-level (provisional),research-only,unsupported,valid,skin,unknown,C,,1.0,0.0,0.0,0.0,0.0,0.0,0.0,1.0,"['erythema', 'lichenification']",train
b7cf5f30-27c6-40c8-83c3-a3f56420c4e1,Kaggle,C:\Users\ESSAKKI RAJA T  EV\OneDrive\Desktop\DB PAWPHILE\archive\valid\demodicosis\1-13-_jpg.rf.d802142f2b17b1bddf636328d745e7c2.jpg,1784,0906bd62-e98e-4e74-88a4-052054f98198,demodicosis,demodicosis,"[""alopecia"", ""erythema"", ""crust""]",disease-level (provisional),research-only,unsupported,valid,skin,unknown,C,,1.0,1.0,1.0,0.0,0.0,0.0,0.0,0.0,"['alopecia', 'erythema', 'crust']",train
4f88dc7b-2cdd-4e48-9406-1a208f8945ad,Kaggle,C:\Users\ESSAKKI RAJA T  EV\OneDrive\Desktop\DB PAWPHILE\archive\test\ringworm\R28_png_jpg.rf.8a785736a076d84f087f87c61a50fa5a.jpg,789,cc966619-7689-4840-bee1-3ddae2937e16,ringworm,fungal infection,"[""alopecia"", ""scaling""]",disease-level (provisional),research-only,unsupported,test,skin,unknown,C,,0.0,1.0,0.0,1.0,0.0,0.0,0.0,0.0,"['alopecia', 'scaling']",train
fe2af2f3-b014-454c-9160-dd534cad68be,Kaggle,C:\Users\ESSAKKI RAJA T  EV\OneDrive\Desktop\DB PAWPHILE\archive\test\ringworm\WIN_20240514_17_34_33_Pro_jpg.rf.eecce148bc18305d44e6f322125940f9.jpg,277,ef1fc314-94c7-4f83-ae4e-8fce7c891ce2,ringworm,fungal infection,"[""alopecia"", ""scaling""]",disease-level (provisional),research-only,unsupported,test,skin,unknown,C,,0.0,1.0,0.0,1.0,0.0,0.0,0.0,0.0,"['alopecia', 'scaling']",train
f516bcdf-122d-4f54-8eee-3a2f1119539f,Roboflow,C:\Users\ESSAKKI RAJA T  EV\OneDrive\Desktop\DB PAWPHILE\Dog Skin Disease Dataset.v2i.folder\train\fungal infection\fungal_238_jpg.rf.46ed0fd8c96855a50ce540cb43c425f6.jpg,1474,b81126ba-32ad-489e-bc92-3a86ee3ca522,fungal infection,fungal infection,"[""alopecia"", ""scaling""]",disease-level (provisional),research-only,unsupported,train,skin,unknown,C,,0.0,1.0,0.0,1.0,0.0,0.0,0.0,0.0,"['alopecia', 'scaling']",train
054d6005-651b-4692-866b-ba9d8be189f6,Roboflow,C:\Users\ESSAKKI RAJA T  EV\OneDrive\Desktop\DB PAWPHILE\Dog Skin Disease Dataset.v2i.folder\test\healthy\healthy_train_22_jpg.rf.37e5c29da56b10c92e1d4d03ef4dcb8b.jpg,1268,e2388308-c513-4aa3-89e9-28d423fdcb9f,healthy,healthy,[],disease-level (provisional),research-only,unsupported,test,skin,unknown,C,,0.0,0.0,0.0,0.0,0.0,0.0,0.0,0.0,[],train
ae1bb640-7a4b-416c-8d84-31e8a17e282a,Roboflow,C:\Users\ESSAKKI RAJA T  EV\OneDrive\Desktop\DB PAWPHILE\Dog Skin Disease Dataset.v2i.folder\test\fungal infection\fungal_275_jpg.rf.5ccf63e4ac5bcfdf5dba68f6c4da39b0.jpg,654,0583b5f4-7877-4075-ad25-eb81228ac512,fungal infection,fungal infection,"[""alopecia"", ""scaling""]",disease-level (provisional),research-only,unsupported,test,skin,unknown,C,,0.0,1.0,0.0,1.0,0.0,0.0,0.0,0.0,"['alopecia', 'scaling']",train
2239b660-d768-471e-99bf-8f3549163369,Roboflow,C:\Users\ESSAKKI RAJA T  EV\OneDrive\Desktop\DB PAWPHILE\Dog Skin Disease Dataset.v2i.folder\train\bacterial dermatosis\bacterial_229_jpg.rf.60e72ce1e282caf0a11c0cfb38f0aadc.jpg,1547,2bb9634f-a1a3-4dab-bbf4-a60a72bdf267,bacterial dermatosis,bacterial dermatosis,"[""erythema"", ""pustule"", ""crust""]",disease-level (provisional),research-only,unsupported,train,skin,unknown,C,,1.0,0.0,1.0,0.0,0.0,0.0,1.0,0.0,"['erythema', 'pustule', 'crust']",train
74cf89bf-897d-4bf5-9530-eb5bd07e9d92,Roboflow,C:\Users\ESSAKKI RAJA T  EV\OneDrive\Desktop\DB PAWPHILE\Dog Skin Disease Dataset.v2i.folder\train\fungal infection\fungal_378_jpg.rf.010ff35c7fbcd7de0eda95ad3c6c7316.jpg,284,dbba4475-15ff-465d-8864-928c010ae0cf,fungal infection,fungal infection,"[""alopecia"", ""scaling""]",disease-level (provisional),research-only,unsupported,train,skin,unknown,C,,0.0,1.0,0.0,1.0,0.0,0.0,0.0,0.0,"['alopecia', 'scaling']",train
e46c4e35-8ea9-4e35-a949-2bc7c37cafbf,Kaggle,C:\Users\ESSAKKI RAJA T  EV\OneDrive\Desktop\DB PAWPHILE\archive\test\Fungal_infections\FUNGAL-INFECTION_046_jpg.rf.8728ac449c080141d8b1b41e0e360fb9.jpg,1531,824b3960-cb2f-4c56-9e37-5796dbbc1d28,Fungal_infections,fungal infection,"[""alopecia"", ""scaling""]",disease-level (provisional),research-only,unsupported,test,skin,unknown,C,,0.0,1.0,0.0,1.0,0.0,0.0,0.0,0.0,"['alopecia', 'scaling']",train
361b3e54-aa29-40ae-afc0-9a4bf83dfe5b,Kaggle,C:\Users\ESSAKKI RAJA T  EV\OneDrive\Desktop\DB PAWPHILE\archive\valid\ringworm\NEWR27_png_jpg.rf.514655acabb68cd9753011dda1f0f276.jpg,1047,328815f5-1edc-46aa-a09a-c210239b825e,ringworm,fungal infection,"[""alopecia"", ""scaling""]",disease-level (provisional),research-only,unsupported,valid,skin,unknown,C,,0.0,1.0,0.0,1.0,0.0,0.0,0.0,0.0,"['alopecia', 'scaling']",train
f73dfd90-218e-4ea5-88e6-8473f604936e,Kaggle,C:\Users\ESSAKKI RAJA T  EV\OneDrive\Desktop\DB PAWPHILE\archive\train\Healthy\Image_9_jpg.rf.1f1a0648c08adc76c6e0e6838cf55535.jpg,163,40103ff9-ac3e-4dff-bf88-039dcac89c00,Healthy,healthy,[],disease-level (provisional),research-only,unsupported,train,skin,unknown,C,,0.0,0.0,0.0,0.0,0.0,0.0,0.0,0.0,[],train
f52838b3-de71-4da8-919e-9f465154ef0e,Kaggle,C:\Users\ESSAKKI RAJA T  EV\OneDrive\Desktop\DB PAWPHILE\archive\train\Dermatitis\May-is-allergy-awareness-month-here-at-The-Shot-Spot_00022_jpg.rf.bc229b2762641de9b8db093165349e14.jpg,837,c36be396-b2c2-4f8c-8e8a-d4bb50cfd0be,Dermatitis,nonspecific dermatitis,"[""erythema"", ""scaling""]",disease-level (provisional),research-only,unsupported,train,skin,unknown,C,,1.0,0.0,0.0,1.0,0.0,0.0,0.0,0.0,"['erythema', 'scaling']",train
6ac2edfc-710c-42b0-8a99-b9315118ec6a,Roboflow,C:\Users\ESSAKKI RAJA T  EV\OneDrive\Desktop\DB PAWPHILE\Dog Skin Disease Dataset.v2i.folder\valid\healthy\healthy_train_42_jpg.rf.69734e20bf1a30029b15473d5498a53b.jpg,597,903f9612-cd86-4446-89fb-73734bd6a6ec,healthy,healthy,[],disease-level (provisional),research-only,unsupported,valid,skin,unknown,C,,0.0,0.0,0.0,0.0,0.0,0.0,0.0,0.0,[],train
3cdfccd6-5253-4685-a2f4-63100c8e61d1,Roboflow,C:\Users\ESSAKKI RAJA T  EV\OneDrive\Desktop\DB PAWPHILE\Dog Skin Disease Dataset.v2i.folder\train\fungal infection\fungal_217_jpg.rf.7aa5bc28865dae6614ed820ac42b7860.jpg,561,f209ebd5-e9d4-42b0-9e11-bfb36e494ad9,fungal infection,fungal infection,"[""alopecia"", ""scaling""]",disease-level (provisional),research-only,unsupported,train,skin,unknown,C,,0.0,1.0,0.0,1.0,0.0,0.0,0.0,0.0,"['alopecia', 'scaling']",train
4c7f9e67-e157-47fb-ba06-f1479ca0960b,Roboflow,C:\Users\ESSAKKI RAJA T  EV\OneDrive\Desktop\DB PAWPHILE\Dog Skin Disease Dataset.v2i.folder\train\bacterial dermatosis\bacterial_385_jpg.rf.e28c9149e345e4fabd50b7d93d847b79.jpg,1832,4104199b-d778-4665-bc7a-d8f019901105,bacterial dermatosis,bacterial dermatosis,"[""erythema"", ""pustule"", ""crust""]",disease-level (provisional),research-only,unsupported,train,skin,unknown,C,,1.0,0.0,1.0,0.0,0.0,0.0,1.0,0.0,"['erythema', 'pustule', 'crust']",train
f876df58-20af-405a-9113-dfbe06eae62d,Roboflow,C:\Users\ESSAKKI RAJA T  EV\OneDrive\Desktop\DB PAWPHILE\Dog Skin Disease Dataset.v2i.folder\test\bacterial dermatosis\bacterial_387_jpg.rf.c080f38316ed7905b01a39d8967e875f.jpg,313,d27bc156-dfd1-4ab7-9430-990f77795765,bacterial dermatosis,bacterial dermatosis,"[""erythema"", ""pustule"", ""crust""]",disease-level (provisional),research-only,unsupported,test,skin,unknown,C,,1.0,0.0,1.0,0.0,0.0,0.0,1.0,0.0,"['erythema', 'pustule', 'crust']",train
a46cf25e-7d00-4484-b994-8ec2e913ea68,Roboflow,C:\Users\ESSAKKI RAJA T  EV\OneDrive\Desktop\DB PAWPHILE\Dog Skin Disease Dataset.v2i.folder\train\healthy\healthy_48_jpg.rf.b22aa81611cb218f54d0cbeb50ba9503.jpg,285,1e857fb3-d424-4c17-a5cb-ad784b8f77da,healthy,healthy,[],disease-level (provisional),research-only,unsupported,train,skin,unknown,C,,0.0,0.0,0.0,0.0,0.0,0.0,0.0,0.0,[],train
9abf5ae7-d922-4f57-84a7-822b4ebe69b3,Roboflow,C:\Users\ESSAKKI RAJA T  EV\OneDrive\Desktop\DB PAWPHILE\Dog Skin Disease Dataset.v2i.folder\train\healthy\healthy_69_jpg.rf.16fb6afcf13808ae8b1def07d2136086.jpg,1918,970bc824-86d6-464a-9e85-bfd5ed198841,healthy,healthy,[],disease-level (provisional),research-only,unsupported,train,skin,unknown,C,,0.0,0.0,0.0,0.0,0.0,0.0,0.0,0.0,[],train
d4b032ad-fd9c-4149-b608-3025df79c6bc,Kaggle,C:\Users\ESSAKKI RAJA T  EV\OneDrive\Desktop\DB PAWPHILE\archive\train\demodicosis\D134_png_jpg.rf.37f083f4cd9e06d8d555f216b15f050a.jpg,869,c4c23ed4-a86b-43b8-9820-36e60e95ae2e,demodicosis,demodicosis,"[""alopecia"", ""erythema"", ""crust""]",disease-level (provisional),research-only,unsupported,train,skin,unknown,C,,1.0,1.0,1.0,0.0,0.0,0.0,0.0,0.0,"['alopecia', 'erythema', 'crust']",train
d6dc1de1-1b7b-40a8-ac7e-5d0b78e0b2d1,Multispectral,C:\Users\ESSAKKI RAJA T  EV\OneDrive\Desktop\DB PAWPHILE\Classification of pet dog skin diseases using deep learning with images captured from multispectral imaging device\5dbht54kw7-1\Dog210629_09_02_13\pic2.jpg,73,bfd69efc-11b5-49de-b51d-78f21990531e,unknown,unknown,[],disease-level (provisional),research-only,unsupported,none,skin,pic2.jpg,B,,0.0,0.0,0.0,0.0,0.0,0.0,0.0,0.0,[],train
808eff1b-0093-4701-87bf-5c7e4a536c97,Kaggle,C:\Users\ESSAKKI RAJA T  EV\OneDrive\Desktop\DB PAWPHILE\archive\valid\demodicosis\2024-05-13-165025_jpg.rf.8e3d1ab3ac46bbdb4573044be9cbd546.jpg,1050,6dc19f15-19d9-48d0-83ba-9b7b2bc5091f,demodicosis,demodicosis,"[""alopecia"", ""erythema"", ""crust""]",disease-level (provisional),research-only,unsupported,valid,skin,unknown,C,,1.0,1.0,1.0,0.0,0.0,0.0,0.0,0.0,"['alopecia', 'erythema', 'crust']",train
b6bea1db-b24b-4ae9-8036-b1edc34a5298,Roboflow,C:\Users\ESSAKKI RAJA T  EV\OneDrive\Desktop\DB PAWPHILE\Dog Skin Disease Dataset.v2i.folder\test\bacterial dermatosis\bacterial_164_jpg.rf.bc69c2ae3e9e8ab2b818a0f6a03e68bc.jpg,1037,2cc683b3-fd49-4a4f-9f85-bac1d59c7ad3,bacterial dermatosis,bacterial dermatosis,"[""erythema"", ""pustule"", ""crust""]",disease-level (provisional),research-only,unsupported,test,skin,unknown,C,,1.0,0.0,1.0,0.0,0.0,0.0,1.0,0.0,"['erythema', 'pustule', 'crust']",train
182e84c0-de4c-41c9-b628-f6912541330c,Roboflow,C:\Users\ESSAKKI RAJA T  EV\OneDrive\Desktop\DB PAWPHILE\Dog Skin Disease Dataset.v2i.folder\train\fungal infection\fungal_398_jpg.rf.b03856935a353f2812ed2bfe618de53d.jpg,1342,09acffdf-3474-42ce-855c-c52825589737,fungal infection,fungal infection,"[""alopecia"", ""scaling""]",disease-level (provisional),research-only,unsupported,train,skin,unknown,C,,0.0,1.0,0.0,1.0,0.0,0.0,0.0,0.0,"['alopecia', 'scaling']",train
158dd424-44f4-429d-8dc2-ab5b246c7273,Roboflow,C:\Users\ESSAKKI RAJA T  EV\OneDrive\Desktop\DB PAWPHILE\Dog Skin Disease Dataset.v2i.folder\test\bacterial dermatosis\bacterial_192_jpg.rf.c26a30af69571576c8dda8140e8cbf96.jpg,914,fe23d961-4d8c-4d4b-8b66-15d90358dc1f,bacterial dermatosis,bacterial dermatosis,"[""erythema"", ""pustule"", ""crust""]",disease-level (provisional),research-only,unsupported,test,skin,unknown,C,,1.0,0.0,1.0,0.0,0.0,0.0,1.0,0.0,"['erythema', 'pustule', 'crust']",train
872fe561-c683-49c4-bb17-dfa50201032d,Kaggle,C:\Users\ESSAKKI RAJA T  EV\OneDrive\Desktop\DB PAWPHILE\archive\valid\Healthy\images-31_jpg.rf.47c5885c7cbd805de69117f017ca0279.jpg,1476,7307165c-4267-4f6f-8fb4-547dd9d2cb15,Healthy,healthy,[],disease-level (provisional),research-only,unsupported,valid,skin,unknown,C,,0.0,0.0,0.0,0.0,0.0,0.0,0.0,0.0,[],train
dfb57ce4-d6c4-4d46-bfa3-0e1251fbe8de,Roboflow,C:\Users\ESSAKKI RAJA T  EV\OneDrive\Desktop\DB PAWPHILE\Dog Skin Disease Dataset.v2i.folder\test\hypersensitivity dermatitis\hypersensitivity_247_jpg.rf.03eeabc2c1db2a083cdd95a63f328a25.jpg,1096,6473795d-0946-413c-aa71-ee8a3db2398b,hypersensitivity dermatitis,hypersensitivity / allergic dermatitis,"[""erythema"", ""lichenification""]",disease-level (provisional),research-only,unsupported,test,skin,unknown,C,,1.0,0.0,0.0,0.0,0.0,0.0,0.0,1.0,"['erythema', 'lichenification']",train
ce48dbb8-b71d-4502-9eb3-69ba686ed1ca,Kaggle,C:\Users\ESSAKKI RAJA T  EV\OneDrive\Desktop\DB PAWPHILE\archive\valid\ringworm\ringworm-86-_jpg.rf.835be916e1452b703b2b447591c438c9.jpg,610,3b31e7d3-97f5-4a97-975d-12db5799843d,ringworm,fungal infection,"[""alopecia"", ""scaling""]",disease-level (provisional),research-only,unsupported,valid,skin,unknown,C,,0.0,1.0,0.0,1.0,0.0,0.0,0.0,0.0,"['alopecia', 'scaling']",train
18c6165f-3d93-49e9-8f4b-cf710e78039c,Roboflow,C:\Users\ESSAKKI RAJA T  EV\OneDrive\Desktop\DB PAWPHILE\Dog Skin Disease Dataset.v2i.folder\valid\bacterial dermatosis\bacterial_137_jpg.rf.bf215b0bda3a327bfb98d4c36b4094aa.jpg,1029,64f906b1-89d3-4a62-9ac8-10b6cae27b3e,bacterial dermatosis,bacterial dermatosis,"[""erythema"", ""pustule"", ""crust""]",disease-level (provisional),research-only,unsupported,valid,skin,unknown,C,,1.0,0.0,1.0,0.0,0.0,0.0,1.0,0.0,"['erythema', 'pustule', 'crust']",train
7e6188bc-0ea6-4311-8842-01011951a6ea,Kaggle,C:\Users\ESSAKKI RAJA T  EV\OneDrive\Desktop\DB PAWPHILE\archive\train\demodicosis\IMG_5215_jpeg_jpg.rf.2392568514dd36f21b23a02556400fc5.jpg,289,3738e2c5-9471-4c2a-98a3-218550ca5e51,demodicosis,demodicosis,"[""alopecia"", ""erythema"", ""crust""]",disease-level (provisional),research-only,unsupported,train,skin,unknown,C,,1.0,1.0,1.0,0.0,0.0,0.0,0.0,0.0,"['alopecia', 'erythema', 'crust']",train
60bc782f-ef97-4719-bd9a-eba271b0cf58,Roboflow,C:\Users\ESSAKKI RAJA T  EV\OneDrive\Desktop\DB PAWPHILE\Dog Skin Disease Dataset.v2i.folder\valid\fungal infection\fungal_406_jpg.rf.b10e64785225614748e352cee92aa91a.jpg,1358,9a206cdb-be06-46e6-9c54-ae9af34b24ed,fungal infection,fungal infection,"[""alopecia"", ""scaling""]",disease-level (provisional),research-only,unsupported,valid,skin,unknown,C,,0.0,1.0,0.0,1.0,0.0,0.0,0.0,0.0,"['alopecia', 'scaling']",train
15dfc0f7-c2a7-4058-a0f4-5937bfe91487,Kaggle,C:\Users\ESSAKKI RAJA T  EV\OneDrive\Desktop\DB PAWPHILE\archive\train\Fungal_infections\1171_jpg.rf.0e059614e252d08de8e448a5534cb66d.jpg,1258,b9293a2c-877d-48c1-bac2-67cfdea7d9dd,Fungal_infections,fungal infection,"[""alopecia"", ""scaling""]",disease-level (provisional),research-only,unsupported,train,skin,unknown,C,,0.0,1.0,0.0,1.0,0.0,0.0,0.0,0.0,"['alopecia', 'scaling']",train
f009afb7-9832-405b-b92c-168e915f566a,Kaggle,C:\Users\ESSAKKI RAJA T  EV\OneDrive\Desktop\DB PAWPHILE\archive\test\ringworm\1000010496_x4_jpg.rf.37e66a44c16c2dbb92b94b584b51b497.jpg,1411,02b04511-8388-4607-ac10-bfc47011a545,ringworm,fungal infection,"[""alopecia"", ""scaling""]",disease-level (provisional),research-only,unsupported,test,skin,unknown,C,,0.0,1.0,0.0,1.0,0.0,0.0,0.0,0.0,"['alopecia', 'scaling']",train
58fcdead-0056-43ea-8a6d-6fe2fade9ac3,Roboflow,C:\Users\ESSAKKI RAJA T  EV\OneDrive\Desktop\DB PAWPHILE\Dog Skin Disease Dataset.v2i.folder\train\healthy\healhty12_jpg.rf.058aeff3221894a5ee953368ecef943b.jpg,1749,494c954a-cede-4220-908c-c73f73735087,healthy,healthy,[],disease-level (provisional),research-only,unsupported,train,skin,unknown,C,,0.0,0.0,0.0,0.0,0.0,0.0,0.0,0.0,[],train
3383e911-6b46-494e-9a16-d07716e310ea,Roboflow,C:\Users\ESSAKKI RAJA T  EV\OneDrive\Desktop\DB PAWPHILE\Dog Skin Disease Dataset.v2i.folder\train\fungal infection\fungal_164_jpg.rf.b719c33e3467f431c78d4c8168c5ac42.jpg,372,12d98cda-c441-4022-8ae9-b1d8672279d3,fungal infection,fungal infection,"[""alopecia"", ""scaling""]",disease-level (provisional),research-only,unsupported,train,skin,unknown,C,,0.0,1.0,0.0,1.0,0.0,0.0,0.0,0.0,"['alopecia', 'scaling']",train
2a748a64-c0c8-4b73-9b2f-2c5cacef1d10,Roboflow,C:\Users\ESSAKKI RAJA T  EV\OneDrive\Desktop\DB PAWPHILE\Dog Skin Disease Dataset.v2i.folder\train\healthy\healthy_155_jpg.rf.786f9f9484d55cdddfb10dd21094a570.jpg,1396,8f70dda1-c712-40f1-9a7b-df917f4bbbf6,healthy,healthy,[],disease-level (provisional),research-only,unsupported,train,skin,unknown,C,,0.0,0.0,0.0,0.0,0.0,0.0,0.0,0.0,[],train
1be7e886-0635-4e1c-a5e6-aef65b9c655e,Kaggle,C:\Users\ESSAKKI RAJA T  EV\OneDrive\Desktop\DB PAWPHILE\archive\valid\demodicosis\P38_png_jpg.rf.1b364a2db5032786049be5925f18c4c6.jpg,939,cbe593a8-a260-46ce-b9b2-eb85f3ee98c0,demodicosis,demodicosis,"[""alopecia"", ""erythema"", ""crust""]",disease-level (provisional),research-only,unsupported,valid,skin,unknown,C,,1.0,1.0,1.0,0.0,0.0,0.0,0.0,0.0,"['alopecia', 'erythema', 'crust']",train
05f860f0-3f20-4a4e-bd54-54858ed2665e,Kaggle,C:\Users\ESSAKKI RAJA T  EV\OneDrive\Desktop\DB PAWPHILE\archive\valid\demodicosis\scabies_90_png_jpg.rf.e02e991075bf8ef1b78ee440a8d4b77e.jpg,1586,1d984c15-e299-47f8-90ba-672319ea7657,demodicosis,demodicosis,"[""alopecia"", ""erythema"", ""crust""]",disease-level (provisional),research-only,unsupported,valid,skin,unknown,C,,1.0,1.0,1.0,0.0,0.0,0.0,0.0,0.0,"['alopecia', 'erythema', 'crust']",train
37ebb324-05fd-4912-a7c6-7d4b63bd59ab,Roboflow,C:\Users\ESSAKKI RAJA T  EV\OneDrive\Desktop\DB PAWPHILE\Dog Skin Disease Dataset.v2i.folder\train\healthy\healthy_train_31_jpg.rf.cad8fefb43812c151b6096076f7a63e5.jpg,1808,79a1dfa3-f944-4867-966c-6666f7789252,healthy,healthy,[],disease-level (provisional),research-only,unsupported,train,skin,unknown,C,,0.0,0.0,0.0,0.0,0.0,0.0,0.0,0.0,[],train
03b20a6d-c83a-41c3-b75b-45983c45613c,Kaggle,C:\Users\ESSAKKI RAJA T  EV\OneDrive\Desktop\DB PAWPHILE\archive\test\demodicosis\IMG_5313_jpeg_jpg.rf.62db176c0bea199c1f35f17f53de3ce2.jpg,813,8938de5a-fd90-4792-a4e2-4def0368f9dd,demodicosis,demodicosis,"[""alopecia"", ""erythema"", ""crust""]",disease-level (provisional),research-only,unsupported,test,skin,unknown,C,,1.0,1.0,1.0,0.0,0.0,0.0,0.0,0.0,"['alopecia', 'erythema', 'crust']",train
0eaf78b3-ac13-4a6e-bfce-b2d8f0603c24,Kaggle,C:\Users\ESSAKKI RAJA T  EV\OneDrive\Desktop\DB PAWPHILE\archive\valid\ringworm\ringworm-58-_jpg.rf.0070a6c884de28aae2826c07ab3e55b1.jpg,526,40c5fe7f-395f-44c0-ac8e-f25565087486,ringworm,fungal infection,"[""alopecia"", ""scaling""]",disease-level (provisional),research-only,unsupported,valid,skin,unknown,C,,0.0,1.0,0.0,1.0,0.0,0.0,0.0,0.0,"['alopecia', 'scaling']",train
27009f5e-850e-49bb-8cc8-d3e9b5b03475,Roboflow,C:\Users\ESSAKKI RAJA T  EV\OneDrive\Desktop\DB PAWPHILE\Dog Skin Disease Dataset.v2i.folder\train\healthy\healthy_train_48_jpg.rf.072ad74e90a98d72fcce32d324d41423.jpg,1337,0658ea73-4b89-453a-9eb9-7658adbe2fbe,healthy,healthy,[],disease-level (provisional),research-only,unsupported,train,skin,unknown,C,,0.0,0.0,0.0,0.0,0.0,0.0,0.0,0.0,[],train
aeb592cf-1565-4353-abbb-6a189e41a12f,Roboflow,C:\Users\ESSAKKI RAJA T  EV\OneDrive\Desktop\DB PAWPHILE\Dog Skin Disease Dataset.v2i.folder\valid\healthy\healthy_183_jpg.rf.9ee581914a3cb8571c324a3db7c3d609.jpg,431,a62dd7ed-16b6-478d-8724-d9ec61a27eda,healthy,healthy,[],disease-level (provisional),research-only,unsupported,valid,skin,unknown,C,,0.0,0.0,0.0,0.0,0.0,0.0,0.0,0.0,[],train
1e90ade4-7c55-4b11-aab8-63ef4b50ca71,Kaggle,C:\Users\ESSAKKI RAJA T  EV\OneDrive\Desktop\DB PAWPHILE\archive\train\Dermatitis\1000010509_x4_jpg.rf.8b9fb6249dfae3d3538fbc16a9e66ef1.jpg,1597,4917aa11-4936-4cd8-a15e-b6d3cead1fa7,Dermatitis,nonspecific dermatitis,"[""erythema"", ""scaling""]",disease-level (provisional),research-only,unsupported,train,skin,unknown,C,,1.0,0.0,0.0,1.0,0.0,0.0,0.0,0.0,"['erythema', 'scaling']",train
21a4db24-7364-4da2-923b-c4d58a965610,Roboflow,C:\Users\ESSAKKI RAJA T  EV\OneDrive\Desktop\DB PAWPHILE\Dog Skin Disease Dataset.v2i.folder\train\healthy\healthy_373_jpg.rf.56ec4dece9a8cfae7623099282e12c6a.jpg,508,1de03dbe-5e95-4430-8daa-ddfd69691d90,healthy,healthy,[],disease-level (provisional),research-only,unsupported,train,skin,unknown,C,,0.0,0.0,0.0,0.0,0.0,0.0,0.0,0.0,[],train
46289afa-d9b3-4c6a-8706-70731f42d771,Kaggle,C:\Users\ESSAKKI RAJA T  EV\OneDrive\Desktop\DB PAWPHILE\archive\test\ringworm\WIN_20240514_17_29_02_Pro_jpg.rf.daac53f51418a6fe0465e9333dff63a7.jpg,630,380d5905-2b2a-40f2-8f09-f9a3cfb15d15,ringworm,fungal infection,"[""alopecia"", ""scaling""]",disease-level (provisional),research-only,unsupported,test,skin,unknown,C,,0.0,1.0,0.0,1.0,0.0,0.0,0.0,0.0,"['alopecia', 'scaling']",train
46ef5b83-dce4-47a4-ac82-91be33d7d680,Roboflow,C:\Users\ESSAKKI RAJA T  EV\OneDrive\Desktop\DB PAWPHILE\Dog Skin Disease Dataset.v2i.folder\train\bacterial dermatosis\bacterial_228_jpg.rf.e99a5f78f3fc715d4b8626d9677d62d9.jpg,402,44555c47-2702-4d00-80dd-58732f69a7d9,bacterial dermatosis,bacterial dermatosis,"[""erythema"", ""pustule"", ""crust""]",disease-level (provisional),research-only,unsupported,train,skin,unknown,C,,1.0,0.0,1.0,0.0,0.0,0.0,1.0,0.0,"['erythema', 'pustule', 'crust']",train
4d1ae62e-4d21-4865-aaf3-3051d44b9f9d,Roboflow,C:\Users\ESSAKKI RAJA T  EV\OneDrive\Desktop\DB PAWPHILE\Dog Skin Disease Dataset.v2i.folder\test\hypersensitivity dermatitis\hypersensitivity_187_jpg.rf.802ccca91d89cff4f0bec90a4700b820.jpg,852,8bf7624b-39e7-481b-b6cf-02186ea01aee,hypersensitivity dermatitis,hypersensitivity / allergic dermatitis,"[""erythema"", ""lichenification""]",disease-level (provisional),research-only,unsupported,test,skin,unknown,C,,1.0,0.0,0.0,0.0,0.0,0.0,0.0,1.0,"['erythema', 'lichenification']",train
7963cf58-59e2-4569-8a1a-15acbcf536cc,Kaggle,C:\Users\ESSAKKI RAJA T  EV\OneDrive\Desktop\DB PAWPHILE\archive\valid\demodicosis\1-63-_png_jpg.rf.4ff833146d4c16716203a009219b6bd3.jpg,1583,6bef7ec9-de29-4c6e-bcc2-04aff1e8ed7f,demodicosis,demodicosis,"[""alopecia"", ""erythema"", ""crust""]",disease-level (provisional),research-only,unsupported,valid,skin,unknown,C,,1.0,1.0,1.0,0.0,0.0,0.0,0.0,0.0,"['alopecia', 'erythema', 'crust']",train
2d1492c2-3194-4af3-8522-818ce4875762,Roboflow,C:\Users\ESSAKKI RAJA T  EV\OneDrive\Desktop\DB PAWPHILE\Dog Skin Disease Dataset.v2i.folder\train\hypersensitivity dermatitis\hypersensitivity_245_jpg.rf.348a73fc4ef2d71acfc4cacd7fd20fa7.jpg,188,cace03f1-1695-4183-9649-ff128aa532be,hypersensitivity dermatitis,hypersensitivity / allergic dermatitis,"[""erythema"", ""lichenification""]",disease-level (provisional),research-only,unsupported,train,skin,unknown,C,,1.0,0.0,0.0,0.0,0.0,0.0,0.0,1.0,"['erythema', 'lichenification']",train
9c3dd000-a628-48fc-bc0d-e3c7c24244e9,Roboflow,C:\Users\ESSAKKI RAJA T  EV\OneDrive\Desktop\DB PAWPHILE\Dog Skin Disease Dataset.v2i.folder\valid\fungal infection\fungal_210_jpg.rf.3dee088e709a4d1ca4796540a70c5c8e.jpg,1538,f5b89407-b21b-464b-a109-ff5e1bfe099a,fungal infection,fungal infection,"[""alopecia"", ""scaling""]",disease-level (provisional),research-only,unsupported,valid,skin,unknown,C,,0.0,1.0,0.0,1.0,0.0,0.0,0.0,0.0,"['alopecia', 'scaling']",train
c855c161-ee4d-4852-b6e3-ba71f816bfd3,Kaggle,C:\Users\ESSAKKI RAJA T  EV\OneDrive\Desktop\DB PAWPHILE\archive\valid\Dermatitis\May-is-allergy-awareness-month-here-at-The-Shot-Spot_01363_jpg.rf.98d284b802f5df4daa2b828a0eb8fdae.jpg,490,d1b12b1d-05af-4d05-af6e-6d219007c7da,Dermatitis,nonspecific dermatitis,"[""erythema"", ""scaling""]",disease-level (provisional),research-only,unsupported,valid,skin,unknown,C,,1.0,0.0,0.0,1.0,0.0,0.0,0.0,0.0,"['erythema', 'scaling']",train
9eacaf33-9742-4334-a820-271d0c81ff38,Roboflow,C:\Users\ESSAKKI RAJA T  EV\OneDrive\Desktop\DB PAWPHILE\Dog Skin Disease Dataset.v2i.folder\train\bacterial dermatosis\bacterial_223_jpg.rf.19827be95151f036a471168c55290796.jpg,819,f2fd6f1b-2da4-462a-a745-cbaca491716a,bacterial dermatosis,bacterial dermatosis,"[""erythema"", ""pustule"", ""crust""]",disease-level (provisional),research-only,unsupported,train,skin,unknown,C,,1.0,0.0,1.0,0.0,0.0,0.0,1.0,0.0,"['erythema', 'pustule', 'crust']",train
4dbf5537-52e4-45b2-ab42-c0b0334fbfdc,Roboflow,C:\Users\ESSAKKI RAJA T  EV\OneDrive\Desktop\DB PAWPHILE\Dog Skin Disease Dataset.v2i.folder\train\bacterial dermatosis\bacterial2_jpg.rf.02615497d588d668472e779f68db37d8.jpg,1374,daafd655-a96b-4a4f-a46b-257aa8bd02ac,bacterial dermatosis,bacterial dermatosis,"[""erythema"", ""pustule"", ""crust""]",disease-level (provisional),research-only,unsupported,train,skin,unknown,C,,1.0,0.0,1.0,0.0,0.0,0.0,1.0,0.0,"['erythema', 'pustule', 'crust']",train
59b444d2-6fa4-4c69-8ab5-7da9da90213e,Roboflow,C:\Users\ESSAKKI RAJA T  EV\OneDrive\Desktop\DB PAWPHILE\Dog Skin Disease Dataset.v2i.folder\test\bacterial dermatosis\bacterial_298_jpg.rf.bd995a74dab2644f893cd8a1df2647df.jpg,1937,b7ae7ab4-d663-4a81-bdb9-84382b7887e4,bacterial dermatosis,bacterial dermatosis,"[""erythema"", ""pustule"", ""crust""]",disease-level (provisional),research-only,unsupported,test,skin,unknown,C,,1.0,0.0,1.0,0.0,0.0,0.0,1.0,0.0,"['erythema', 'pustule', 'crust']",train
0ca58d4a-0a27-473c-9ea0-f044b18e0f8c,Roboflow,C:\Users\ESSAKKI RAJA T  EV\OneDrive\Desktop\DB PAWPHILE\Dog Skin Disease Dataset.v2i.folder\train\healthy\healthy_305_jpg.rf.6087762d6e6ca2652ecae26a443d28f6.jpg,1197,a23a1261-7e34-4368-a5f8-55db879a7b33,healthy,healthy,[],disease-level (provisional),research-only,unsupported,train,skin,unknown,C,,0.0,0.0,0.0,0.0,0.0,0.0,0.0,0.0,[],train
e3ef752c-fecb-4772-aed8-34b9149a7037,Kaggle,C:\Users\ESSAKKI RAJA T  EV\OneDrive\Desktop\DB PAWPHILE\archive\test\Dermatitis\83482425_2666988283398175_4819098995697647616_n_jpg.rf.50324510961a2bc10e76144baba327b3.jpg,601,a6b26407-b15c-4dac-bb75-b4d21d976f6f,Dermatitis,nonspecific dermatitis,"[""erythema"", ""scaling""]",disease-level (provisional),research-only,unsupported,test,skin,unknown,C,,1.0,0.0,0.0,1.0,0.0,0.0,0.0,0.0,"['erythema', 'scaling']",train
5b923ba1-33f4-44c2-b8af-e325ce963977,Kaggle,C:\Users\ESSAKKI RAJA T  EV\OneDrive\Desktop\DB PAWPHILE\archive\test\Healthy\HEALTHY_058_jpg.rf.4753e1a3ece86975ab195107b8b6c3c7.jpg,1088,6341b31c-ec41-475e-abb2-97e076a7dcbb,Healthy,healthy,[],disease-level (provisional),research-only,unsupported,test,skin,unknown,C,,0.0,0.0,0.0,0.0,0.0,0.0,0.0,0.0,[],train
d5831cfd-fa73-42a9-afae-80d7b460b40a,Roboflow,C:\Users\ESSAKKI RAJA T  EV\OneDrive\Desktop\DB PAWPHILE\Dog Skin Disease Dataset.v2i.folder\train\bacterial dermatosis\bacterial_384_jpg.rf.9c26b019e5856381f6402f3dff6b200c.jpg,1772,26691fc2-0deb-4ab9-9234-fa74d6aa8d9f,bacterial dermatosis,bacterial dermatosis,"[""erythema"", ""pustule"", ""crust""]",disease-level (provisional),research-only,unsupported,train,skin,unknown,C,,1.0,0.0,1.0,0.0,0.0,0.0,1.0,0.0,"['erythema', 'pustule', 'crust']",train
29507367-bd41-4af3-ac93-1b0971d3bacb,Kaggle,C:\Users\ESSAKKI RAJA T  EV\OneDrive\Desktop\DB PAWPHILE\archive\valid\ringworm\Day-1-of-ringworm-treatment_00001_jpg.rf.be2edb397c9b92973112593edcabd4a5.jpg,776,4f0df053-511c-4ff2-86de-6c6e1ca5d371,ringworm,fungal infection,"[""alopecia"", ""scaling""]",disease-level (provisional),research-only,unsupported,valid,skin,unknown,C,,0.0,1.0,0.0,1.0,0.0,0.0,0.0,0.0,"['alopecia', 'scaling']",train
f664da95-d809-4e4b-a877-59d039519a5b,Kaggle,C:\Users\ESSAKKI RAJA T  EV\OneDrive\Desktop\DB PAWPHILE\archive\valid\Hypersensitivity\Hypersensitivity_1_jpg.rf.b0e985c6cf8abb9fc06a94256a453b13.jpg,762,a92538f7-95a5-4538-b26f-92199fcba64b,Hypersensitivity,hypersensitivity / allergic dermatitis,"[""erythema"", ""lichenification""]",disease-level (provisional),research-only,unsupported,valid,skin,unknown,C,,1.0,0.0,0.0,0.0,0.0,0.0,0.0,1.0,"['erythema', 'lichenification']",train
97dafaf2-d671-4423-9ddb-3c3cd0edbad5,Kaggle,C:\Users\ESSAKKI RAJA T  EV\OneDrive\Desktop\DB PAWPHILE\archive\test\Fungal_infections\Fungal4_png_jpg.rf.681cee720a75f7d8858e8d4f5fd4406e.jpg,768,00dcf2f0-846c-420e-a711-0b801759fdc4,Fungal_infections,fungal infection,"[""alopecia"", ""scaling""]",disease-level (provisional),research-only,unsupported,test,skin,unknown,C,,0.0,1.0,0.0,1.0,0.0,0.0,0.0,0.0,"['alopecia', 'scaling']",train
94ba7424-acc9-466a-88c6-c645710fecff,Kaggle,C:\Users\ESSAKKI RAJA T  EV\OneDrive\Desktop\DB PAWPHILE\archive\valid\Dermatitis\Hot-Spot-on-_Chance_-How-to-treat-a-dog-that-you-can_t-touch_-000626_png_jpg.rf.ce703623360d9cb9c67bce7a5c5c7aff.jpg,1133,bef99bb5-e067-4209-b016-bf8042b55a3d,Dermatitis,nonspecific dermatitis,"[""erythema"", ""scaling""]",disease-level (provisional),research-only,unsupported,valid,skin,unknown,C,,1.0,0.0,0.0,1.0,0.0,0.0,0.0,0.0,"['erythema', 'scaling']",train
d7a6e81f-7b31-414b-8d6b-dd6615c2c840,Kaggle,C:\Users\ESSAKKI RAJA T  EV\OneDrive\Desktop\DB PAWPHILE\archive\valid\demodicosis\2024-05-13-165139_jpg.rf.7c1a54231090e16b3e9a6fab331a23f2.jpg,1762,036a93e9-89d6-4378-89ab-dd858ec341a7,demodicosis,demodicosis,"[""alopecia"", ""erythema"", ""crust""]",disease-level (provisional),research-only,unsupported,valid,skin,unknown,C,,1.0,1.0,1.0,0.0,0.0,0.0,0.0,0.0,"['alopecia', 'erythema', 'crust']",train
ff7db7e3-3149-40f9-89af-73dc870e8085,Kaggle,C:\Users\ESSAKKI RAJA T  EV\OneDrive\Desktop\DB PAWPHILE\archive\valid\Fungal_infections\pic47_jpg.rf.36af3e4e45d3dadfec49d8b2241d6b69.jpg,306,3f0c2779-31d9-437e-bb49-aeb01421f569,Fungal_infections,fungal infection,"[""alopecia"", ""scaling""]",disease-level (provisional),research-only,unsupported,valid,skin,unknown,C,,0.0,1.0,0.0,1.0,0.0,0.0,0.0,0.0,"['alopecia', 'scaling']",train
f66cb0e0-493b-450d-88d7-74bdd7a42fef,Kaggle,C:\Users\ESSAKKI RAJA T  EV\OneDrive\Desktop\DB PAWPHILE\archive\valid\Hypersensitivity\B9781416056638000070_f007-043-9781416056638_jpg.rf.6792d9da4aeebf6faad3b86f47b7f521.jpg,952,f458a246-ab19-4371-b276-3a2b3e8fe8ed,Hypersensitivity,hypersensitivity / allergic dermatitis,"[""erythema"", ""lichenification""]",disease-level (provisional),research-only,unsupported,valid,skin,unknown,C,,1.0,0.0,0.0,0.0,0.0,0.0,0.0,1.0,"['erythema', 'lichenification']",train
5cc1d27d-f579-426e-abe3-e474517f2695,Kaggle,C:\Users\ESSAKKI RAJA T  EV\OneDrive\Desktop\DB PAWPHILE\archive\test\Dermatitis\HOT-SPOT-IN-DOG-HOW-vet-treated-symptom-prevention_-flea-bite-moist-eczema_dog-itching-000153_png_jpg.rf.e5fefe65670b1862ac7741843d36a78e.jpg,1508,9c781f94-1503-4df5-a655-ba505a07626e,Dermatitis,nonspecific dermatitis,"[""erythema"", ""scaling""]",disease-level (provisional),research-only,unsupported,test,skin,unknown,C,,1.0,0.0,0.0,1.0,0.0,0.0,0.0,0.0,"['erythema', 'scaling']",train
82cad9ff-47c3-4200-bfdd-9eb162af2fc2,Roboflow,C:\Users\ESSAKKI RAJA T  EV\OneDrive\Desktop\DB PAWPHILE\Dog Skin Disease Dataset.v2i.folder\train\hypersensitivity dermatitis\hypersensitivity_179_jpg.rf.637b4b7a2dc3cf48ead30ae225e1b4c1.jpg,1621,7ab39738-ae9e-42b9-8571-85a2bfb9a58b,hypersensitivity dermatitis,hypersensitivity / allergic dermatitis,"[""erythema"", ""lichenification""]",disease-level (provisional),research-only,unsupported,train,skin,unknown,C,,1.0,0.0,0.0,0.0,0.0,0.0,0.0,1.0,"['erythema', 'lichenification']",train
43ffd661-084b-4fb6-9f8f-c67d6c17ed86,Kaggle,C:\Users\ESSAKKI RAJA T  EV\OneDrive\Desktop\DB PAWPHILE\archive\train\Dermatitis\1000010558_x4_jpg.rf.2bee0f9705f18a9f7d2b9361f3179fea.jpg,823,67f4f480-b373-4df9-8604-207db432ea48,Dermatitis,nonspecific dermatitis,"[""erythema"", ""scaling""]",disease-level (provisional),research-only,unsupported,train,skin,unknown,C,,1.0,0.0,0.0,1.0,0.0,0.0,0.0,0.0,"['erythema', 'scaling']",train
fd0d896e-3ffc-4f0c-99ba-881ac0ceb540,Multispectral,C:\Users\ESSAKKI RAJA T  EV\OneDrive\Desktop\DB PAWPHILE\Classification of pet dog skin diseases using deep learning with images captured from multispectral imaging device\5dbht54kw7-1\Dog211011_01_02_10\pic3.jpg,1657,37cea84f-68c7-43b5-b913-2224a332b89d,unknown,unknown,[],disease-level (provisional),research-only,unsupported,none,skin,pic3.jpg,B,,0.0,0.0,0.0,0.0,0.0,0.0,0.0,0.0,[],train
ced3b6ff-5e61-4802-8302-4edca39d8c51,Kaggle,C:\Users\ESSAKKI RAJA T  EV\OneDrive\Desktop\DB PAWPHILE\archive\test\ringworm\ringworm-29-_jpg.rf.f7a7ac2a7ec142d4710f5d38dfeb7dd8.jpg,1266,859fd269-fdb9-402b-afdf-60ec5704256d,ringworm,fungal infection,"[""alopecia"", ""scaling""]",disease-level (provisional),research-only,unsupported,test,skin,unknown,C,,0.0,1.0,0.0,1.0,0.0,0.0,0.0,0.0,"['alopecia', 'scaling']",train
1d99ba1f-b37d-41c8-b2b5-d20ca18097ec,Kaggle,C:\Users\ESSAKKI RAJA T  EV\OneDrive\Desktop\DB PAWPHILE\archive\test\demodicosis\2024-05-13-161645_jpg.rf.dfbd8c587a49b8f017dfbf1a9761dafe.jpg,607,0c7b5810-9b2e-42bd-b521-7ddb096b515f,demodicosis,demodicosis,"[""alopecia"", ""erythema"", ""crust""]",disease-level (provisional),research-only,unsupported,test,skin,unknown,C,,1.0,1.0,1.0,0.0,0.0,0.0,0.0,0.0,"['alopecia', 'erythema', 'crust']",train
25e21346-99bf-4573-9bc8-01f968529693,Roboflow,C:\Users\ESSAKKI RAJA T  EV\OneDrive\Desktop\DB PAWPHILE\Dog Skin Disease Dataset.v2i.folder\train\bacterial dermatosis\bacterial_377_jpg.rf.647676458a8af27841397b7044c883ab.jpg,1699,ab9df03d-544b-4811-8c97-45d8742356c7,bacterial dermatosis,bacterial dermatosis,"[""erythema"", ""pustule"", ""crust""]",disease-level (provisional),research-only,unsupported,train,skin,unknown,C,,1.0,0.0,1.0,0.0,0.0,0.0,1.0,0.0,"['erythema', 'pustule', 'crust']",train
689e1930-cc35-471a-bcce-689952397cf0,Roboflow,C:\Users\ESSAKKI RAJA T  EV\OneDrive\Desktop\DB PAWPHILE\Dog Skin Disease Dataset.v2i.folder\valid\hypersensitivity dermatitis\hypersensitivity_226_jpg.rf.f26a646bee537bbc9a6d0a6f26b05f71.jpg,580,00914b59-9a05-4f86-b681-d763cde2d218,hypersensitivity dermatitis,hypersensitivity / allergic dermatitis,"[""erythema"", ""lichenification""]",disease-level (provisional),research-only,unsupported,valid,skin,unknown,C,,1.0,0.0,0.0,0.0,0.0,0.0,0.0,1.0,"['erythema', 'lichenification']",train
1d04896b-2657-4463-8094-c9b2e690080f,Kaggle,C:\Users\ESSAKKI RAJA T  EV\OneDrive\Desktop\DB PAWPHILE\archive\test\Dermatitis\1000010626_x4_jpg.rf.dd018753531153596ff7da1edd7a61ac.jpg,1189,26c88f81-d280-490f-b8f7-eb2152ba149e,Dermatitis,nonspecific dermatitis,"[""erythema"", ""scaling""]",disease-level (provisional),research-only,unsupported,test,skin,unknown,C,,1.0,0.0,0.0,1.0,0.0,0.0,0.0,0.0,"['erythema', 'scaling']",train
36d081fc-c2b6-4318-9584-c6db477f83ff,Kaggle,C:\Users\ESSAKKI RAJA T  EV\OneDrive\Desktop\DB PAWPHILE\archive\train\demodicosis\IMG_5153_jpeg_jpg.rf.d46720c3c63f63dd5b3917a12c056b16.jpg,1930,219dff2d-b45c-4611-85a6-5fafed80ec2a,demodicosis,demodicosis,"[""alopecia"", ""erythema"", ""crust""]",disease-level (provisional),research-only,unsupported,train,skin,unknown,C,,1.0,1.0,1.0,0.0,0.0,0.0,0.0,0.0,"['alopecia', 'erythema', 'crust']",train
3f8ec64b-a7d9-4c2b-a5a6-2dd8adb254f8,Kaggle,C:\Users\ESSAKKI RAJA T  EV\OneDrive\Desktop\DB PAWPHILE\archive\valid\Healthy\Image_8_jpg.rf.872507d6df7cde7f5f2552aeb35e975a.jpg,342,a52a9398-d293-40c1-aa32-e0407f7303cf,Healthy,healthy,[],disease-level (provisional),research-only,unsupported,valid,skin,unknown,C,,0.0,0.0,0.0,0.0,0.0,0.0,0.0,0.0,[],train
2df1646f-c93b-41d8-afb1-a0a26bcff675,Roboflow,C:\Users\ESSAKKI RAJA T  EV\OneDrive\Desktop\DB PAWPHILE\Dog Skin Disease Dataset.v2i.folder\valid\healthy\healthy_59_jpg.rf.50d723907efd17af24b98d0d6cb45b72.jpg,1608,056ef13d-9f65-4e9a-9ec5-8534f065b3e2,healthy,healthy,[],disease-level (provisional),research-only,unsupported,valid,skin,unknown,C,,0.0,0.0,0.0,0.0,0.0,0.0,0.0,0.0,[],train
64643a7f-1f8d-4920-aa87-b540183f5904,Kaggle,C:\Users\ESSAKKI RAJA T  EV\OneDrive\Desktop\DB PAWPHILE\archive\test\Healthy\dogs_060_jpg.rf.35c82b8a0be6d9ba5386ba3f31449bc5.jpg,1436,ba1d32e1-4a9b-4312-888b-14057e683d5a,Healthy,healthy,[],disease-level (provisional),research-only,unsupported,test,skin,unknown,C,,0.0,0.0,0.0,0.0,0.0,0.0,0.0,0.0,[],train
a86e766e-75d1-41c1-8833-55f7a2c77379,Kaggle,C:\Users\ESSAKKI RAJA T  EV\OneDrive\Desktop\DB PAWPHILE\archive\test\demodicosis\scabies_136_png_jpg.rf.91944b02af068d2371dc568077150ff3.jpg,1137,1edc4a21-68c8-4baf-8c04-8ef4cd3217b7,demodicosis,demodicosis,"[""alopecia"", ""erythema"", ""crust""]",disease-level (provisional),research-only,unsupported,test,skin,unknown,C,,1.0,1.0,1.0,0.0,0.0,0.0,0.0,0.0,"['alopecia', 'erythema', 'crust']",train
eb6f8f55-29c5-4dec-8418-2619a4eb73fe,Kaggle,C:\Users\ESSAKKI RAJA T  EV\OneDrive\Desktop\DB PAWPHILE\archive\valid\Dermatitis\Reply-to-don-t-let-your-dog-suffer-in-silence_00009_jpg.rf.0e62191b11b6b2a25da402bdee7ac3b8.jpg,754,dc5738df-78a5-4b5c-b76d-1c7f7fafd4ea,Dermatitis,nonspecific dermatitis,"[""erythema"", ""scaling""]",disease-level (provisional),research-only,unsupported,valid,skin,unknown,C,,1.0,0.0,0.0,1.0,0.0,0.0,0.0,0.0,"['erythema', 'scaling']",train
55b1e00b-7563-405d-867c-3e48f075a8f8,Roboflow,C:\Users\ESSAKKI RAJA T  EV\OneDrive\Desktop\DB PAWPHILE\Dog Skin Disease Dataset.v2i.folder\train\fungal infection\fungal_inf_21_jpg.rf.47efcf3414cf6d553240cee2e5c4bcdb.jpg,1320,1bcc0819-7789-436b-836b-c16f10d6de3f,fungal infection,fungal infection,"[""alopecia"", ""scaling""]",disease-level (provisional),research-only,unsupported,train,skin,unknown,C,,0.0,1.0,0.0,1.0,0.0,0.0,0.0,0.0,"['alopecia', 'scaling']",train
6e7ca7f2-7165-427c-89a4-baef8df6ae13,Roboflow,C:\Users\ESSAKKI RAJA T  EV\OneDrive\Desktop\DB PAWPHILE\Dog Skin Disease Dataset.v2i.folder\train\hypersensitivity dermatitis\hypersensitivity_89_jpg.rf.e0ce2723001213b730d80077006bd041.jpg,253,8adbecfa-9759-4439-9085-587b67eb1d20,hypersensitivity dermatitis,hypersensitivity / allergic dermatitis,"[""erythema"", ""lichenification""]",disease-level (provisional),research-only,unsupported,train,skin,unknown,C,,1.0,0.0,0.0,0.0,0.0,0.0,0.0,1.0,"['erythema', 'lichenification']",train
950da219-c0d0-43e3-a317-66b9fbbb4990,Kaggle,C:\Users\ESSAKKI RAJA T  EV\OneDrive\Desktop\DB PAWPHILE\archive\test\Fungal_infections\pic90_jpg.rf.54c1d8e5270a1f4795ca4bb7c3740e94.jpg,1589,c7c8a76a-d784-4a8c-b4df-302648eca826,Fungal_infections,fungal infection,"[""alopecia"", ""scaling""]",disease-level (provisional),research-only,unsupported,test,skin,unknown,C,,0.0,1.0,0.0,1.0,0.0,0.0,0.0,0.0,"['alopecia', 'scaling']",train
d042e834-a831-40bb-8b29-2901d9675cea,Kaggle,C:\Users\ESSAKKI RAJA T  EV\OneDrive\Desktop\DB PAWPHILE\archive\train\demodicosis\D110_png_jpg.rf.b9c13943c474e7dde0ebdf0e7a27f361.jpg,1900,03c89335-0346-4309-97a0-18327a0be207,demodicosis,demodicosis,"[""alopecia"", ""erythema"", ""crust""]",disease-level (provisional),research-only,unsupported,train,skin,unknown,C,,1.0,1.0,1.0,0.0,0.0,0.0,0.0,0.0,"['alopecia', 'erythema', 'crust']",train
04dbb89c-b89c-4db1-8c76-76ba7019dbbb,Roboflow,C:\Users\ESSAKKI RAJA T  EV\OneDrive\Desktop\DB PAWPHILE\Dog Skin Disease Dataset.v2i.folder\train\fungal infection\fungal_204_jpg.rf.d60b70c98a2aa93df0236549fb44b1da.jpg,1642,bc73fcfe-0010-4c6d-a491-4a4127248357,fungal infection,fungal infection,"[""alopecia"", ""scaling""]",disease-level (provisional),research-only,unsupported,train,skin,unknown,C,,0.0,1.0,0.0,1.0,0.0,0.0,0.0,0.0,"['alopecia', 'scaling']",train
7cc8635f-90c8-4c5a-b196-7cfaa5d5cbb8,Roboflow,C:\Users\ESSAKKI RAJA T  EV\OneDrive\Desktop\DB PAWPHILE\Dog Skin Disease Dataset.v2i.folder\train\bacterial dermatosis\bacterial_48_jpg.rf.e9d4bfb2a93053d29efb5b1af1cc5440.jpg,1380,46c9104a-a94a-48f6-a0ea-e9c1e5c8811e,bacterial dermatosis,bacterial dermatosis,"[""erythema"", ""pustule"", ""crust""]",disease-level (provisional),research-only,unsupported,train,skin,unknown,C,,1.0,0.0,1.0,0.0,0.0,0.0,1.0,0.0,"['erythema', 'pustule', 'crust']",train
98fe0afb-0b6f-447f-a136-c0bd3575c488,Kaggle,C:\Users\ESSAKKI RAJA T  EV\OneDrive\Desktop\DB PAWPHILE\archive\valid\Healthy\082_jpg.rf.b6914e657357ac23c2f619e3a06c67f4.jpg,1461,15d1247a-51d3-4d33-b26d-d9c72177dfee,Healthy,healthy,[],disease-level (provisional),research-only,unsupported,valid,skin,unknown,C,,0.0,0.0,0.0,0.0,0.0,0.0,0.0,0.0,[],train
5562c915-c7ce-4093-a3b4-426162fa2caa,Roboflow,C:\Users\ESSAKKI RAJA T  EV\OneDrive\Desktop\DB PAWPHILE\Dog Skin Disease Dataset.v2i.folder\test\bacterial dermatosis\bacterial_337_jpg.rf.3ddc555ac827885d5ebd9d5582a4aeb8.jpg,330,090e6b75-34d7-432f-a181-550a87439285,bacterial dermatosis,bacterial dermatosis,"[""erythema"", ""pustule"", ""crust""]",disease-level (provisional),research-only,unsupported,test,skin,unknown,C,,1.0,0.0,1.0,0.0,0.0,0.0,1.0,0.0,"['erythema', 'pustule', 'crust']",train
211abf4b-7ca9-413e-ab0d-b4c09090eeee,Roboflow,C:\Users\ESSAKKI RAJA T  EV\OneDrive\Desktop\DB PAWPHILE\Dog Skin Disease Dataset.v2i.folder\valid\hypersensitivity dermatitis\hypersensitivity_4_jpg.rf.a8bad3aa724d1ca9ec14d55229b0f1c4.jpg,608,03165955-a064-4d3e-a9c1-8abb9121a9c9,hypersensitivity dermatitis,hypersensitivity / allergic dermatitis,"[""erythema"", ""lichenification""]",disease-level (provisional),research-only,unsupported,valid,skin,unknown,C,,1.0,0.0,0.0,0.0,0.0,0.0,0.0,1.0,"['erythema', 'lichenification']",train
0750e99d-5393-4116-aa1b-95a7c8cd3f66,Kaggle,C:\Users\ESSAKKI RAJA T  EV\OneDrive\Desktop\DB PAWPHILE\archive\test\ringworm\R27_png_jpg.rf.222392f753e3302a0913b85a19243321.jpg,576,009cf828-ff9a-4643-bb92-828f84b2bb77,ringworm,fungal infection,"[""alopecia"", ""scaling""]",disease-level (provisional),research-only,unsupported,test,skin,unknown,C,,0.0,1.0,0.0,1.0,0.0,0.0,0.0,0.0,"['alopecia', 'scaling']",train
5019a2b5-4a47-4506-8936-7e88c9d117d8,Kaggle,C:\Users\ESSAKKI RAJA T  EV\OneDrive\Desktop\DB PAWPHILE\archive\valid\demodicosis\P13_png_jpg.rf.0654cca913a4c1f063a6f5149cd4ed2e.jpg,566,81e27d57-527c-4d42-977d-21473672ea4f,demodicosis,demodicosis,"[""alopecia"", ""erythema"", ""crust""]",disease-level (provisional),research-only,unsupported,valid,skin,unknown,C,,1.0,1.0,1.0,0.0,0.0,0.0,0.0,0.0,"['alopecia', 'erythema', 'crust']",train
44a18238-39ff-4b08-b9b8-65805e42ff3b,Kaggle,C:\Users\ESSAKKI RAJA T  EV\OneDrive\Desktop\DB PAWPHILE\archive\train\Healthy\images-35_jpg.rf.051b1aad40859ee6ce83dde035cc3722.jpg,751,9aafec3f-6bb9-4b53-bf1a-6e2846ee5e15,Healthy,healthy,[],disease-level (provisional),research-only,unsupported,train,skin,unknown,C,,0.0,0.0,0.0,0.0,0.0,0.0,0.0,0.0,[],train
dee345c6-1e17-4cca-94d2-b3b5a62c4a36,Kaggle,C:\Users\ESSAKKI RAJA T  EV\OneDrive\Desktop\DB PAWPHILE\archive\valid\demodicosis\scabies_132_png_jpg.rf.c6f8fb466ef7cfcb5ec3f4d5795c7581.jpg,1116,e3043fa8-5883-4139-a587-e0950a70aaa9,demodicosis,demodicosis,"[""alopecia"", ""erythema"", ""crust""]",disease-level (provisional),research-only,unsupported,valid,skin,unknown,C,,1.0,1.0,1.0,0.0,0.0,0.0,0.0,0.0,"['alopecia', 'erythema', 'crust']",train
5bb9e294-07e0-40f4-9235-b11a4e3689bc,Roboflow,C:\Users\ESSAKKI RAJA T  EV\OneDrive\Desktop\DB PAWPHILE\Dog Skin Disease Dataset.v2i.folder\test\fungal infection\fungal_30_jpg.rf.5e9334a076896b14ffdd95f037f7cfa5.jpg,1664,543991bd-befb-4446-9db1-8050d9c481ca,fungal infection,fungal infection,"[""alopecia"", ""scaling""]",disease-level (provisional),research-only,unsupported,test,skin,unknown,C,,0.0,1.0,0.0,1.0,0.0,0.0,0.0,0.0,"['alopecia', 'scaling']",train
e0d191e8-3b20-424e-ad1e-b4de7b7263d0,Kaggle,C:\Users\ESSAKKI RAJA T  EV\OneDrive\Desktop\DB PAWPHILE\archive\test\Dermatitis\1000010680_x16_jpg.rf.022565ad71fbc7c3f9527a89d399c72a.jpg,54,e76b9f4f-2cf0-4ec1-b839-17588e00fdf7,Dermatitis,nonspecific dermatitis,"[""erythema"", ""scaling""]",disease-level (provisional),research-only,unsupported,test,skin,unknown,C,,1.0,0.0,0.0,1.0,0.0,0.0,0.0,0.0,"['erythema', 'scaling']",train
8373defc-e547-4e0c-ac3c-422ac41e940a,Roboflow,C:\Users\ESSAKKI RAJA T  EV\OneDrive\Desktop\DB PAWPHILE\Dog Skin Disease Dataset.v2i.folder\valid\bacterial dermatosis\bacterial_56_jpg.rf.027f43e89eb95b53e4ef786ac9d2e99e.jpg,651,9ac5dc01-95d9-4c93-ab1e-ad7c7bf501c3,bacterial dermatosis,bacterial dermatosis,"[""erythema"", ""pustule"", ""crust""]",disease-level (provisional),research-only,unsupported,valid,skin,unknown,C,,1.0,0.0,1.0,0.0,0.0,0.0,1.0,0.0,"['erythema', 'pustule', 'crust']",train
28b094ec-1551-4a50-9888-1038e7444aef,Roboflow,C:\Users\ESSAKKI RAJA T  EV\OneDrive\Desktop\DB PAWPHILE\Dog Skin Disease Dataset.v2i.folder\train\bacterial dermatosis\bacterial_18_jpg.rf.45b3ac11ba32cab94ec8ef2783c703e6.jpg,657,8d933def-19d6-4f04-967e-26a2b95c7f0f,bacterial dermatosis,bacterial dermatosis,"[""erythema"", ""pustule"", ""crust""]",disease-level (provisional),research-only,unsupported,train,skin,unknown,C,,1.0,0.0,1.0,0.0,0.0,0.0,1.0,0.0,"['erythema', 'pustule', 'crust']",train
217d991c-42e1-4e09-9093-f07910511ba9,Roboflow,C:\Users\ESSAKKI RAJA T  EV\OneDrive\Desktop\DB PAWPHILE\Dog Skin Disease Dataset.v2i.folder\valid\bacterial dermatosis\bacterial_167_jpg.rf.73d59d738bf8ead519df49f4eeaf2182.jpg,775,5f5bc295-9d9d-4c85-9df2-dad4372942a1,bacterial dermatosis,bacterial dermatosis,"[""erythema"", ""pustule"", ""crust""]",disease-level (provisional),research-only,unsupported,valid,skin,unknown,C,,1.0,0.0,1.0,0.0,0.0,0.0,1.0,0.0,"['erythema', 'pustule', 'crust']",train
7a82a465-4d7b-4c61-af65-fada0fd2de74,Roboflow,C:\Users\ESSAKKI RAJA T  EV\OneDrive\Desktop\DB PAWPHILE\Dog Skin Disease Dataset.v2i.folder\valid\healthy\healthy_368_jpg.rf.58be54e46a76460a7e8f2a1909174086.jpg,1344,58d3b7ca-6cba-4213-b160-9104f3513406,healthy,healthy,[],disease-level (provisional),research-only,unsupported,valid,skin,unknown,C,,0.0,0.0,0.0,0.0,0.0,0.0,0.0,0.0,[],train
ec62c985-2ba9-4949-a418-0d01e930453f,Roboflow,C:\Users\ESSAKKI RAJA T  EV\OneDrive\Desktop\DB PAWPHILE\Dog Skin Disease Dataset.v2i.folder\valid\bacterial dermatosis\bacterial_99_jpg.rf.806dafb091d2e74e69ab5b1b05f02dbb.jpg,268,0bbebd06-cb2f-4090-beb0-037973b5678c,bacterial dermatosis,bacterial dermatosis,"[""erythema"", ""pustule"", ""crust""]",disease-level (provisional),research-only,unsupported,valid,skin,unknown,C,,1.0,0.0,1.0,0.0,0.0,0.0,1.0,0.0,"['erythema', 'pustule', 'crust']",train
e3047e0f-b6a4-45b1-94fe-810020c62178,Kaggle,C:\Users\ESSAKKI RAJA T  EV\OneDrive\Desktop\DB PAWPHILE\archive\test\Healthy\HEALTHY_032_jpg.rf.d3c1a8d9dc983a8a23f3ea7d87b67d40.jpg,1234,58c55193-2c83-4305-aaaf-ab024dc6ca9d,Healthy,healthy,[],disease-level (provisional),research-only,unsupported,test,skin,unknown,C,,0.0,0.0,0.0,0.0,0.0,0.0,0.0,0.0,[],train
a996cb66-a688-46bb-bb8e-dddeaaa6e05c,Roboflow,C:\Users\ESSAKKI RAJA T  EV\OneDrive\Desktop\DB PAWPHILE\Dog Skin Disease Dataset.v2i.folder\train\hypersensitivity dermatitis\hypersensitivity_10_jpg.rf.4585e6aa0d3df36e2cd1581db28caeb2.jpg,867,d4d36858-911e-4625-9986-4ddb18dab23c,hypersensitivity dermatitis,hypersensitivity / allergic dermatitis,"[""erythema"", ""lichenification""]",disease-level (provisional),research-only,unsupported,train,skin,unknown,C,,1.0,0.0,0.0,0.0,0.0,0.0,0.0,1.0,"['erythema', 'lichenification']",train
3eb35d31-c9af-4374-b7ea-66e1259e085a,Kaggle,C:\Users\ESSAKKI RAJA T  EV\OneDrive\Desktop\DB PAWPHILE\archive\train\demodicosis\IMG_5290_jpeg_jpg.rf.f52f6829e6d3f34ed5adb21931c70b23.jpg,731,2f3a01a5-d219-4ea3-adf7-30bb4cdf88e6,demodicosis,demodicosis,"[""alopecia"", ""erythema"", ""crust""]",disease-level (provisional),research-only,unsupported,train,skin,unknown,C,,1.0,1.0,1.0,0.0,0.0,0.0,0.0,0.0,"['alopecia', 'erythema', 'crust']",train
07da93ae-37c3-4593-9df5-2f3ea0c50121,Roboflow,C:\Users\ESSAKKI RAJA T  EV\OneDrive\Desktop\DB PAWPHILE\Dog Skin Disease Dataset.v2i.folder\train\bacterial dermatosis\bacterial_297_jpg.rf.6fd4508f6ee78fb635482e72259abcb5.jpg,174,4b21799b-46cd-46e7-ae22-d3a686e009de,bacterial dermatosis,bacterial dermatosis,"[""erythema"", ""pustule"", ""crust""]",disease-level (provisional),research-only,unsupported,train,skin,unknown,C,,1.0,0.0,1.0,0.0,0.0,0.0,1.0,0.0,"['erythema', 'pustule', 'crust']",train
791b3660-50fa-4ec3-a2f2-f0683a59c4dd,Kaggle,C:\Users\ESSAKKI RAJA T  EV\OneDrive\Desktop\DB PAWPHILE\archive\valid\Dermatitis\May-is-allergy-awareness-month-here-at-The-Shot-Spot_01552_jpg.rf.291842f24a238e845bb5348154338d61.jpg,744,81400e20-0de6-4dcf-8ac8-b0803fb69bac,Dermatitis,nonspecific dermatitis,"[""erythema"", ""scaling""]",disease-level (provisional),research-only,unsupported,valid,skin,unknown,C,,1.0,0.0,0.0,1.0,0.0,0.0,0.0,0.0,"['erythema', 'scaling']",train
4c34eeae-e8bb-467c-8f9d-465701efda60,Roboflow,C:\Users\ESSAKKI RAJA T  EV\OneDrive\Desktop\DB PAWPHILE\Dog Skin Disease Dataset.v2i.folder\train\fungal infection\fungal_119_jpg.rf.3100d96eb620de4d99045bc72003ef49.jpg,570,53873f31-d99e-41b5-909a-a49f78e21f95,fungal infection,fungal infection,"[""alopecia"", ""scaling""]",disease-level (provisional),research-only,unsupported,train,skin,unknown,C,,0.0,1.0,0.0,1.0,0.0,0.0,0.0,0.0,"['alopecia', 'scaling']",train
e9e53c50-02f7-4daa-9097-b741bc95d652,Roboflow,C:\Users\ESSAKKI RAJA T  EV\OneDrive\Desktop\DB PAWPHILE\Dog Skin Disease Dataset.v2i.folder\train\bacterial dermatosis\bacterial_250_jpg.rf.3be1c190d9c9de966cc95ef434e5abd0.jpg,1181,4b471408-c4c2-4bb6-a1a4-b982fcdce8e7,bacterial dermatosis,bacterial dermatosis,"[""erythema"", ""pustule"", ""crust""]",disease-level (provisional),research-only,unsupported,train,skin,unknown,C,,1.0,0.0,1.0,0.0,0.0,0.0,1.0,0.0,"['erythema', 'pustule', 'crust']",train
bd37760f-92c6-42df-b82c-69aefa628a18,Kaggle,C:\Users\ESSAKKI RAJA T  EV\OneDrive\Desktop\DB PAWPHILE\archive\valid\Dermatitis\1000010727_x4_jpg.rf.8e41693849a5ef1fb788cef98669fae1.jpg,362,6a07ad8d-1898-4c14-bc93-c0438dd56d38,Dermatitis,nonspecific dermatitis,"[""erythema"", ""scaling""]",disease-level (provisional),research-only,unsupported,valid,skin,unknown,C,,1.0,0.0,0.0,1.0,0.0,0.0,0.0,0.0,"['erythema', 'scaling']",train
952ba4d0-7d3b-44bd-8ecc-d7c12fd1f099,Roboflow,C:\Users\ESSAKKI RAJA T  EV\OneDrive\Desktop\DB PAWPHILE\Dog Skin Disease Dataset.v2i.folder\train\hypersensitivity dermatitis\hypersensitivity_119_jpg.rf.3dd40e3e43ac3db0d999b097ff8934cb.jpg,1293,eb971e0e-1691-4909-a690-ad64ed44bf5d,hypersensitivity dermatitis,hypersensitivity / allergic dermatitis,"[""erythema"", ""lichenification""]",disease-level (provisional),research-only,unsupported,train,skin,unknown,C,,1.0,0.0,0.0,0.0,0.0,0.0,0.0,1.0,"['erythema', 'lichenification']",train
8b81920d-d19d-4836-9347-7737efbc2462,Roboflow,C:\Users\ESSAKKI RAJA T  EV\OneDrive\Desktop\DB PAWPHILE\Dog Skin Disease Dataset.v2i.folder\valid\hypersensitivity dermatitis\hypersensitivity_221_jpg.rf.592568aad633c6c3ae6f83cfc52f74dd.jpg,1303,c40ada84-a098-4c47-8ccc-ae7e197484d2,hypersensitivity dermatitis,hypersensitivity / allergic dermatitis,"[""erythema"", ""lichenification""]",disease-level (provisional),research-only,unsupported,valid,skin,unknown,C,,1.0,0.0,0.0,0.0,0.0,0.0,0.0,1.0,"['erythema', 'lichenification']",train
44ff2064-e4f8-479b-8802-a3f166ce16a3,Roboflow,C:\Users\ESSAKKI RAJA T  EV\OneDrive\Desktop\DB PAWPHILE\Dog Skin Disease Dataset.v2i.folder\test\healthy\healthy_85_jpg.rf.4e521f546d027c7dfe916aeeb7df7d56.jpg,1442,e072f66b-ad43-4924-a625-16eedeeb3bea,healthy,healthy,[],disease-level (provisional),research-only,unsupported,test,skin,unknown,C,,0.0,0.0,0.0,0.0,0.0,0.0,0.0,0.0,[],train
4ef0f36a-059c-41c1-84f5-42ef44cdc239,Kaggle,C:\Users\ESSAKKI RAJA T  EV\OneDrive\Desktop\DB PAWPHILE\archive\valid\Hypersensitivity\26_jpg.rf.3ad5481098f60ab17bebf5cae9f08b3f.jpg,1255,63afe3b0-0b9a-427f-8adf-cd2d56c4b5e1,Hypersensitivity,hypersensitivity / allergic dermatitis,"[""erythema"", ""lichenification""]",disease-level (provisional),research-only,unsupported,valid,skin,unknown,C,,1.0,0.0,0.0,0.0,0.0,0.0,0.0,1.0,"['erythema', 'lichenification']",train
e8a8fb91-83a1-436d-9eb1-9aa7c797cf0c,Kaggle,C:\Users\ESSAKKI RAJA T  EV\OneDrive\Desktop\DB PAWPHILE\archive\test\demodicosis\P31_png_jpg.rf.b191799be76471527235af3064787a50.jpg,1086,322e9f76-a7a7-490c-b30f-8d4c26309acc,demodicosis,demodicosis,"[""alopecia"", ""erythema"", ""crust""]",disease-level (provisional),research-only,unsupported,test,skin,unknown,C,,1.0,1.0,1.0,0.0,0.0,0.0,0.0,0.0,"['alopecia', 'erythema', 'crust']",train
b6936e2d-7d36-41bf-bfcd-0f2605eb7376,Roboflow,C:\Users\ESSAKKI RAJA T  EV\OneDrive\Desktop\DB PAWPHILE\Dog Skin Disease Dataset.v2i.folder\train\bacterial dermatosis\bacterial_368_jpg.rf.13f272762fc53b0301b225b7377e9359.jpg,1814,070ab936-f344-4955-b508-1d7bd0628da8,bacterial dermatosis,bacterial dermatosis,"[""erythema"", ""pustule"", ""crust""]",disease-level (provisional),research-only,unsupported,train,skin,unknown,C,,1.0,0.0,1.0,0.0,0.0,0.0,1.0,0.0,"['erythema', 'pustule', 'crust']",train
e0040ba2-d00f-4b28-957a-d07d7c6586a8,Roboflow,C:\Users\ESSAKKI RAJA T  EV\OneDrive\Desktop\DB PAWPHILE\Dog Skin Disease Dataset.v2i.folder\train\healthy\healthy_246_jpg.rf.7e84bf245bbea02e499dae8b5e93fa8c.jpg,340,323fef2a-b0d3-47fe-8cfc-babf3ca921e6,healthy,healthy,[],disease-level (provisional),research-only,unsupported,train,skin,unknown,C,,0.0,0.0,0.0,0.0,0.0,0.0,0.0,0.0,[],train
17706eff-5589-43e4-9e62-66dcc7fdd602,Kaggle,C:\Users\ESSAKKI RAJA T  EV\OneDrive\Desktop\DB PAWPHILE\archive\test\demodicosis\P37_png_jpg.rf.a5fb5cefd332de69f346e4b1f25a6629.jpg,512,eaed27f2-92c8-4998-af17-a9c552d9d590,demodicosis,demodicosis,"[""alopecia"", ""erythema"", ""crust""]",disease-level (provisional),research-only,unsupported,test,skin,unknown,C,,1.0,1.0,1.0,0.0,0.0,0.0,0.0,0.0,"['alopecia', 'erythema', 'crust']",train
cc167047-195e-4bda-93f2-90759ee7ab62,Roboflow,C:\Users\ESSAKKI RAJA T  EV\OneDrive\Desktop\DB PAWPHILE\Dog Skin Disease Dataset.v2i.folder\test\hypersensitivity dermatitis\hypersensitivity_29_jpg.rf.dde0293596e8d54a69ce04e0ccb69987.jpg,462,f3fbb2d0-95e6-4600-8429-94c80b3f2f18,hypersensitivity dermatitis,hypersensitivity / allergic dermatitis,"[""erythema"", ""lichenification""]",disease-level (provisional),research-only,unsupported,test,skin,unknown,C,,1.0,0.0,0.0,0.0,0.0,0.0,0.0,1.0,"['erythema', 'lichenification']",train
6c10866c-6041-4fc7-b38f-1a42b4bcf240,Roboflow,C:\Users\ESSAKKI RAJA T  EV\OneDrive\Desktop\DB PAWPHILE\Dog Skin Disease Dataset.v2i.folder\valid\hypersensitivity dermatitis\hypersensitivity_110_jpg.rf.b9c119f820486bffa0e204ec31013f2d.jpg,798,d113bf74-42d4-454c-9371-282598f56dda,hypersensitivity dermatitis,hypersensitivity / allergic dermatitis,"[""erythema"", ""lichenification""]",disease-level (provisional),research-only,unsupported,valid,skin,unknown,C,,1.0,0.0,0.0,0.0,0.0,0.0,0.0,1.0,"['erythema', 'lichenification']",train
912726c9-0320-40d2-9d9b-637e8ee11d27,Roboflow,C:\Users\ESSAKKI RAJA T  EV\OneDrive\Desktop\DB PAWPHILE\Dog Skin Disease Dataset.v2i.folder\train\healthy\healthy_354_jpg.rf.a9d6c657c4b0f231296ad3f4dc3dbc20.jpg,757,77f1ed10-df36-4322-b9f3-ac69df010550,healthy,healthy,[],disease-level (provisional),research-only,unsupported,train,skin,unknown,C,,0.0,0.0,0.0,0.0,0.0,0.0,0.0,0.0,[],train
aa4c51d0-9e4a-48bb-ad5e-9277b2e7bc6d,Roboflow,C:\Users\ESSAKKI RAJA T  EV\OneDrive\Desktop\DB PAWPHILE\Dog Skin Disease Dataset.v2i.folder\valid\fungal infection\fungal_37_jpg.rf.4d58403ba3d1826c28961deefc1522f5.jpg,1208,2279d7b0-d2a9-4039-826a-33d1fd88f19d,fungal infection,fungal infection,"[""alopecia"", ""scaling""]",disease-level (provisional),research-only,unsupported,valid,skin,unknown,C,,0.0,1.0,0.0,1.0,0.0,0.0,0.0,0.0,"['alopecia', 'scaling']",train
99fe97df-ec14-4d68-b36e-a472b41c707e,Kaggle,C:\Users\ESSAKKI RAJA T  EV\OneDrive\Desktop\DB PAWPHILE\archive\valid\ringworm\ringworm-148-_jpg.rf.bee7d7576e186668d2ba440ab8be22e6.jpg,858,50b05d1f-db3a-4d2c-a16b-e0f59b30d96f,ringworm,fungal infection,"[""alopecia"", ""scaling""]",disease-level (provisional),research-only,unsupported,valid,skin,unknown,C,,0.0,1.0,0.0,1.0,0.0,0.0,0.0,0.0,"['alopecia', 'scaling']",train
9ff62b7f-6e51-47f7-9bb2-1832af8bf1dd,Multispectral,C:\Users\ESSAKKI RAJA T  EV\OneDrive\Desktop\DB PAWPHILE\Classification of pet dog skin diseases using deep learning with images captured from multispectral imaging device\5dbht54kw7-1\dog210617_01_02_05\pic8.jpg,381,cbcd8cd0-59a4-4be8-8c7a-826c1d438915,unknown,unknown,[],disease-level (provisional),research-only,unsupported,none,skin,pic8.jpg,B,,0.0,0.0,0.0,0.0,0.0,0.0,0.0,0.0,[],train
288f40e1-3078-4290-9199-fd15f9cff1e8,Roboflow,C:\Users\ESSAKKI RAJA T  EV\OneDrive\Desktop\DB PAWPHILE\Dog Skin Disease Dataset.v2i.folder\test\bacterial dermatosis\bacterial_295_jpg.rf.7821d223dbb536621033797acd04c8c8.jpg,1578,90bd96f1-6e33-45e5-9115-462198cdba62,bacterial dermatosis,bacterial dermatosis,"[""erythema"", ""pustule"", ""crust""]",disease-level (provisional),research-only,unsupported,test,skin,unknown,C,,1.0,0.0,1.0,0.0,0.0,0.0,1.0,0.0,"['erythema', 'pustule', 'crust']",train
51be88c4-04b8-4d59-bae6-9d659a4e320e,Kaggle,C:\Users\ESSAKKI RAJA T  EV\OneDrive\Desktop\DB PAWPHILE\archive\valid\demodicosis\2024-05-13-162802_jpg.rf.8337cb27da3175a6656b0354fe9388e9.jpg,1100,333f7525-f83b-43db-969b-cdfe874e892d,demodicosis,demodicosis,"[""alopecia"", ""erythema"", ""crust""]",disease-level (provisional),research-only,unsupported,valid,skin,unknown,C,,1.0,1.0,1.0,0.0,0.0,0.0,0.0,0.0,"['alopecia', 'erythema', 'crust']",train
ea5f5cf6-bfd8-473b-860b-7f4112c3fa27,Kaggle,C:\Users\ESSAKKI RAJA T  EV\OneDrive\Desktop\DB PAWPHILE\archive\test\ringworm\R52_png_jpg.rf.b1780c365284ebc44086570e63489b3e.jpg,1095,d003ae5f-5405-4433-8212-e25b601ac227,ringworm,fungal infection,"[""alopecia"", ""scaling""]",disease-level (provisional),research-only,unsupported,test,skin,unknown,C,,0.0,1.0,0.0,1.0,0.0,0.0,0.0,0.0,"['alopecia', 'scaling']",train
de48b4b9-39cf-4ee0-9b15-631d54708146,Roboflow,C:\Users\ESSAKKI RAJA T  EV\OneDrive\Desktop\DB PAWPHILE\Dog Skin Disease Dataset.v2i.folder\test\fungal infection\fungal_155_jpg.rf.87d66ae785a4364641d30ef04d45f8c7.jpg,1204,30bd418a-8c70-463a-bce1-eeece1fc6b50,fungal infection,fungal infection,"[""alopecia"", ""scaling""]",disease-level (provisional),research-only,unsupported,test,skin,unknown,C,,0.0,1.0,0.0,1.0,0.0,0.0,0.0,0.0,"['alopecia', 'scaling']",train
60dce769-26dc-4f00-b34f-c30d94c0fcdb,Kaggle,C:\Users\ESSAKKI RAJA T  EV\OneDrive\Desktop\DB PAWPHILE\archive\train\Dermatitis\HOT-SPOT-IN-DOG-HOW-vet-treated-symptom-prevention_-flea-bite-moist-eczema_dog-itching-000357_png_jpg.rf.9e758ee6d404ff53c859efd769ac9b40.jpg,216,d622b279-6b10-428a-9f00-3303eeeb22c2,Dermatitis,nonspecific dermatitis,"[""erythema"", ""scaling""]",disease-level (provisional),research-only,unsupported,train,skin,unknown,C,,1.0,0.0,0.0,1.0,0.0,0.0,0.0,0.0,"['erythema', 'scaling']",train
9e5ba03e-3150-4484-9572-f568aee3a46c,Roboflow,C:\Users\ESSAKKI RAJA T  EV\OneDrive\Desktop\DB PAWPHILE\Dog Skin Disease Dataset.v2i.folder\train\bacterial dermatosis\bacterial_201_jpg.rf.1ecac50b78b1e032c0a5636140e871b9.jpg,478,773d179a-4b44-4716-ba20-e574f019e0c4,bacterial dermatosis,bacterial dermatosis,"[""erythema"", ""pustule"", ""crust""]",disease-level (provisional),research-only,unsupported,train,skin,unknown,C,,1.0,0.0,1.0,0.0,0.0,0.0,1.0,0.0,"['erythema', 'pustule', 'crust']",train
bc82e6d1-7d34-41b3-be1c-e034b85c8eca,Roboflow,C:\Users\ESSAKKI RAJA T  EV\OneDrive\Desktop\DB PAWPHILE\Dog Skin Disease Dataset.v2i.folder\test\hypersensitivity dermatitis\hypersensitivity_157_jpg.rf.1cbc010e32ef6c25ba72babc9d70ae97.jpg,1127,d79947de-d227-4e90-b4fc-d0f05d081c0c,hypersensitivity dermatitis,hypersensitivity / allergic dermatitis,"[""erythema"", ""lichenification""]",disease-level (provisional),research-only,unsupported,test,skin,unknown,C,,1.0,0.0,0.0,0.0,0.0,0.0,0.0,1.0,"['erythema', 'lichenification']",train
f5f4c5ca-21d1-4e4d-a2a7-f01c4983e277,Roboflow,C:\Users\ESSAKKI RAJA T  EV\OneDrive\Desktop\DB PAWPHILE\Dog Skin Disease Dataset.v2i.folder\test\fungal infection\fungal_332_jpg.rf.e218a7ade4a1dc27667550d7d1b18612.jpg,674,64a0cd2a-5201-4998-b855-f485a92ea4fa,fungal infection,fungal infection,"[""alopecia"", ""scaling""]",disease-level (provisional),research-only,unsupported,test,skin,unknown,C,,0.0,1.0,0.0,1.0,0.0,0.0,0.0,0.0,"['alopecia', 'scaling']",train
cbedb56e-db20-4317-8869-80e2ee1d023d,Kaggle,C:\Users\ESSAKKI RAJA T  EV\OneDrive\Desktop\DB PAWPHILE\archive\train\Dermatitis\1000010494_x16_jpg.rf.27270ae6ca262a313b7ee38d0bcd5cbb.jpg,769,702a01ed-2808-4e66-af88-5abb45c20060,Dermatitis,nonspecific dermatitis,"[""erythema"", ""scaling""]",disease-level (provisional),research-only,unsupported,train,skin,unknown,C,,1.0,0.0,0.0,1.0,0.0,0.0,0.0,0.0,"['erythema', 'scaling']",train
a6617a06-dab3-4482-a1d7-93d9395d6d19,Kaggle,C:\Users\ESSAKKI RAJA T  EV\OneDrive\Desktop\DB PAWPHILE\archive\test\ringworm\WIN_20240514_17_27_09_Pro_jpg.rf.9c5099c21c6e3d7a536e27f0175f85d4.jpg,811,806b3967-c233-44cc-bb4b-d7f563b8717c,ringworm,fungal infection,"[""alopecia"", ""scaling""]",disease-level (provisional),research-only,unsupported,test,skin,unknown,C,,0.0,1.0,0.0,1.0,0.0,0.0,0.0,0.0,"['alopecia', 'scaling']",train
786162e8-beaa-428f-9bbc-f00a3cf0c351,Roboflow,C:\Users\ESSAKKI RAJA T  EV\OneDrive\Desktop\DB PAWPHILE\Dog Skin Disease Dataset.v2i.folder\train\bacterial dermatosis\bacterial_94_jpg.rf.85c186fe1eb9a359314cf474a0d72201.jpg,1868,998f35d6-7941-4877-a854-b95cd3a5a964,bacterial dermatosis,bacterial dermatosis,"[""erythema"", ""pustule"", ""crust""]",disease-level (provisional),research-only,unsupported,train,skin,unknown,C,,1.0,0.0,1.0,0.0,0.0,0.0,1.0,0.0,"['erythema', 'pustule', 'crust']",train
e429b717-e1b1-4de7-a6f4-195d6f3a7660,Roboflow,C:\Users\ESSAKKI RAJA T  EV\OneDrive\Desktop\DB PAWPHILE\Dog Skin Disease Dataset.v2i.folder\test\healthy\healthy_train_17_jpg.rf.bae8e82e2e343e27ebe3c907484160db.jpg,1307,046c14c2-e671-43a6-9de6-0dbee32c7341,healthy,healthy,[],disease-level (provisional),research-only,unsupported,test,skin,unknown,C,,0.0,0.0,0.0,0.0,0.0,0.0,0.0,0.0,[],train
3fc9ea18-4dfe-4877-8e20-7076968efe72,Kaggle,C:\Users\ESSAKKI RAJA T  EV\OneDrive\Desktop\DB PAWPHILE\archive\test\demodicosis\D113_png_jpg.rf.aee2e613f5dd72fa9250df4c731ffb14.jpg,503,58f61d02-bd4c-47e7-8a65-923b5530f4f0,demodicosis,demodicosis,"[""alopecia"", ""erythema"", ""crust""]",disease-level (provisional),research-only,unsupported,test,skin,unknown,C,,1.0,1.0,1.0,0.0,0.0,0.0,0.0,0.0,"['alopecia', 'erythema', 'crust']",train
6d35a6f5-882d-4d06-9f7a-77d974bda86c,Kaggle,C:\Users\ESSAKKI RAJA T  EV\OneDrive\Desktop\DB PAWPHILE\archive\test\Healthy\dogs_076_jpg.rf.2ac0c5b9666c69adc8b1ad815ada2b9d.jpg,588,9d1f92ac-b39e-42e7-9bcb-c4353800cf15,Healthy,healthy,[],disease-level (provisional),research-only,unsupported,test,skin,unknown,C,,0.0,0.0,0.0,0.0,0.0,0.0,0.0,0.0,[],train
3732b3d9-a441-4afe-9458-12b102e52baa,Kaggle,C:\Users\ESSAKKI RAJA T  EV\OneDrive\Desktop\DB PAWPHILE\archive\test\ringworm\R40_png_jpg.rf.09230a8c8c44c05045cee5e1f702dc92.jpg,1432,232ab56a-3902-4b37-8f3e-4b7e303d6a07,ringworm,fungal infection,"[""alopecia"", ""scaling""]",disease-level (provisional),research-only,unsupported,test,skin,unknown,C,,0.0,1.0,0.0,1.0,0.0,0.0,0.0,0.0,"['alopecia', 'scaling']",train
b9df647f-4f49-4030-b0d9-f30145cfbaae,Kaggle,C:\Users\ESSAKKI RAJA T  EV\OneDrive\Desktop\DB PAWPHILE\archive\train\Fungal_infections\FUNGAL-INFECTION_011_jpg.rf.eb5a5abebdca9f95df8df3b9aec5dbe7.jpg,1465,debc70b7-ab99-4786-b7d5-43bfe10e654b,Fungal_infections,fungal infection,"[""alopecia"", ""scaling""]",disease-level (provisional),research-only,unsupported,train,skin,unknown,C,,0.0,1.0,0.0,1.0,0.0,0.0,0.0,0.0,"['alopecia', 'scaling']",train
4c22e821-d7d2-4c93-9997-8283529069b8,Roboflow,C:\Users\ESSAKKI RAJA T  EV\OneDrive\Desktop\DB PAWPHILE\Dog Skin Disease Dataset.v2i.folder\train\bacterial dermatosis\bacterial_derm_43_jpg.rf.188b7f09273ecacadbf644d88d3c3d08.jpg,892,c8ad9edd-27b3-4bf3-93e5-d403bb96acfd,bacterial dermatosis,bacterial dermatosis,"[""erythema"", ""pustule"", ""crust""]",disease-level (provisional),research-only,unsupported,train,skin,unknown,C,,1.0,0.0,1.0,0.0,0.0,0.0,1.0,0.0,"['erythema', 'pustule', 'crust']",train
09cc8f33-0b6c-4c0e-b001-d9666eec456f,Kaggle,C:\Users\ESSAKKI RAJA T  EV\OneDrive\Desktop\DB PAWPHILE\archive\valid\Healthy\00_jpg.rf.989c3aa2f2efb8e45b6994ba3685e646.jpg,1502,9561e901-e2f2-4ec4-ad6b-ba400e4e880d,Healthy,healthy,[],disease-level (provisional),research-only,unsupported,valid,skin,unknown,C,,0.0,0.0,0.0,0.0,0.0,0.0,0.0,0.0,[],train
132642b8-93b6-4937-8e21-5d7adfd5c042,Roboflow,C:\Users\ESSAKKI RAJA T  EV\OneDrive\Desktop\DB PAWPHILE\Dog Skin Disease Dataset.v2i.folder\valid\healthy\healthy_268_jpg.rf.b84131af3606ec750aad12d4c515f13f.jpg,456,5bbd240e-ca05-4e80-8286-fe926efe9cb0,healthy,healthy,[],disease-level (provisional),research-only,unsupported,valid,skin,unknown,C,,0.0,0.0,0.0,0.0,0.0,0.0,0.0,0.0,[],train
cfe21e45-bdc9-47de-add6-0858bd172de8,Kaggle,C:\Users\ESSAKKI RAJA T  EV\OneDrive\Desktop\DB PAWPHILE\archive\valid\demodicosis\IMG_5226_jpeg_jpg.rf.fe58bcbf3d733111c1ad1dbccbfa1c83.jpg,1240,3a462efa-b565-40ce-9d81-ee84062ce938,demodicosis,demodicosis,"[""alopecia"", ""erythema"", ""crust""]",disease-level (provisional),research-only,unsupported,valid,skin,unknown,C,,1.0,1.0,1.0,0.0,0.0,0.0,0.0,0.0,"['alopecia', 'erythema', 'crust']",train
d5a33f79-30f1-45e9-be7f-d84497cf5180,Roboflow,C:\Users\ESSAKKI RAJA T  EV\OneDrive\Desktop\DB PAWPHILE\Dog Skin Disease Dataset.v2i.folder\train\bacterial dermatosis\bacterial19_jpg.rf.5499f4ec4a3046ee2e489559a15f35aa.jpg,631,ecd2986f-cbdf-4805-9348-fa93b8d2d2bb,bacterial dermatosis,bacterial dermatosis,"[""erythema"", ""pustule"", ""crust""]",disease-level (provisional),research-only,unsupported,train,skin,unknown,C,,1.0,0.0,1.0,0.0,0.0,0.0,1.0,0.0,"['erythema', 'pustule', 'crust']",train
0484463e-d961-45c8-b5e0-06bfba9e899f,Kaggle,C:\Users\ESSAKKI RAJA T  EV\OneDrive\Desktop\DB PAWPHILE\archive\test\ringworm\80b5eb_799a7e6d4c1444318ee3e4280_jpg.rf.2d5a475c83b217501c63c11dee8450e5.jpg,255,68411044-e7c5-4ffb-abe5-787ea1bbee7a,ringworm,fungal infection,"[""alopecia"", ""scaling""]",disease-level (provisional),research-only,unsupported,test,skin,unknown,C,,0.0,1.0,0.0,1.0,0.0,0.0,0.0,0.0,"['alopecia', 'scaling']",train
85817757-0156-40fd-86a2-20dc11d3c82d,Roboflow,C:\Users\ESSAKKI RAJA T  EV\OneDrive\Desktop\DB PAWPHILE\Dog Skin Disease Dataset.v2i.folder\train\bacterial dermatosis\bacterial_249_jpg.rf.249a0885fd4d28c8df2664b3981748a7.jpg,1265,b1862faa-40fd-42a8-879b-2d316f2a98dd,bacterial dermatosis,bacterial dermatosis,"[""erythema"", ""pustule"", ""crust""]",disease-level (provisional),research-only,unsupported,train,skin,unknown,C,,1.0,0.0,1.0,0.0,0.0,0.0,1.0,0.0,"['erythema', 'pustule', 'crust']",train
0ef65c20-837a-4342-bcd1-69bc82664f22,Roboflow,C:\Users\ESSAKKI RAJA T  EV\OneDrive\Desktop\DB PAWPHILE\Dog Skin Disease Dataset.v2i.folder\train\fungal infection\fungal_232_jpg.rf.d20f209bebf8b242d0231104547d5ced.jpg,409,dfd90da6-13d8-42d5-9f8c-6e28fb179771,fungal infection,fungal infection,"[""alopecia"", ""scaling""]",disease-level (provisional),research-only,unsupported,train,skin,unknown,C,,0.0,1.0,0.0,1.0,0.0,0.0,0.0,0.0,"['alopecia', 'scaling']",train
138fb382-101e-4e02-b34c-acafa1ec5ae7,Kaggle,C:\Users\ESSAKKI RAJA T  EV\OneDrive\Desktop\DB PAWPHILE\archive\valid\ringworm\WIN_20240514_17_33_14_Pro_jpg.rf.7aaca2332edcee524e4b11038eb81614.jpg,713,be5b9f17-c8ab-4b22-a844-628d512d5ea5,ringworm,fungal infection,"[""alopecia"", ""scaling""]",disease-level (provisional),research-only,unsupported,valid,skin,unknown,C,,0.0,1.0,0.0,1.0,0.0,0.0,0.0,0.0,"['alopecia', 'scaling']",train
b75a69b7-a1db-4dbf-9fff-41903f442f49,Roboflow,C:\Users\ESSAKKI RAJA T  EV\OneDrive\Desktop\DB PAWPHILE\Dog Skin Disease Dataset.v2i.folder\train\fungal infection\fungal_414_jpg.rf.a9f4247f159978d39285d2f994dc6096.jpg,701,f872c4ac-f7ec-426e-80c1-86e67c4e44af,fungal infection,fungal infection,"[""alopecia"", ""scaling""]",disease-level (provisional),research-only,unsupported,train,skin,unknown,C,,0.0,1.0,0.0,1.0,0.0,0.0,0.0,0.0,"['alopecia', 'scaling']",train
87a4dbf6-5862-469b-9617-f378a7ac9532,Kaggle,C:\Users\ESSAKKI RAJA T  EV\OneDrive\Desktop\DB PAWPHILE\archive\train\ringworm\NEWR15_jpeg_jpg.rf.5bec93c91b2e5ffeff0b3f10019f9dc1.jpg,1623,43937a48-9db3-416d-877e-82363782c1e1,ringworm,fungal infection,"[""alopecia"", ""scaling""]",disease-level (provisional),research-only,unsupported,train,skin,unknown,C,,0.0,1.0,0.0,1.0,0.0,0.0,0.0,0.0,"['alopecia', 'scaling']",train
d0925dca-d33c-4537-8366-fabe7b4db15d,Kaggle,C:\Users\ESSAKKI RAJA T  EV\OneDrive\Desktop\DB PAWPHILE\archive\valid\demodicosis\2024-05-13-162032_4_jpg.rf.ba275650bb8a9e49fcfd63e170fd387f.jpg,1758,225b2d86-bd91-41d1-8131-a6c3c93c4aee,demodicosis,demodicosis,"[""alopecia"", ""erythema"", ""crust""]",disease-level (provisional),research-only,unsupported,valid,skin,unknown,C,,1.0,1.0,1.0,0.0,0.0,0.0,0.0,0.0,"['alopecia', 'erythema', 'crust']",train
50f7f532-ba3c-4ca0-9bd1-48797b17ae1a,Kaggle,C:\Users\ESSAKKI RAJA T  EV\OneDrive\Desktop\DB PAWPHILE\archive\valid\demodicosis\2024-05-13-162303_jpg.rf.f52a67fcc58fd3c0e1a4ae8ff6d27f18.jpg,547,a8730938-40db-47f7-9812-e764007c02c2,demodicosis,demodicosis,"[""alopecia"", ""erythema"", ""crust""]",disease-level (provisional),research-only,unsupported,valid,skin,unknown,C,,1.0,1.0,1.0,0.0,0.0,0.0,0.0,0.0,"['alopecia', 'erythema', 'crust']",train
c1e884d0-39f4-474e-bf51-dd9d22b814f3,Roboflow,C:\Users\ESSAKKI RAJA T  EV\OneDrive\Desktop\DB PAWPHILE\Dog Skin Disease Dataset.v2i.folder\train\healthy\healthy_127_jpg.rf.02f0a3ef93e15c9490bddd0d5ac1f54d.jpg,1235,ae82abf8-8f2b-4e00-a575-cf64af377d7b,healthy,healthy,[],disease-level (provisional),research-only,unsupported,train,skin,unknown,C,,0.0,0.0,0.0,0.0,0.0,0.0,0.0,0.0,[],train
44efeb9b-8f71-4028-8b1c-aed0720ab4cb,Roboflow,C:\Users\ESSAKKI RAJA T  EV\OneDrive\Desktop\DB PAWPHILE\Dog Skin Disease Dataset.v2i.folder\train\bacterial dermatosis\bacterial_146_jpg.rf.26a3e6d998b04b725061d2697873947d.jpg,679,737426ea-87f4-4e0a-b2fd-0486e7bbaee3,bacterial dermatosis,bacterial dermatosis,"[""erythema"", ""pustule"", ""crust""]",disease-level (provisional),research-only,unsupported,train,skin,unknown,C,,1.0,0.0,1.0,0.0,0.0,0.0,1.0,0.0,"['erythema', 'pustule', 'crust']",train
96f5423f-d4fd-4662-b5eb-a6c508673f67,Kaggle,C:\Users\ESSAKKI RAJA T  EV\OneDrive\Desktop\DB PAWPHILE\archive\train\Healthy\Image_7_jpg.rf.f6e4f57fb5a63d74b676378c26adbdc6.jpg,1075,fa56f785-da99-4109-a93b-e40da1bae1a1,Healthy,healthy,[],disease-level (provisional),research-only,unsupported,train,skin,unknown,C,,0.0,0.0,0.0,0.0,0.0,0.0,0.0,0.0,[],train
6d3471d4-11d8-49fd-92f7-afac23b33853,Kaggle,C:\Users\ESSAKKI RAJA T  EV\OneDrive\Desktop\DB PAWPHILE\archive\valid\Healthy\dogs_032_jpg.rf.b65d02d6c14c8e555ae777af41bc3163.jpg,949,30750e99-fd00-429c-bdd5-0d2975436992,Healthy,healthy,[],disease-level (provisional),research-only,unsupported,valid,skin,unknown,C,,0.0,0.0,0.0,0.0,0.0,0.0,0.0,0.0,[],train
694146f6-5672-4838-861c-84945d39c248,Roboflow,C:\Users\ESSAKKI RAJA T  EV\OneDrive\Desktop\DB PAWPHILE\Dog Skin Disease Dataset.v2i.folder\train\bacterial dermatosis\bacterial_217_jpg.rf.a8f07651b818233cff13bdae9712af51.jpg,426,c8f37762-fc9e-4fa4-8b0a-0be6733ae77d,bacterial dermatosis,bacterial dermatosis,"[""erythema"", ""pustule"", ""crust""]",disease-level (provisional),research-only,unsupported,train,skin,unknown,C,,1.0,0.0,1.0,0.0,0.0,0.0,1.0,0.0,"['erythema', 'pustule', 'crust']",train
3ed7904d-767a-4d2f-8cbd-8a5f45f03a2a,Kaggle,C:\Users\ESSAKKI RAJA T  EV\OneDrive\Desktop\DB PAWPHILE\archive\train\ringworm\NEWR50_png_jpg.rf.f36171757839d3512166c0343d00bd77.jpg,1956,e042a022-afd0-43df-b4dd-86c391b6afbf,ringworm,fungal infection,"[""alopecia"", ""scaling""]",disease-level (provisional),research-only,unsupported,train,skin,unknown,C,,0.0,1.0,0.0,1.0,0.0,0.0,0.0,0.0,"['alopecia', 'scaling']",train
cfcd4313-dd0b-45cc-8359-595bbdbccc4b,Kaggle,C:\Users\ESSAKKI RAJA T  EV\OneDrive\Desktop\DB PAWPHILE\archive\train\ringworm\ringworm-102-_jpg.rf.b236d6214a4110cefe74321a78059cc9.jpg,1093,9ca7fb18-54ab-4b44-b48a-9988140f7092,ringworm,fungal infection,"[""alopecia"", ""scaling""]",disease-level (provisional),research-only,unsupported,train,skin,unknown,C,,0.0,1.0,0.0,1.0,0.0,0.0,0.0,0.0,"['alopecia', 'scaling']",train
404afd1d-d514-444d-aa10-f85cdf485f79,Kaggle,C:\Users\ESSAKKI RAJA T  EV\OneDrive\Desktop\DB PAWPHILE\archive\test\ringworm\ringworm-33-_jpg.rf.adede751fbc5c91ef4cf09d4626fddef.jpg,1315,1f7ceccb-fccc-453f-9efc-d406ec0e09c8,ringworm,fungal infection,"[""alopecia"", ""scaling""]",disease-level (provisional),research-only,unsupported,test,skin,unknown,C,,0.0,1.0,0.0,1.0,0.0,0.0,0.0,0.0,"['alopecia', 'scaling']",train
d749598f-e02f-4d79-a513-3604229d3bab,Roboflow,C:\Users\ESSAKKI RAJA T  EV\OneDrive\Desktop\DB PAWPHILE\Dog Skin Disease Dataset.v2i.folder\train\fungal infection\fungal_69_jpg.rf.e4d9e2877721a9f03770669d93bec733.jpg,1804,96ee8957-217a-41b2-84d9-3a536b39284c,fungal infection,fungal infection,"[""alopecia"", ""scaling""]",disease-level (provisional),research-only,unsupported,train,skin,unknown,C,,0.0,1.0,0.0,1.0,0.0,0.0,0.0,0.0,"['alopecia', 'scaling']",train
3feb2f12-1f38-46b8-8239-c30d65689e9b,Roboflow,C:\Users\ESSAKKI RAJA T  EV\OneDrive\Desktop\DB PAWPHILE\Dog Skin Disease Dataset.v2i.folder\train\bacterial dermatosis\bacterial_354_jpg.rf.2db0686c67af3fb1c931ff6abdb71df5.jpg,303,308ab0bf-95a8-4024-a8e6-5db83832b465,bacterial dermatosis,bacterial dermatosis,"[""erythema"", ""pustule"", ""crust""]",disease-level (provisional),research-only,unsupported,train,skin,unknown,C,,1.0,0.0,1.0,0.0,0.0,0.0,1.0,0.0,"['erythema', 'pustule', 'crust']",train
dee62742-3f77-4cd7-93e6-2a8ee18a2895,Kaggle,C:\Users\ESSAKKI RAJA T  EV\OneDrive\Desktop\DB PAWPHILE\archive\test\ringworm\NEWR30_png_jpg.rf.004b1f8c99420f684725214fe3d63c44.jpg,1160,6241e511-5b62-45fa-9f39-53a44288db5f,ringworm,fungal infection,"[""alopecia"", ""scaling""]",disease-level (provisional),research-only,unsupported,test,skin,unknown,C,,0.0,1.0,0.0,1.0,0.0,0.0,0.0,0.0,"['alopecia', 'scaling']",train
bc93c9c1-477e-4b50-8507-3e9279c2c9b6,Roboflow,C:\Users\ESSAKKI RAJA T  EV\OneDrive\Desktop\DB PAWPHILE\Dog Skin Disease Dataset.v2i.folder\valid\healthy\healthy_271_jpg.rf.43614142ae3bff1ae0c76aece87e8da0.jpg,243,429d1821-e262-4c28-9595-71eb1b599750,healthy,healthy,[],disease-level (provisional),research-only,unsupported,valid,skin,unknown,C,,0.0,0.0,0.0,0.0,0.0,0.0,0.0,0.0,[],train
3be9bd2c-facd-4162-808b-3b849a3174a4,Roboflow,C:\Users\ESSAKKI RAJA T  EV\OneDrive\Desktop\DB PAWPHILE\Dog Skin Disease Dataset.v2i.folder\valid\healthy\healthy_95_jpg.rf.786fd49f032f5605421750c2df9d8a4f.jpg,244,80aee0f1-2f73-4f1f-a7ad-19cc4b821448,healthy,healthy,[],disease-level (provisional),research-only,unsupported,valid,skin,unknown,C,,0.0,0.0,0.0,0.0,0.0,0.0,0.0,0.0,[],train
91d6ec2d-9145-4c79-8dac-1c43efbab662,Kaggle,C:\Users\ESSAKKI RAJA T  EV\OneDrive\Desktop\DB PAWPHILE\archive\test\Hypersensitivity\B9781416056638000070_f007-004-9781416056638_jpg.rf.9c6126d4500d537def0ed601fcd4b84d.jpg,384,11975949-399a-4f19-85af-487044bcd87b,Hypersensitivity,hypersensitivity / allergic dermatitis,"[""erythema"", ""lichenification""]",disease-level (provisional),research-only,unsupported,test,skin,unknown,C,,1.0,0.0,0.0,0.0,0.0,0.0,0.0,1.0,"['erythema', 'lichenification']",train
8ab4a413-78ae-4615-9d78-b8023d7fc6b4,Roboflow,C:\Users\ESSAKKI RAJA T  EV\OneDrive\Desktop\DB PAWPHILE\Dog Skin Disease Dataset.v2i.folder\valid\hypersensitivity dermatitis\hypersensitivity_327_jpg.rf.fa007b3f6279c83faea809499dc11063.jpg,1350,fc0c442b-9989-4a11-8f43-45100baecddf,hypersensitivity dermatitis,hypersensitivity / allergic dermatitis,"[""erythema"", ""lichenification""]",disease-level (provisional),research-only,unsupported,valid,skin,unknown,C,,1.0,0.0,0.0,0.0,0.0,0.0,0.0,1.0,"['erythema', 'lichenification']",train
d76430b8-10c5-46bd-ab1d-d03e16f5709e,Kaggle,C:\Users\ESSAKKI RAJA T  EV\OneDrive\Desktop\DB PAWPHILE\archive\test\ringworm\R16_png_jpg.rf.63594e70dcbdb8b6172b29ddd498832e.jpg,1820,a8c9774d-4341-4c8c-8ef2-e2d057ce0cc6,ringworm,fungal infection,"[""alopecia"", ""scaling""]",disease-level (provisional),research-only,unsupported,test,skin,unknown,C,,0.0,1.0,0.0,1.0,0.0,0.0,0.0,0.0,"['alopecia', 'scaling']",train
94d99900-15d4-4cf0-a3fc-4b122e2fdbdc,Kaggle,C:\Users\ESSAKKI RAJA T  EV\OneDrive\Desktop\DB PAWPHILE\archive\test\Fungal_infections\fung4_jpg.rf.ad55b27fb3d1b875b1d2def22b01f646.jpg,260,0f3d4f11-e5a6-492f-85e6-3554d17b0cd3,Fungal_infections,fungal infection,"[""alopecia"", ""scaling""]",disease-level (provisional),research-only,unsupported,test,skin,unknown,C,,0.0,1.0,0.0,1.0,0.0,0.0,0.0,0.0,"['alopecia', 'scaling']",train
6f76552d-554b-4987-bf35-9fead960ceeb,Roboflow,C:\Users\ESSAKKI RAJA T  EV\OneDrive\Desktop\DB PAWPHILE\Dog Skin Disease Dataset.v2i.folder\train\healthy\healthy_73_jpg.rf.8b77e2db47433532e2903957114f2759.jpg,605,748367f4-898e-4758-9aa5-d55eeff29658,healthy,healthy,[],disease-level (provisional),research-only,unsupported,train,skin,unknown,C,,0.0,0.0,0.0,0.0,0.0,0.0,0.0,0.0,[],train
e1c94509-1c2e-47aa-9650-ccf8d92ee777,Kaggle,C:\Users\ESSAKKI RAJA T  EV\OneDrive\Desktop\DB PAWPHILE\archive\test\Healthy\HEALTHY_008_jpg.rf.e601b58977ca3ff6fb8205b3363f3903.jpg,714,245e4e9e-91ea-41dc-a588-e8032ed3aa04,Healthy,healthy,[],disease-level (provisional),research-only,unsupported,test,skin,unknown,C,,0.0,0.0,0.0,0.0,0.0,0.0,0.0,0.0,[],train
a5d35ede-ae6d-45c3-94a1-05667884c3e0,Kaggle,C:\Users\ESSAKKI RAJA T  EV\OneDrive\Desktop\DB PAWPHILE\archive\test\demodicosis\1-9-_png_jpg.rf.7a9952752642d50b4318957b2aab8f14.jpg,1340,50389490-2748-4d42-8534-d27050e1432b,demodicosis,demodicosis,"[""alopecia"", ""erythema"", ""crust""]",disease-level (provisional),research-only,unsupported,test,skin,unknown,C,,1.0,1.0,1.0,0.0,0.0,0.0,0.0,0.0,"['alopecia', 'erythema', 'crust']",train
20a7948f-25ef-419b-abb7-05065f43663f,Roboflow,C:\Users\ESSAKKI RAJA T  EV\OneDrive\Desktop\DB PAWPHILE\Dog Skin Disease Dataset.v2i.folder\test\hypersensitivity dermatitis\hypersensitivity_34_jpg.rf.d1bae51da2469e47b92ac93acd2bc16d.jpg,332,7c08b6fd-1e99-4ee1-a12e-1f940c85005f,hypersensitivity dermatitis,hypersensitivity / allergic dermatitis,"[""erythema"", ""lichenification""]",disease-level (provisional),research-only,unsupported,test,skin,unknown,C,,1.0,0.0,0.0,0.0,0.0,0.0,0.0,1.0,"['erythema', 'lichenification']",train
e0af419f-4a19-4d72-9e26-9ea2bad2de61,Kaggle,C:\Users\ESSAKKI RAJA T  EV\OneDrive\Desktop\DB PAWPHILE\archive\test\demodicosis\P13_png_jpg.rf.b25abf76ec72d81f39a0b6febe60ebc0.jpg,691,e697dd94-5752-4bab-91eb-0b8235f2914e,demodicosis,demodicosis,"[""alopecia"", ""erythema"", ""crust""]",disease-level (provisional),research-only,unsupported,test,skin,unknown,C,,1.0,1.0,1.0,0.0,0.0,0.0,0.0,0.0,"['alopecia', 'erythema', 'crust']",train
9a87c1f8-0fba-4f6c-9cc9-cf2257471080,Roboflow,C:\Users\ESSAKKI RAJA T  EV\OneDrive\Desktop\DB PAWPHILE\Dog Skin Disease Dataset.v2i.folder\train\fungal infection\fungal_inf_24_jpg.rf.88a4cb055e321d866b030dab6061df65.jpg,281,1c22a02d-00be-4412-b393-1d7fb5752a92,fungal infection,fungal infection,"[""alopecia"", ""scaling""]",disease-level (provisional),research-only,unsupported,train,skin,unknown,C,,0.0,1.0,0.0,1.0,0.0,0.0,0.0,0.0,"['alopecia', 'scaling']",train
855cbc28-36d3-4ec6-9224-fb8368f5a23f,Kaggle,C:\Users\ESSAKKI RAJA T  EV\OneDrive\Desktop\DB PAWPHILE\archive\test\demodicosis\IMG_5162_jpeg_jpg.rf.eb164401e6b33a834ac5c26263f50cdc.jpg,759,26ab1540-b5fa-49ae-aa9c-27da4b32d556,demodicosis,demodicosis,"[""alopecia"", ""erythema"", ""crust""]",disease-level (provisional),research-only,unsupported,test,skin,unknown,C,,1.0,1.0,1.0,0.0,0.0,0.0,0.0,0.0,"['alopecia', 'erythema', 'crust']",train
ed0a6f42-51ed-407a-82b6-1b58ffd33177,Roboflow,C:\Users\ESSAKKI RAJA T  EV\OneDrive\Desktop\DB PAWPHILE\Dog Skin Disease Dataset.v2i.folder\train\healthy\healthy_404_jpg.rf.85f7407c9e72634700653bcf4cff29e7.jpg,747,6b54c61d-c761-46da-935f-078f9a33cb7d,healthy,healthy,[],disease-level (provisional),research-only,unsupported,train,skin,unknown,C,,0.0,0.0,0.0,0.0,0.0,0.0,0.0,0.0,[],train
2288661b-379e-4a35-a4b5-ad373419dce4,Roboflow,C:\Users\ESSAKKI RAJA T  EV\OneDrive\Desktop\DB PAWPHILE\Dog Skin Disease Dataset.v2i.folder\train\bacterial dermatosis\bacterial_96_jpg.rf.2272219bd1728a6dd71b0f2f35b79aa0.jpg,1024,802c521c-e4b9-4064-9291-243c1364dea2,bacterial dermatosis,bacterial dermatosis,"[""erythema"", ""pustule"", ""crust""]",disease-level (provisional),research-only,unsupported,train,skin,unknown,C,,1.0,0.0,1.0,0.0,0.0,0.0,1.0,0.0,"['erythema', 'pustule', 'crust']",train
dd1b43ce-abe1-4b70-a251-faf30e0250d7,Kaggle,C:\Users\ESSAKKI RAJA T  EV\OneDrive\Desktop\DB PAWPHILE\archive\test\ringworm\ringworm-49-_jpg.rf.ac6957e2a5488c76576123deb746dbb7.jpg,407,182ae819-9172-48db-ae51-d2103d0fa495,ringworm,fungal infection,"[""alopecia"", ""scaling""]",disease-level (provisional),research-only,unsupported,test,skin,unknown,C,,0.0,1.0,0.0,1.0,0.0,0.0,0.0,0.0,"['alopecia', 'scaling']",train
e6d7bbc6-9c26-428c-ad8e-c0f64d86d59b,Kaggle,C:\Users\ESSAKKI RAJA T  EV\OneDrive\Desktop\DB PAWPHILE\archive\train\ringworm\WIN_20240514_17_34_49_Pro_jpg.rf.7a782afd02f25a419285e3b8585bf5de.jpg,326,a60fa2c1-75bc-4545-bba6-809167ff0f20,ringworm,fungal infection,"[""alopecia"", ""scaling""]",disease-level (provisional),research-only,unsupported,train,skin,unknown,C,,0.0,1.0,0.0,1.0,0.0,0.0,0.0,0.0,"['alopecia', 'scaling']",train
4a49f362-9818-483c-8e20-7238d4b4e0fe,Kaggle,C:\Users\ESSAKKI RAJA T  EV\OneDrive\Desktop\DB PAWPHILE\archive\valid\Dermatitis\HOT-SPOT-IN-DOG-HOW-vet-treated-symptom-prevention_-flea-bite-moist-eczema_dog-itching-000456_png_jpg.rf.d4775c434a8bdf9016fe04157e285a46.jpg,737,07e2838d-52b6-464c-8842-3bb93cea6910,Dermatitis,nonspecific dermatitis,"[""erythema"", ""scaling""]",disease-level (provisional),research-only,unsupported,valid,skin,unknown,C,,1.0,0.0,0.0,1.0,0.0,0.0,0.0,0.0,"['erythema', 'scaling']",train
bcdff643-cac7-4548-bb52-11be71440450,Kaggle,C:\Users\ESSAKKI RAJA T  EV\OneDrive\Desktop\DB PAWPHILE\archive\train\Hypersensitivity\Hypersensitivity4_png_jpg.rf.baeb8b1f458ded5127156e6719d47325.jpg,1905,4c9d5f82-69ea-45f8-8cf7-dd414bc1ff90,Hypersensitivity,hypersensitivity / allergic dermatitis,"[""erythema"", ""lichenification""]",disease-level (provisional),research-only,unsupported,train,skin,unknown,C,,1.0,0.0,0.0,0.0,0.0,0.0,0.0,1.0,"['erythema', 'lichenification']",train
ea447a48-9740-4a85-b195-0f0c0eb7c7e1,Roboflow,C:\Users\ESSAKKI RAJA T  EV\OneDrive\Desktop\DB PAWPHILE\Dog Skin Disease Dataset.v2i.folder\valid\fungal infection\fungal_183_jpg.rf.6d5ee26ac5688ac6706cd1586558b483.jpg,470,28df576c-5c8b-4ea7-bbb4-e1c53cff5069,fungal infection,fungal infection,"[""alopecia"", ""scaling""]",disease-level (provisional),research-only,unsupported,valid,skin,unknown,C,,0.0,1.0,0.0,1.0,0.0,0.0,0.0,0.0,"['alopecia', 'scaling']",train
8aed60c4-b194-4983-a75d-bc5d2c0a865e,Roboflow,C:\Users\ESSAKKI RAJA T  EV\OneDrive\Desktop\DB PAWPHILE\Dog Skin Disease Dataset.v2i.folder\valid\healthy\healthy_169_jpg.rf.88471cc57dabbebb728f7eaafa99c4d0.jpg,1250,3b1e5fbe-6f71-4af9-b57a-ee379e47a1f9,healthy,healthy,[],disease-level (provisional),research-only,unsupported,valid,skin,unknown,C,,0.0,0.0,0.0,0.0,0.0,0.0,0.0,0.0,[],train
b941a592-44a6-4680-b2a1-790f3735a991,Kaggle,C:\Users\ESSAKKI RAJA T  EV\OneDrive\Desktop\DB PAWPHILE\archive\train\ringworm\NEWR52_jpeg_jpg.rf.0621f20dec285d65d7bba4147ef30c24.jpg,1707,b8edaf33-3cad-40af-aec1-40dad5a6e8ab,ringworm,fungal infection,"[""alopecia"", ""scaling""]",disease-level (provisional),research-only,unsupported,train,skin,unknown,C,,0.0,1.0,0.0,1.0,0.0,0.0,0.0,0.0,"['alopecia', 'scaling']",train
0d217a5a-8dee-4c71-aaed-a44a5b21d11c,Kaggle,C:\Users\ESSAKKI RAJA T  EV\OneDrive\Desktop\DB PAWPHILE\archive\valid\Healthy\dogs_120_jpg.rf.667603b6e2cfb99075ab4e4d1a4cfef4.jpg,1122,9bccc6fc-cb4a-47c3-acdf-0550e274ac39,Healthy,healthy,[],disease-level (provisional),research-only,unsupported,valid,skin,unknown,C,,0.0,0.0,0.0,0.0,0.0,0.0,0.0,0.0,[],train
02a6dece-3a66-4ac3-94bf-e3f58620a400,Kaggle,C:\Users\ESSAKKI RAJA T  EV\OneDrive\Desktop\DB PAWPHILE\archive\valid\Hypersensitivity\1673_jpg.rf.b99ec1148b3e2775bc8705ed9d5d8c08.jpg,972,d7cde370-3407-45d4-9f50-6199015f9031,Hypersensitivity,hypersensitivity / allergic dermatitis,"[""erythema"", ""lichenification""]",disease-level (provisional),research-only,unsupported,valid,skin,unknown,C,,1.0,0.0,0.0,0.0,0.0,0.0,0.0,1.0,"['erythema', 'lichenification']",train
6b790e66-bd48-494a-ae62-2c7d4db6ca65,Roboflow,C:\Users\ESSAKKI RAJA T  EV\OneDrive\Desktop\DB PAWPHILE\Dog Skin Disease Dataset.v2i.folder\test\hypersensitivity dermatitis\hypersensitivity_243_jpg.rf.f8aa639b61ac786313ad82eea73ffeb2.jpg,196,fbf18ef4-9e4a-4145-9e64-7662e69fe9b6,hypersensitivity dermatitis,hypersensitivity / allergic dermatitis,"[""erythema"", ""lichenification""]",disease-level (provisional),research-only,unsupported,test,skin,unknown,C,,1.0,0.0,0.0,0.0,0.0,0.0,0.0,1.0,"['erythema', 'lichenification']",train
de6c7f1f-8ee1-4efa-8305-ba6b37c5104b,Kaggle,C:\Users\ESSAKKI RAJA T  EV\OneDrive\Desktop\DB PAWPHILE\archive\valid\ringworm\ringworm-156-_jpg.rf.986197d9eafe38db5de43798b9a5468e.jpg,62,0e8bfeec-b7e4-4eb3-8cd7-6a53db093670,ringworm,fungal infection,"[""alopecia"", ""scaling""]",disease-level (provisional),research-only,unsupported,valid,skin,unknown,C,,0.0,1.0,0.0,1.0,0.0,0.0,0.0,0.0,"['alopecia', 'scaling']",train
7769bae3-58cb-4ff2-8169-3315a6161194,Kaggle,C:\Users\ESSAKKI RAJA T  EV\OneDrive\Desktop\DB PAWPHILE\archive\train\Fungal_infections\pic80_jpg.rf.1da0c2d285e4a797686078570978e4ac.jpg,529,bd31e08e-a3d4-4b25-9562-f543eca174ca,Fungal_infections,fungal infection,"[""alopecia"", ""scaling""]",disease-level (provisional),research-only,unsupported,train,skin,unknown,C,,0.0,1.0,0.0,1.0,0.0,0.0,0.0,0.0,"['alopecia', 'scaling']",train
c17afa7e-b65d-49fe-91db-9c5314a491a5,Kaggle,C:\Users\ESSAKKI RAJA T  EV\OneDrive\Desktop\DB PAWPHILE\archive\train\demodicosis\2024-05-13-162741_jpg.rf.3f2455e7118d63f9f1cb17de72e2c73e.jpg,279,027fcb8c-fca4-4f91-bf83-010243135886,demodicosis,demodicosis,"[""alopecia"", ""erythema"", ""crust""]",disease-level (provisional),research-only,unsupported,train,skin,unknown,C,,1.0,1.0,1.0,0.0,0.0,0.0,0.0,0.0,"['alopecia', 'erythema', 'crust']",train
9d0b39bd-4002-40ce-a2bc-2eff5fd81a74,Kaggle,C:\Users\ESSAKKI RAJA T  EV\OneDrive\Desktop\DB PAWPHILE\archive\test\ringworm\436638693_826239035984778_764987017093970170_n_jpg.rf.8fb636ffaf21dcd0bfd58d49a7c7756f.jpg,1206,ed44bec5-6ec8-48bf-906f-952aed217385,ringworm,fungal infection,"[""alopecia"", ""scaling""]",disease-level (provisional),research-only,unsupported,test,skin,unknown,C,,0.0,1.0,0.0,1.0,0.0,0.0,0.0,0.0,"['alopecia', 'scaling']",train
0a4902f4-510d-4c64-8f07-b41be07df907,Roboflow,C:\Users\ESSAKKI RAJA T  EV\OneDrive\Desktop\DB PAWPHILE\Dog Skin Disease Dataset.v2i.folder\valid\fungal infection\fungal_150_jpg.rf.b5f53c82611fce83eef63c87aa1ece96.jpg,879,2c0115c2-1c71-4023-af97-b333b38255f0,fungal infection,fungal infection,"[""alopecia"", ""scaling""]",disease-level (provisional),research-only,unsupported,valid,skin,unknown,C,,0.0,1.0,0.0,1.0,0.0,0.0,0.0,0.0,"['alopecia', 'scaling']",train
23269d88-8370-4a20-8280-340728c9da1b,Roboflow,C:\Users\ESSAKKI RAJA T  EV\OneDrive\Desktop\DB PAWPHILE\Dog Skin Disease Dataset.v2i.folder\train\hypersensitivity dermatitis\hypersensitivity_359_jpg.rf.bb268128528505c4058801edaeeb3d3d.jpg,365,64c427bf-38e6-48e4-b9f4-597adfddbd8c,hypersensitivity dermatitis,hypersensitivity / allergic dermatitis,"[""erythema"", ""lichenification""]",disease-level (provisional),research-only,unsupported,train,skin,unknown,C,,1.0,0.0,0.0,0.0,0.0,0.0,0.0,1.0,"['erythema', 'lichenification']",train
535806a8-c832-44da-8815-e9b69f206e62,Roboflow,C:\Users\ESSAKKI RAJA T  EV\OneDrive\Desktop\DB PAWPHILE\Dog Skin Disease Dataset.v2i.folder\test\fungal infection\fungal_31_jpg.rf.796525d3c0ec6758481a0583780c1406.jpg,1221,21e578cb-946d-4690-b336-07660e258474,fungal infection,fungal infection,"[""alopecia"", ""scaling""]",disease-level (provisional),research-only,unsupported,test,skin,unknown,C,,0.0,1.0,0.0,1.0,0.0,0.0,0.0,0.0,"['alopecia', 'scaling']",train
7cbe13c9-f56e-4518-82f3-b38f4b5ccfeb,Kaggle,C:\Users\ESSAKKI RAJA T  EV\OneDrive\Desktop\DB PAWPHILE\archive\train\demodicosis\1-69-_png_jpg.rf.f01017bbe956e28888269eb39a9af705.jpg,110,e2e96765-43fb-4e01-800b-25cf42d66a97,demodicosis,demodicosis,"[""alopecia"", ""erythema"", ""crust""]",disease-level (provisional),research-only,unsupported,train,skin,unknown,C,,1.0,1.0,1.0,0.0,0.0,0.0,0.0,0.0,"['alopecia', 'erythema', 'crust']",train
30994efc-a674-4953-a1dc-cc10b240f80e,Roboflow,C:\Users\ESSAKKI RAJA T  EV\OneDrive\Desktop\DB PAWPHILE\Dog Skin Disease Dataset.v2i.folder\valid\fungal infection\fungal_336_jpg.rf.faa8ec0d53cb85d89a58e1cea6b6c219.jpg,1273,f7917fb0-a6eb-4ced-9e88-d89f30cdc3df,fungal infection,fungal infection,"[""alopecia"", ""scaling""]",disease-level (provisional),research-only,unsupported,valid,skin,unknown,C,,0.0,1.0,0.0,1.0,0.0,0.0,0.0,0.0,"['alopecia', 'scaling']",train
4ddc9180-f144-4d10-9b76-3e99dc35c5f6,Roboflow,C:\Users\ESSAKKI RAJA T  EV\OneDrive\Desktop\DB PAWPHILE\Dog Skin Disease Dataset.v2i.folder\test\healthy\healthy_94_jpg.rf.612ac5e7da2509f69789954cacd5eab9.jpg,197,8f28066b-ef3e-485c-9678-941f9f01356f,healthy,healthy,[],disease-level (provisional),research-only,unsupported,test,skin,unknown,C,,0.0,0.0,0.0,0.0,0.0,0.0,0.0,0.0,[],train
490c2ce2-a27a-4533-bc2e-483803953feb,Kaggle,C:\Users\ESSAKKI RAJA T  EV\OneDrive\Desktop\DB PAWPHILE\archive\test\Healthy\pic25_jpg.rf.9e69456da9ad65bb499f045ea5c5e033.jpg,860,6867ddb1-0380-4ec1-a65d-a3f11c9afaf4,Healthy,healthy,[],disease-level (provisional),research-only,unsupported,test,skin,unknown,C,,0.0,0.0,0.0,0.0,0.0,0.0,0.0,0.0,[],train
8fb0d622-d1b2-4785-baa7-4239d1b1e55a,Kaggle,C:\Users\ESSAKKI RAJA T  EV\OneDrive\Desktop\DB PAWPHILE\archive\valid\Dermatitis\1516253873174_x4_jpg.rf.36256399fc9101db47ce29633c8dc69e.jpg,671,0030fe4a-1511-4465-83b4-f245042e36f5,Dermatitis,nonspecific dermatitis,"[""erythema"", ""scaling""]",disease-level (provisional),research-only,unsupported,valid,skin,unknown,C,,1.0,0.0,0.0,1.0,0.0,0.0,0.0,0.0,"['erythema', 'scaling']",train
ca09d83d-d7bd-4422-b5ee-34e7d4ae5696,Roboflow,C:\Users\ESSAKKI RAJA T  EV\OneDrive\Desktop\DB PAWPHILE\Dog Skin Disease Dataset.v2i.folder\test\hypersensitivity dermatitis\hypersensitivity_216_jpg.rf.7959cd3cde6421e16b06b4803b9b3854.jpg,1076,becd3897-eb51-4d40-82b4-df78515dba2e,hypersensitivity dermatitis,hypersensitivity / allergic dermatitis,"[""erythema"", ""lichenification""]",disease-level (provisional),research-only,unsupported,test,skin,unknown,C,,1.0,0.0,0.0,0.0,0.0,0.0,0.0,1.0,"['erythema', 'lichenification']",train
b733324c-6c02-4d2a-8d23-ddd80f67a555,Kaggle,C:\Users\ESSAKKI RAJA T  EV\OneDrive\Desktop\DB PAWPHILE\archive\train\Dermatitis\HOT-SPOT-IN-DOG-HOW-vet-treated-symptom-prevention_-flea-bite-moist-eczema_dog-itching-000494_png_jpg.rf.b863d8a455bfc7818676c9868f584bd2.jpg,781,0efca6ce-b042-4af1-b85c-d1f0534e2c51,Dermatitis,nonspecific dermatitis,"[""erythema"", ""scaling""]",disease-level (provisional),research-only,unsupported,train,skin,unknown,C,,1.0,0.0,0.0,1.0,0.0,0.0,0.0,0.0,"['erythema', 'scaling']",train
3b039d9d-9d21-427b-bacc-322d07cdf253,Roboflow,C:\Users\ESSAKKI RAJA T  EV\OneDrive\Desktop\DB PAWPHILE\Dog Skin Disease Dataset.v2i.folder\valid\bacterial dermatosis\bacterial_224_jpg.rf.ac078314e62db7fb15797ddae23eddcc.jpg,907,40d822e2-8b20-492b-805a-e7600ba97903,bacterial dermatosis,bacterial dermatosis,"[""erythema"", ""pustule"", ""crust""]",disease-level (provisional),research-only,unsupported,valid,skin,unknown,C,,1.0,0.0,1.0,0.0,0.0,0.0,1.0,0.0,"['erythema', 'pustule', 'crust']",train
90926fc1-94e7-4f88-aad5-06ac9a210674,Roboflow,C:\Users\ESSAKKI RAJA T  EV\OneDrive\Desktop\DB PAWPHILE\Dog Skin Disease Dataset.v2i.folder\train\healthy\healthy_21_jpg.rf.0fea5e9722be7c1aca82bb6fce94bdc2.jpg,1710,e14e043d-59ff-4a34-834e-24b48546cb13,healthy,healthy,[],disease-level (provisional),research-only,unsupported,train,skin,unknown,C,,0.0,0.0,0.0,0.0,0.0,0.0,0.0,0.0,[],train
7321bc05-19dd-4842-99d6-9fe435da76eb,Kaggle,C:\Users\ESSAKKI RAJA T  EV\OneDrive\Desktop\DB PAWPHILE\archive\train\demodicosis\2024-05-13-165218_jpg.rf.f60b9685f6e07c6e8a07be0f7ae160d9.jpg,1691,f259f5d3-0279-41a0-920b-a42500824503,demodicosis,demodicosis,"[""alopecia"", ""erythema"", ""crust""]",disease-level (provisional),research-only,unsupported,train,skin,unknown,C,,1.0,1.0,1.0,0.0,0.0,0.0,0.0,0.0,"['alopecia', 'erythema', 'crust']",train
98b9d3ef-fd6f-425f-8b46-af9c8684043e,Roboflow,C:\Users\ESSAKKI RAJA T  EV\OneDrive\Desktop\DB PAWPHILE\Dog Skin Disease Dataset.v2i.folder\test\bacterial dermatosis\bacterial_39_jpg.rf.b7b3f18a7a62a00ae5b4709f2f0ab347.jpg,663,79f9a334-6afc-4377-b5a4-3ecdc51b49c8,bacterial dermatosis,bacterial dermatosis,"[""erythema"", ""pustule"", ""crust""]",disease-level (provisional),research-only,unsupported,test,skin,unknown,C,,1.0,0.0,1.0,0.0,0.0,0.0,1.0,0.0,"['erythema', 'pustule', 'crust']",train
caa5d6fe-45e1-411d-8f49-ceecd643ad3f,Kaggle,C:\Users\ESSAKKI RAJA T  EV\OneDrive\Desktop\DB PAWPHILE\archive\test\Dermatitis\May-is-allergy-awareness-month-here-at-The-Shot-Spot_01567_jpg.rf.8e3faa223adfdf877a4a4f809b8cef20.jpg,1224,9b7f13b4-055e-4456-97db-caf9bb63ef1b,Dermatitis,nonspecific dermatitis,"[""erythema"", ""scaling""]",disease-level (provisional),research-only,unsupported,test,skin,unknown,C,,1.0,0.0,0.0,1.0,0.0,0.0,0.0,0.0,"['erythema', 'scaling']",train
828d2645-bff9-40ed-aaca-fd4ce268bee3,Kaggle,C:\Users\ESSAKKI RAJA T  EV\OneDrive\Desktop\DB PAWPHILE\archive\test\Healthy\dogs_245_jpg.rf.4bd07b64d01c3c0837e95a4256bb8a81.jpg,1123,01c0b0bb-faf0-455b-a945-b6ad5071eea2,Healthy,healthy,[],disease-level (provisional),research-only,unsupported,test,skin,unknown,C,,0.0,0.0,0.0,0.0,0.0,0.0,0.0,0.0,[],train
4f57aa59-179a-435d-ac70-4be79a3ec15a,Roboflow,C:\Users\ESSAKKI RAJA T  EV\OneDrive\Desktop\DB PAWPHILE\Dog Skin Disease Dataset.v2i.folder\test\healthy\healthy_173_jpg.rf.ec26f7e084aac1b63c2340e73c4b3355.jpg,1684,fcbee34f-b421-4180-899e-37c74c9b6d23,healthy,healthy,[],disease-level (provisional),research-only,unsupported,test,skin,unknown,C,,0.0,0.0,0.0,0.0,0.0,0.0,0.0,0.0,[],train
017866f9-9ee1-4e36-80d9-d5c0fe7505f2,Kaggle,C:\Users\ESSAKKI RAJA T  EV\OneDrive\Desktop\DB PAWPHILE\archive\valid\Hypersensitivity\hs5_jpg.rf.b177a7a259f3ef81dc2b905d84461df8.jpg,1130,218d5166-1f27-4649-b223-ffdef9c2ccdf,Hypersensitivity,hypersensitivity / allergic dermatitis,"[""erythema"", ""lichenification""]",disease-level (provisional),research-only,unsupported,valid,skin,unknown,C,,1.0,0.0,0.0,0.0,0.0,0.0,0.0,1.0,"['erythema', 'lichenification']",train
e7944461-f2e3-4cc9-b02f-fa3c2321a8dd,Roboflow,C:\Users\ESSAKKI RAJA T  EV\OneDrive\Desktop\DB PAWPHILE\Dog Skin Disease Dataset.v2i.folder\train\hypersensitivity dermatitis\hypersensitivity_118_jpg.rf.6238a863aff494e897e3e4e503d69fa5.jpg,1903,84ca312b-7d4e-4326-8851-b63cac8c6704,hypersensitivity dermatitis,hypersensitivity / allergic dermatitis,"[""erythema"", ""lichenification""]",disease-level (provisional),research-only,unsupported,train,skin,unknown,C,,1.0,0.0,0.0,0.0,0.0,0.0,0.0,1.0,"['erythema', 'lichenification']",train
b36c6a0b-e484-42e3-973d-089504b1d76c,Roboflow,C:\Users\ESSAKKI RAJA T  EV\OneDrive\Desktop\DB PAWPHILE\Dog Skin Disease Dataset.v2i.folder\valid\bacterial dermatosis\bacterial_333_jpg.rf.257d8b9cf9facbf87dabd3136371331b.jpg,1735,5288bbb0-0049-4f0e-95d0-8005c7242bf7,bacterial dermatosis,bacterial dermatosis,"[""erythema"", ""pustule"", ""crust""]",disease-level (provisional),research-only,unsupported,valid,skin,unknown,C,,1.0,0.0,1.0,0.0,0.0,0.0,1.0,0.0,"['erythema', 'pustule', 'crust']",train
709138ca-c2fc-48bf-bd13-b44baaadfea5,Roboflow,C:\Users\ESSAKKI RAJA T  EV\OneDrive\Desktop\DB PAWPHILE\Dog Skin Disease Dataset.v2i.folder\valid\healthy\healthy_train_49_jpg.rf.da4cc2861b393bb9d2cf662b64f4fee4.jpg,861,a994a4d3-5e59-461c-ac07-4a8650a76e27,healthy,healthy,[],disease-level (provisional),research-only,unsupported,valid,skin,unknown,C,,0.0,0.0,0.0,0.0,0.0,0.0,0.0,0.0,[],train
0f42f7e1-67eb-4b78-be0b-2c64a7c29376,Roboflow,C:\Users\ESSAKKI RAJA T  EV\OneDrive\Desktop\DB PAWPHILE\Dog Skin Disease Dataset.v2i.folder\test\hypersensitivity dermatitis\hypersensitivity_302_jpg.rf.fb10fd39961cbca836b24fab49d767f2.jpg,1230,6744f977-b038-4e6b-a0e5-bed93393813d,hypersensitivity dermatitis,hypersensitivity / allergic dermatitis,"[""erythema"", ""lichenification""]",disease-level (provisional),research-only,unsupported,test,skin,unknown,C,,1.0,0.0,0.0,0.0,0.0,0.0,0.0,1.0,"['erythema', 'lichenification']",train
3ccb011f-ec2e-4994-b008-3679f8ecd3af,Roboflow,C:\Users\ESSAKKI RAJA T  EV\OneDrive\Desktop\DB PAWPHILE\Dog Skin Disease Dataset.v2i.folder\train\bacterial dermatosis\bacterial4_jpg.rf.f16ca363e8cc1ceb062fcd073ff63161.jpg,311,3aee2135-d3d4-420d-b24d-1f56adb2a7db,bacterial dermatosis,bacterial dermatosis,"[""erythema"", ""pustule"", ""crust""]",disease-level (provisional),research-only,unsupported,train,skin,unknown,C,,1.0,0.0,1.0,0.0,0.0,0.0,1.0,0.0,"['erythema', 'pustule', 'crust']",train
c38a4906-3486-4435-8c3d-4f67acec82c8,Kaggle,C:\Users\ESSAKKI RAJA T  EV\OneDrive\Desktop\DB PAWPHILE\archive\test\ringworm\ringworm-90-_jpg.rf.d3c8bbe1170f9911fd74b2906e989eee.jpg,498,5cfebc0f-df69-4ae6-b85f-8f70e7f4e292,ringworm,fungal infection,"[""alopecia"", ""scaling""]",disease-level (provisional),research-only,unsupported,test,skin,unknown,C,,0.0,1.0,0.0,1.0,0.0,0.0,0.0,0.0,"['alopecia', 'scaling']",train
0ee8768e-e6ac-4dbf-8449-d3e61cad9214,Roboflow,C:\Users\ESSAKKI RAJA T  EV\OneDrive\Desktop\DB PAWPHILE\Dog Skin Disease Dataset.v2i.folder\train\fungal infection\fungal_104_jpg.rf.36e6c80dac2a7a35e71a1a903375cc75.jpg,734,4a98e28f-a39b-4c19-8cd4-102a5e3722b9,fungal infection,fungal infection,"[""alopecia"", ""scaling""]",disease-level (provisional),research-only,unsupported,train,skin,unknown,C,,0.0,1.0,0.0,1.0,0.0,0.0,0.0,0.0,"['alopecia', 'scaling']",train
734d581c-eabc-4d3d-bf23-18965659b651,Roboflow,C:\Users\ESSAKKI RAJA T  EV\OneDrive\Desktop\DB PAWPHILE\Dog Skin Disease Dataset.v2i.folder\train\healthy\healthy_402_jpg.rf.3fd1e2cf9855acd35703ce6c0d4b582a.jpg,1569,59a53c41-7a9b-4c9f-8df8-b95b4db78048,healthy,healthy,[],disease-level (provisional),research-only,unsupported,train,skin,unknown,C,,0.0,0.0,0.0,0.0,0.0,0.0,0.0,0.0,[],train
af578324-b706-4a5c-889c-2ce79c1bf522,Kaggle,C:\Users\ESSAKKI RAJA T  EV\OneDrive\Desktop\DB PAWPHILE\archive\test\ringworm\ringworm-79-_jpg.rf.7ad29100582ca3bea2d724840274b939.jpg,620,e13b1902-8c87-4786-847c-3c41e5c5ccd8,ringworm,fungal infection,"[""alopecia"", ""scaling""]",disease-level (provisional),research-only,unsupported,test,skin,unknown,C,,0.0,1.0,0.0,1.0,0.0,0.0,0.0,0.0,"['alopecia', 'scaling']",train
6ff85279-e648-45b4-8bab-69ef35e3245e,Kaggle,C:\Users\ESSAKKI RAJA T  EV\OneDrive\Desktop\DB PAWPHILE\archive\test\ringworm\WIN_20240514_17_37_15_Pro_jpg.rf.63b1f0a32f3b00991f7b6f4d9f418f3c.jpg,1021,b410ada3-3b11-4de9-881f-37da7c12196c,ringworm,fungal infection,"[""alopecia"", ""scaling""]",disease-level (provisional),research-only,unsupported,test,skin,unknown,C,,0.0,1.0,0.0,1.0,0.0,0.0,0.0,0.0,"['alopecia', 'scaling']",train
357d495b-c1da-4844-a700-03480588caa5,Roboflow,C:\Users\ESSAKKI RAJA T  EV\OneDrive\Desktop\DB PAWPHILE\Dog Skin Disease Dataset.v2i.folder\valid\hypersensitivity dermatitis\hypersensitivity_163_jpg.rf.b3d9e21a87f65aa202f10615214cc778.jpg,1554,5cbd0a68-0acf-4158-a1c0-7bf7c1acd5f8,hypersensitivity dermatitis,hypersensitivity / allergic dermatitis,"[""erythema"", ""lichenification""]",disease-level (provisional),research-only,unsupported,valid,skin,unknown,C,,1.0,0.0,0.0,0.0,0.0,0.0,0.0,1.0,"['erythema', 'lichenification']",train
7e1ddda8-3946-4e4c-901c-d0ee83f905c6,Roboflow,C:\Users\ESSAKKI RAJA T  EV\OneDrive\Desktop\DB PAWPHILE\Dog Skin Disease Dataset.v2i.folder\valid\bacterial dermatosis\bacterial_19_jpg.rf.95f044dc1a2da0dbe168c6a721541527.jpg,1444,06415005-f77c-422c-9da1-a2bd91e79d57,bacterial dermatosis,bacterial dermatosis,"[""erythema"", ""pustule"", ""crust""]",disease-level (provisional),research-only,unsupported,valid,skin,unknown,C,,1.0,0.0,1.0,0.0,0.0,0.0,1.0,0.0,"['erythema', 'pustule', 'crust']",train
f6fcfcca-74a8-441e-9ba7-110d8f4dfac6,Kaggle,C:\Users\ESSAKKI RAJA T  EV\OneDrive\Desktop\DB PAWPHILE\archive\test\Hypersensitivity\1673_jpg.rf.87ca2be8fc106bc16edfa0cfc8814c02.jpg,936,af18d19f-85a8-41d9-9af9-c37bc84fcef4,Hypersensitivity,hypersensitivity / allergic dermatitis,"[""erythema"", ""lichenification""]",disease-level (provisional),research-only,unsupported,test,skin,unknown,C,,1.0,0.0,0.0,0.0,0.0,0.0,0.0,1.0,"['erythema', 'lichenification']",train
8f9ec709-57f4-476d-8955-a7ac32c577b1,Kaggle,C:\Users\ESSAKKI RAJA T  EV\OneDrive\Desktop\DB PAWPHILE\archive\valid\Dermatitis\1000010610_x4_jpg.rf.15cad8e5be0faf9a671d152701ffd277.jpg,298,096dad59-9cad-4341-811e-cf4d795d25c4,Dermatitis,nonspecific dermatitis,"[""erythema"", ""scaling""]",disease-level (provisional),research-only,unsupported,valid,skin,unknown,C,,1.0,0.0,0.0,1.0,0.0,0.0,0.0,0.0,"['erythema', 'scaling']",train
9b1c83db-37c1-404f-b817-fe72db6df770,Roboflow,C:\Users\ESSAKKI RAJA T  EV\OneDrive\Desktop\DB PAWPHILE\Dog Skin Disease Dataset.v2i.folder\train\hypersensitivity dermatitis\hypersensitivity_71_jpg.rf.6754973740369536ddbd2f7c0d45ba5e.jpg,1515,6ec9843e-990f-4609-b642-145c848da20c,hypersensitivity dermatitis,hypersensitivity / allergic dermatitis,"[""erythema"", ""lichenification""]",disease-level (provisional),research-only,unsupported,train,skin,unknown,C,,1.0,0.0,0.0,0.0,0.0,0.0,0.0,1.0,"['erythema', 'lichenification']",train
fa6c0eb2-df32-4db2-903c-a71c141f04ed,Roboflow,C:\Users\ESSAKKI RAJA T  EV\OneDrive\Desktop\DB PAWPHILE\Dog Skin Disease Dataset.v2i.folder\train\bacterial dermatosis\bacterial_66_jpg.rf.238b1426da303f01652ee9ec60fc2e2b.jpg,1748,1e871ac4-94f3-4b8b-a7a5-35c05f9524cf,bacterial dermatosis,bacterial dermatosis,"[""erythema"", ""pustule"", ""crust""]",disease-level (provisional),research-only,unsupported,train,skin,unknown,C,,1.0,0.0,1.0,0.0,0.0,0.0,1.0,0.0,"['erythema', 'pustule', 'crust']",train
1c6458c7-a69b-4e57-87e8-f1c12b66b814,Kaggle,C:\Users\ESSAKKI RAJA T  EV\OneDrive\Desktop\DB PAWPHILE\archive\test\Dermatitis\Owners-usually-don-t-get-a-good-vote-of-just-how-big-hotspots_00349_jpg.rf.615dd60fb984ef0194195aed23ea25c9.jpg,903,2806f1cc-5e74-4e1a-b119-bd5f7563f76a,Dermatitis,nonspecific dermatitis,"[""erythema"", ""scaling""]",disease-level (provisional),research-only,unsupported,test,skin,unknown,C,,1.0,0.0,0.0,1.0,0.0,0.0,0.0,0.0,"['erythema', 'scaling']",train
2fc865a1-fb6e-44cb-b946-a2037cd03ecb,Kaggle,C:\Users\ESSAKKI RAJA T  EV\OneDrive\Desktop\DB PAWPHILE\archive\valid\ringworm\1000010498_x16_jpg.rf.e459b3d905f45a3e1e9c1de5d287bf36.jpg,1312,1f6590ed-1618-4d9b-9f01-c1213bed5d6c,ringworm,fungal infection,"[""alopecia"", ""scaling""]",disease-level (provisional),research-only,unsupported,valid,skin,unknown,C,,0.0,1.0,0.0,1.0,0.0,0.0,0.0,0.0,"['alopecia', 'scaling']",train
52a2a99c-f908-4d29-8ddb-359932cc5dbc,Roboflow,C:\Users\ESSAKKI RAJA T  EV\OneDrive\Desktop\DB PAWPHILE\Dog Skin Disease Dataset.v2i.folder\train\fungal infection\fungal_225_jpg.rf.538da2778a9aa0bc89c325e186baa272.jpg,1195,bfb9dbda-b68f-4399-929e-f464b159a030,fungal infection,fungal infection,"[""alopecia"", ""scaling""]",disease-level (provisional),research-only,unsupported,train,skin,unknown,C,,0.0,1.0,0.0,1.0,0.0,0.0,0.0,0.0,"['alopecia', 'scaling']",train
f52a610b-2f2c-4e1f-acdd-8e6e5925cf11,Roboflow,C:\Users\ESSAKKI RAJA T  EV\OneDrive\Desktop\DB PAWPHILE\Dog Skin Disease Dataset.v2i.folder\test\hypersensitivity dermatitis\hypersensitivity_321_jpg.rf.849fd13e18a74611b1051e4c59b649ed.jpg,569,e45e3fb6-8616-45c3-be46-58e1d64b4a66,hypersensitivity dermatitis,hypersensitivity / allergic dermatitis,"[""erythema"", ""lichenification""]",disease-level (provisional),research-only,unsupported,test,skin,unknown,C,,1.0,0.0,0.0,0.0,0.0,0.0,0.0,1.0,"['erythema', 'lichenification']",train
eba4e8bc-87c4-4089-b217-0618919f8294,Roboflow,C:\Users\ESSAKKI RAJA T  EV\OneDrive\Desktop\DB PAWPHILE\Dog Skin Disease Dataset.v2i.folder\test\healthy\healthy_120_jpg.rf.2e688f2fc5aa37aa131f8b4f94617e47.jpg,740,db54ad85-fdca-40a0-8985-6a666dad8235,healthy,healthy,[],disease-level (provisional),research-only,unsupported,test,skin,unknown,C,,0.0,0.0,0.0,0.0,0.0,0.0,0.0,0.0,[],train
e1af0583-8146-478e-aeb0-b8718cadb4c9,Roboflow,C:\Users\ESSAKKI RAJA T  EV\OneDrive\Desktop\DB PAWPHILE\Dog Skin Disease Dataset.v2i.folder\valid\healthy\healthy_248_jpg.rf.cbdd70f3dd1538079244c2410cded1a6.jpg,368,4a9a464b-d9be-47c5-9418-f885ed34a977,healthy,healthy,[],disease-level (provisional),research-only,unsupported,valid,skin,unknown,C,,0.0,0.0,0.0,0.0,0.0,0.0,0.0,0.0,[],train
c75c8793-dd23-4ab6-9502-e51b6e259f0b,Kaggle,C:\Users\ESSAKKI RAJA T  EV\OneDrive\Desktop\DB PAWPHILE\archive\test\demodicosis\scabies_129_png_jpg.rf.f23f03ecbcba69cf3aefde56ddd8ea19.jpg,946,c6531b10-21c1-47c2-b36e-df7861403a3a,demodicosis,demodicosis,"[""alopecia"", ""erythema"", ""crust""]",disease-level (provisional),research-only,unsupported,test,skin,unknown,C,,1.0,1.0,1.0,0.0,0.0,0.0,0.0,0.0,"['alopecia', 'erythema', 'crust']",train
d12cfe23-5770-48bb-b58e-93247848a60c,Kaggle,C:\Users\ESSAKKI RAJA T  EV\OneDrive\Desktop\DB PAWPHILE\archive\test\Healthy\images-24_jpg.rf.08f4e96d0253a9fc5216c2816a90f4a0.jpg,1336,d22ea019-2899-4fc2-a427-7cc4f7753a20,Healthy,healthy,[],disease-level (provisional),research-only,unsupported,test,skin,unknown,C,,0.0,0.0,0.0,0.0,0.0,0.0,0.0,0.0,[],train
e73c32bd-47e7-4a62-9fa4-fefedde6bdfb,Roboflow,C:\Users\ESSAKKI RAJA T  EV\OneDrive\Desktop\DB PAWPHILE\Dog Skin Disease Dataset.v2i.folder\valid\healthy\healthy_123_jpg.rf.adb4056c987404fd9ddd2a122c9e1471.jpg,602,071c8d7e-fa5f-4d39-8125-f828a46b088c,healthy,healthy,[],disease-level (provisional),research-only,unsupported,valid,skin,unknown,C,,0.0,0.0,0.0,0.0,0.0,0.0,0.0,0.0,[],train
0f697b52-b392-4dfc-8377-95ad3c55de23,Kaggle,C:\Users\ESSAKKI RAJA T  EV\OneDrive\Desktop\DB PAWPHILE\archive\test\demodicosis\1-11-_jpg.rf.9799cc6fd57c744c9da45a949ed81d75.jpg,555,8e69451b-3e57-410b-87d6-794d2b98d647,demodicosis,demodicosis,"[""alopecia"", ""erythema"", ""crust""]",disease-level (provisional),research-only,unsupported,test,skin,unknown,C,,1.0,1.0,1.0,0.0,0.0,0.0,0.0,0.0,"['alopecia', 'erythema', 'crust']",train
0bb45714-27ba-4749-8082-4aee653eba14,Kaggle,C:\Users\ESSAKKI RAJA T  EV\OneDrive\Desktop\DB PAWPHILE\archive\valid\demodicosis\IMG_5319_jpeg_jpg.rf.c5ef4d54ec71c42c4de10c0558c9aa50.jpg,1201,73d38665-294c-4759-8a39-cb91fdaf9c99,demodicosis,demodicosis,"[""alopecia"", ""erythema"", ""crust""]",disease-level (provisional),research-only,unsupported,valid,skin,unknown,C,,1.0,1.0,1.0,0.0,0.0,0.0,0.0,0.0,"['alopecia', 'erythema', 'crust']",train
5154d9ef-9378-4c5c-9768-958870e50c0f,Kaggle,C:\Users\ESSAKKI RAJA T  EV\OneDrive\Desktop\DB PAWPHILE\archive\train\ringworm\436659257_1400912270538983_2219402059155208617_n_jpg.rf.13194304d7d2ce26a7d70f020e3cba77.jpg,1332,5ed7a5e6-3c4f-4f26-bcee-64a73be8a431,ringworm,fungal infection,"[""alopecia"", ""scaling""]",disease-level (provisional),research-only,unsupported,train,skin,unknown,C,,0.0,1.0,0.0,1.0,0.0,0.0,0.0,0.0,"['alopecia', 'scaling']",train
c5e1fb3a-9f33-4e2d-9d87-1d635d8ddadf,Roboflow,C:\Users\ESSAKKI RAJA T  EV\OneDrive\Desktop\DB PAWPHILE\Dog Skin Disease Dataset.v2i.folder\valid\bacterial dermatosis\bacterial_52_jpg.rf.a7096fd9c3ae264817a7df7b3dff44c9.jpg,632,14329a47-49b8-41ff-8ecc-9e831bc89d9c,bacterial dermatosis,bacterial dermatosis,"[""erythema"", ""pustule"", ""crust""]",disease-level (provisional),research-only,unsupported,valid,skin,unknown,C,,1.0,0.0,1.0,0.0,0.0,0.0,1.0,0.0,"['erythema', 'pustule', 'crust']",train
07846d4a-ac94-4f69-9b9b-5e170eb6011c,Kaggle,C:\Users\ESSAKKI RAJA T  EV\OneDrive\Desktop\DB PAWPHILE\archive\valid\Healthy\dogs_039_jpg.rf.c5744fda3daa1701bab0e0e10223a5da.jpg,525,117b4982-2aee-45a2-8d29-acaaacb4905a,Healthy,healthy,[],disease-level (provisional),research-only,unsupported,valid,skin,unknown,C,,0.0,0.0,0.0,0.0,0.0,0.0,0.0,0.0,[],train
8756e1e4-248a-44bd-ba7f-f520d42d97ef,Roboflow,C:\Users\ESSAKKI RAJA T  EV\OneDrive\Desktop\DB PAWPHILE\Dog Skin Disease Dataset.v2i.folder\train\hypersensitivity dermatitis\hypersensitivity_354_jpg.rf.dc13c192fea7a49a31248ba81e7704c5.jpg,288,319c5285-2887-4de4-833a-e8bd354933f4,hypersensitivity dermatitis,hypersensitivity / allergic dermatitis,"[""erythema"", ""lichenification""]",disease-level (provisional),research-only,unsupported,train,skin,unknown,C,,1.0,0.0,0.0,0.0,0.0,0.0,0.0,1.0,"['erythema', 'lichenification']",train
8a086290-62ca-4476-adef-557936e39b4f,Kaggle,C:\Users\ESSAKKI RAJA T  EV\OneDrive\Desktop\DB PAWPHILE\archive\test\ringworm\NEWR32_png_jpg.rf.310f7179519ee6af9ed3dffd5b4d9f8d.jpg,883,874808f5-c7a7-48e5-a33b-e3c747354494,ringworm,fungal infection,"[""alopecia"", ""scaling""]",disease-level (provisional),research-only,unsupported,test,skin,unknown,C,,0.0,1.0,0.0,1.0,0.0,0.0,0.0,0.0,"['alopecia', 'scaling']",train
28abc78b-8b94-44d2-8c17-ef7eabf14589,Kaggle,C:\Users\ESSAKKI RAJA T  EV\OneDrive\Desktop\DB PAWPHILE\archive\test\Hypersensitivity\hs2_jpg.rf.7d7c5fe96ceb406b93ac2713b5ef79b4.jpg,202,c15e0a9f-fc13-43a0-9ea0-facc9d09fd62,Hypersensitivity,hypersensitivity / allergic dermatitis,"[""erythema"", ""lichenification""]",disease-level (provisional),research-only,unsupported,test,skin,unknown,C,,1.0,0.0,0.0,0.0,0.0,0.0,0.0,1.0,"['erythema', 'lichenification']",train
631b11e5-ac07-4fe6-a346-e9fed2bbcc93,Roboflow,C:\Users\ESSAKKI RAJA T  EV\OneDrive\Desktop\DB PAWPHILE\Dog Skin Disease Dataset.v2i.folder\train\fungal infection\fungal_18_jpg.rf.6bb0bcc9414b80b426942a6564a40a9d.jpg,1551,f83997df-a18f-482e-b1b6-da9c3203e37f,fungal infection,fungal infection,"[""alopecia"", ""scaling""]",disease-level (provisional),research-only,unsupported,train,skin,unknown,C,,0.0,1.0,0.0,1.0,0.0,0.0,0.0,0.0,"['alopecia', 'scaling']",train
aae0f1e1-a4d6-40eb-906b-22c196b35fd0,Kaggle,C:\Users\ESSAKKI RAJA T  EV\OneDrive\Desktop\DB PAWPHILE\archive\train\Dermatitis\pic2_jpg.rf.a5a4220eeb5180a7580ec77ab62d5527.jpg,1392,7bf967f3-c4fd-40c6-8693-56f70cc526c6,Dermatitis,nonspecific dermatitis,"[""erythema"", ""scaling""]",disease-level (provisional),research-only,unsupported,train,skin,unknown,C,,1.0,0.0,0.0,1.0,0.0,0.0,0.0,0.0,"['erythema', 'scaling']",train
610e24d3-4d8d-4407-a4d1-c843ccbf8286,Kaggle,C:\Users\ESSAKKI RAJA T  EV\OneDrive\Desktop\DB PAWPHILE\archive\test\demodicosis\D116_png_jpg.rf.01d46996ef7e83268238303c2b9978af.jpg,1318,cbdeffff-6699-4e84-a9c2-a9ffd024b47b,demodicosis,demodicosis,"[""alopecia"", ""erythema"", ""crust""]",disease-level (provisional),research-only,unsupported,test,skin,unknown,C,,1.0,1.0,1.0,0.0,0.0,0.0,0.0,0.0,"['alopecia', 'erythema', 'crust']",train
f004f262-1d5a-433e-8642-36ec5ed3aadc,Kaggle,C:\Users\ESSAKKI RAJA T  EV\OneDrive\Desktop\DB PAWPHILE\archive\test\Healthy\pic15_jpg.rf.9fd924bad95c251fde574c613f420a81.jpg,1114,f97aeeef-d369-48fe-abc7-7c810f567391,Healthy,healthy,[],disease-level (provisional),research-only,unsupported,test,skin,unknown,C,,0.0,0.0,0.0,0.0,0.0,0.0,0.0,0.0,[],train
d9afdf0a-0a6f-4880-a363-25a8b15ff9c1,Roboflow,C:\Users\ESSAKKI RAJA T  EV\OneDrive\Desktop\DB PAWPHILE\Dog Skin Disease Dataset.v2i.folder\test\fungal infection\fungal_224_jpg.rf.f7d71c06029f066329ccc2b5b6a637a2.jpg,1056,2571f184-a223-479c-8504-268ab4fbe75d,fungal infection,fungal infection,"[""alopecia"", ""scaling""]",disease-level (provisional),research-only,unsupported,test,skin,unknown,C,,0.0,1.0,0.0,1.0,0.0,0.0,0.0,0.0,"['alopecia', 'scaling']",train
60789401-69f3-40d6-bb7a-4a3416a697ea,Kaggle,C:\Users\ESSAKKI RAJA T  EV\OneDrive\Desktop\DB PAWPHILE\archive\valid\Hypersensitivity\1673_jpg.rf.e6021bf176c4df0312cfacc5e2716b31.jpg,791,af469618-2da0-4548-b8c1-db1b2c5a061d,Hypersensitivity,hypersensitivity / allergic dermatitis,"[""erythema"", ""lichenification""]",disease-level (provisional),research-only,unsupported,valid,skin,unknown,C,,1.0,0.0,0.0,0.0,0.0,0.0,0.0,1.0,"['erythema', 'lichenification']",train
51390a09-2a7f-4afc-835b-a93eaf2c77af,Kaggle,C:\Users\ESSAKKI RAJA T  EV\OneDrive\Desktop\DB PAWPHILE\archive\test\demodicosis\IMG_5183_jpeg_jpg.rf.b1ddb3c8ce329c94dfa374d2a79bf01e.jpg,203,355c9088-3918-40ce-b490-0df4c7f858b8,demodicosis,demodicosis,"[""alopecia"", ""erythema"", ""crust""]",disease-level (provisional),research-only,unsupported,test,skin,unknown,C,,1.0,1.0,1.0,0.0,0.0,0.0,0.0,0.0,"['alopecia', 'erythema', 'crust']",train
be6dc6f9-9d89-4fae-bce1-65475614b5a7,Roboflow,C:\Users\ESSAKKI RAJA T  EV\OneDrive\Desktop\DB PAWPHILE\Dog Skin Disease Dataset.v2i.folder\train\hypersensitivity dermatitis\hypersensitivity_239_jpg.rf.8d4bb5c4209f4f5945878b075a10c630.jpg,1053,5d559499-d51d-4014-8772-7864b5bab5ac,hypersensitivity dermatitis,hypersensitivity / allergic dermatitis,"[""erythema"", ""lichenification""]",disease-level (provisional),research-only,unsupported,train,skin,unknown,C,,1.0,0.0,0.0,0.0,0.0,0.0,0.0,1.0,"['erythema', 'lichenification']",train
73f80f95-a0df-4eaa-9da0-bc87d11fc27f,Roboflow,C:\Users\ESSAKKI RAJA T  EV\OneDrive\Desktop\DB PAWPHILE\Dog Skin Disease Dataset.v2i.folder\test\bacterial dermatosis\bacterial_174_jpg.rf.ac560b5c4ebaf13d38b0e2a68f2535a8.jpg,1057,8c4547fb-873f-4e7e-b2c8-cde61cd8c352,bacterial dermatosis,bacterial dermatosis,"[""erythema"", ""pustule"", ""crust""]",disease-level (provisional),research-only,unsupported,test,skin,unknown,C,,1.0,0.0,1.0,0.0,0.0,0.0,1.0,0.0,"['erythema', 'pustule', 'crust']",train
3168dc67-6c93-49ca-93d8-7a1a77188203,Roboflow,C:\Users\ESSAKKI RAJA T  EV\OneDrive\Desktop\DB PAWPHILE\Dog Skin Disease Dataset.v2i.folder\train\fungal infection\fungal_95_jpg.rf.ad38224a718b6c725c4f3f1a6db02a28.jpg,1483,ca8cfdb8-b6c9-4000-824a-db142b1861e2,fungal infection,fungal infection,"[""alopecia"", ""scaling""]",disease-level (provisional),research-only,unsupported,train,skin,unknown,C,,0.0,1.0,0.0,1.0,0.0,0.0,0.0,0.0,"['alopecia', 'scaling']",train
5e111912-b535-4248-9cac-589c1a345c73,Kaggle,C:\Users\ESSAKKI RAJA T  EV\OneDrive\Desktop\DB PAWPHILE\archive\test\ringworm\436768273_980032929718301_6354120843627540406_n_jpg.rf.121aceb80b5010014951578f4b919af9.jpg,367,0e10bf41-245d-4428-9487-37e1015dfdeb,ringworm,fungal infection,"[""alopecia"", ""scaling""]",disease-level (provisional),research-only,unsupported,test,skin,unknown,C,,0.0,1.0,0.0,1.0,0.0,0.0,0.0,0.0,"['alopecia', 'scaling']",train
43976504-94be-41ad-8aa7-6c2594c65b16,Kaggle,C:\Users\ESSAKKI RAJA T  EV\OneDrive\Desktop\DB PAWPHILE\archive\test\Hypersensitivity\Hypersensitivity2_png_jpg.rf.d6b2f1ef7b444855ef54b6c14b2d531f.jpg,1822,a916a2ab-2ccf-4dce-85a3-3d1dcb1552d9,Hypersensitivity,hypersensitivity / allergic dermatitis,"[""erythema"", ""lichenification""]",disease-level (provisional),research-only,unsupported,test,skin,unknown,C,,1.0,0.0,0.0,0.0,0.0,0.0,0.0,1.0,"['erythema', 'lichenification']",train
9672f061-9bc5-41e0-9d4c-b1598600a483,Kaggle,C:\Users\ESSAKKI RAJA T  EV\OneDrive\Desktop\DB PAWPHILE\archive\test\ringworm\WIN_20240514_17_38_15_Pro_jpg.rf.2a2af2c0907e652d63c0297235bf80ff.jpg,221,787b0e75-a454-4387-a59b-0b682257dc43,ringworm,fungal infection,"[""alopecia"", ""scaling""]",disease-level (provisional),research-only,unsupported,test,skin,unknown,C,,0.0,1.0,0.0,1.0,0.0,0.0,0.0,0.0,"['alopecia', 'scaling']",train
933fcf66-eedd-43f2-b850-191e2988c0d2,Roboflow,C:\Users\ESSAKKI RAJA T  EV\OneDrive\Desktop\DB PAWPHILE\Dog Skin Disease Dataset.v2i.folder\test\fungal infection\fungal_321_jpg.rf.0035b2c774557645703516aeceaf30ac.jpg,1472,fe1f80d1-47ed-40b4-ae01-6e57342a8d22,fungal infection,fungal infection,"[""alopecia"", ""scaling""]",disease-level (provisional),research-only,unsupported,test,skin,unknown,C,,0.0,1.0,0.0,1.0,0.0,0.0,0.0,0.0,"['alopecia', 'scaling']",train
ee6b26f8-2edd-43b9-81e4-419a7ed6f762,Kaggle,C:\Users\ESSAKKI RAJA T  EV\OneDrive\Desktop\DB PAWPHILE\archive\valid\ringworm\NEWR53_jpeg_jpg.rf.0a8759aba977fc8fc44df4e9bd9cab30.jpg,809,a6924926-16ff-47db-a8c6-9b8f023b584e,ringworm,fungal infection,"[""alopecia"", ""scaling""]",disease-level (provisional),research-only,unsupported,valid,skin,unknown,C,,0.0,1.0,0.0,1.0,0.0,0.0,0.0,0.0,"['alopecia', 'scaling']",train
b0adb12c-0fca-44ba-8cca-66f257aeec0d,Kaggle,C:\Users\ESSAKKI RAJA T  EV\OneDrive\Desktop\DB PAWPHILE\archive\valid\Dermatitis\hotspot-58-_jpg.rf.156b643ff10c61c74b84237bb9a33080.jpg,1345,f3417f66-3480-4073-813b-d827ab7dc8c7,Dermatitis,nonspecific dermatitis,"[""erythema"", ""scaling""]",disease-level (provisional),research-only,unsupported,valid,skin,unknown,C,,1.0,0.0,0.0,1.0,0.0,0.0,0.0,0.0,"['erythema', 'scaling']",train
4a422ffe-e1f4-404c-baf8-46495c4993d7,Kaggle,C:\Users\ESSAKKI RAJA T  EV\OneDrive\Desktop\DB PAWPHILE\archive\train\ringworm\NEWR29_png_jpg.rf.ad22b459538aed49c2b7ea5f66034114.jpg,1678,be9016c8-4a51-415d-a7e0-3cc91e421a6f,ringworm,fungal infection,"[""alopecia"", ""scaling""]",disease-level (provisional),research-only,unsupported,train,skin,unknown,C,,0.0,1.0,0.0,1.0,0.0,0.0,0.0,0.0,"['alopecia', 'scaling']",train
ed502be4-ac44-4178-9efd-1a1467a4ceaf,Roboflow,C:\Users\ESSAKKI RAJA T  EV\OneDrive\Desktop\DB PAWPHILE\Dog Skin Disease Dataset.v2i.folder\train\fungal infection\fungal_310_jpg.rf.59f74456629328ce3ba3d841475bbee0.jpg,286,555e057d-2e0b-4b1a-9ff4-05c6a1115b78,fungal infection,fungal infection,"[""alopecia"", ""scaling""]",disease-level (provisional),research-only,unsupported,train,skin,unknown,C,,0.0,1.0,0.0,1.0,0.0,0.0,0.0,0.0,"['alopecia', 'scaling']",train
f0ca08bf-34cb-4e70-b314-dd7d463f0dff,Kaggle,C:\Users\ESSAKKI RAJA T  EV\OneDrive\Desktop\DB PAWPHILE\archive\valid\Healthy\HEALTHY_010_jpg.rf.2bee7dc42ec3b219a5166c7659b9fd21.jpg,902,d161ec69-0db7-4661-86ac-ce7e66bae862,Healthy,healthy,[],disease-level (provisional),research-only,unsupported,valid,skin,unknown,C,,0.0,0.0,0.0,0.0,0.0,0.0,0.0,0.0,[],train
fce495ac-06e0-40a7-83a0-8b4e6eb71b76,Roboflow,C:\Users\ESSAKKI RAJA T  EV\OneDrive\Desktop\DB PAWPHILE\Dog Skin Disease Dataset.v2i.folder\test\fungal infection\fungal_137_jpg.rf.af3c99e8b4e6aba56ac7f9dca3ebc77f.jpg,429,5ea20320-e628-4f32-b3bb-8b6e6274fd67,fungal infection,fungal infection,"[""alopecia"", ""scaling""]",disease-level (provisional),research-only,unsupported,test,skin,unknown,C,,0.0,1.0,0.0,1.0,0.0,0.0,0.0,0.0,"['alopecia', 'scaling']",train
4fca3bde-bccf-4987-8a64-63141fb6de93,Multispectral,C:\Users\ESSAKKI RAJA T  EV\OneDrive\Desktop\DB PAWPHILE\Classification of pet dog skin diseases using deep learning with images captured from multispectral imaging device\5dbht54kw7-1\Dog210629_09_02_13\pic3.jpg,147,0fe39e97-bffa-4396-9a09-2bcd654fe33f,unknown,unknown,[],disease-level (provisional),research-only,unsupported,none,skin,pic3.jpg,B,,0.0,0.0,0.0,0.0,0.0,0.0,0.0,0.0,[],train
93d478fb-cac7-4a06-a3eb-5a711c1fbf33,Roboflow,C:\Users\ESSAKKI RAJA T  EV\OneDrive\Desktop\DB PAWPHILE\Dog Skin Disease Dataset.v2i.folder\valid\healthy\healthy_131_jpg.rf.77d308993de025a549dc7457f8b3f1ab.jpg,1537,886d80fa-62e7-4f56-b94b-a0326047b973,healthy,healthy,[],disease-level (provisional),research-only,unsupported,valid,skin,unknown,C,,0.0,0.0,0.0,0.0,0.0,0.0,0.0,0.0,[],train
e25532f6-5328-4b18-a89a-41f7a8b610e6,Roboflow,C:\Users\ESSAKKI RAJA T  EV\OneDrive\Desktop\DB PAWPHILE\Dog Skin Disease Dataset.v2i.folder\train\fungal infection\fungal_103_jpg.rf.5ce66097e345472cff4fab1deedbae80.jpg,467,44100277-d104-4afe-85a2-b676a7e63706,fungal infection,fungal infection,"[""alopecia"", ""scaling""]",disease-level (provisional),research-only,unsupported,train,skin,unknown,C,,0.0,1.0,0.0,1.0,0.0,0.0,0.0,0.0,"['alopecia', 'scaling']",train
e7663ee4-bd81-426c-9401-f1bb8c116469,Roboflow,C:\Users\ESSAKKI RAJA T  EV\OneDrive\Desktop\DB PAWPHILE\Dog Skin Disease Dataset.v2i.folder\test\bacterial dermatosis\bacterial_derm_38_jpg.rf.e692156b9ed3f53f6f0da13eab960d92.jpg,1330,e0006456-75ff-4375-a8af-dd4d6d9b4540,bacterial dermatosis,bacterial dermatosis,"[""erythema"", ""pustule"", ""crust""]",disease-level (provisional),research-only,unsupported,test,skin,unknown,C,,1.0,0.0,1.0,0.0,0.0,0.0,1.0,0.0,"['erythema', 'pustule', 'crust']",train
70f4536a-b569-4e33-8a49-61f3b887c0d3,Kaggle,C:\Users\ESSAKKI RAJA T  EV\OneDrive\Desktop\DB PAWPHILE\archive\train\Dermatitis\1000010770_x4_jpg.rf.4f5f69467b0680db7f3aca37bfcd1c5b.jpg,215,7df980a3-2125-401e-9134-3e75cc23fc8f,Dermatitis,nonspecific dermatitis,"[""erythema"", ""scaling""]",disease-level (provisional),research-only,unsupported,train,skin,unknown,C,,1.0,0.0,0.0,1.0,0.0,0.0,0.0,0.0,"['erythema', 'scaling']",train
d40df88e-6c1f-40de-bd8f-b06ce4a29424,Kaggle,C:\Users\ESSAKKI RAJA T  EV\OneDrive\Desktop\DB PAWPHILE\archive\test\demodicosis\2024-05-13-162817_jpg.rf.1bf1c2103e45bf24130d38d43d200e86.jpg,1262,41de62b3-9157-4232-9907-fd542a777a82,demodicosis,demodicosis,"[""alopecia"", ""erythema"", ""crust""]",disease-level (provisional),research-only,unsupported,test,skin,unknown,C,,1.0,1.0,1.0,0.0,0.0,0.0,0.0,0.0,"['alopecia', 'erythema', 'crust']",train
1eccd645-825d-4d64-a964-59ea01f55cd9,Kaggle,C:\Users\ESSAKKI RAJA T  EV\OneDrive\Desktop\DB PAWPHILE\archive\test\ringworm\90756CC4-0872-4328-B777-FABEAFABD5EF_jpeg_jpg.rf.06498e4ac3327e80d2697e37e60a8a49.jpg,1275,69cff76a-7993-41bc-817a-84bdfe4a24df,ringworm,fungal infection,"[""alopecia"", ""scaling""]",disease-level (provisional),research-only,unsupported,test,skin,unknown,C,,0.0,1.0,0.0,1.0,0.0,0.0,0.0,0.0,"['alopecia', 'scaling']",train
37e63a2b-05d3-4ab5-93e9-dc2b5992c6df,Multispectral,C:\Users\ESSAKKI RAJA T  EV\OneDrive\Desktop\DB PAWPHILE\Classification of pet dog skin diseases using deep learning with images captured from multispectral imaging device\5dbht54kw7-1\Dog210821_02_01_00\pic2.jpg,1534,ea95febe-865f-4372-a1b7-e183bbcaaf13,unknown,unknown,[],disease-level (provisional),research-only,unsupported,none,skin,pic2.jpg,B,,0.0,0.0,0.0,0.0,0.0,0.0,0.0,0.0,[],train
70976589-c707-4d43-a3b9-1216c752c293,Roboflow,C:\Users\ESSAKKI RAJA T  EV\OneDrive\Desktop\DB PAWPHILE\Dog Skin Disease Dataset.v2i.folder\test\bacterial dermatosis\bacterial_183_jpg.rf.26406d9f1e5cad10a10f903c8476aff8.jpg,1393,ea2ecdd4-b14b-485c-a7d3-fa152800d1ae,bacterial dermatosis,bacterial dermatosis,"[""erythema"", ""pustule"", ""crust""]",disease-level (provisional),research-only,unsupported,test,skin,unknown,C,,1.0,0.0,1.0,0.0,0.0,0.0,1.0,0.0,"['erythema', 'pustule', 'crust']",train
c2c61d9f-4358-446e-b98f-bc8ef9b3882d,Multispectral,C:\Users\ESSAKKI RAJA T  EV\OneDrive\Desktop\DB PAWPHILE\Classification of pet dog skin diseases using deep learning with images captured from multispectral imaging device\5dbht54kw7-1\dog210617_02_02_01\pic1.jpg,1297,dc286961-9052-4e7f-bddb-83fabd1277ff,unknown,unknown,[],disease-level (provisional),research-only,unsupported,none,skin,pic1.jpg,B,,0.0,0.0,0.0,0.0,0.0,0.0,0.0,0.0,[],train
c3d98b40-5a80-4cd5-acf0-04c66cb22561,Roboflow,C:\Users\ESSAKKI RAJA T  EV\OneDrive\Desktop\DB PAWPHILE\Dog Skin Disease Dataset.v2i.folder\test\fungal infection\fungal_163_jpg.rf.72ab28cc3f04160330dc1c7d93c75e3a.jpg,438,deb76e0c-9ee3-4608-8082-4c0744a2c353,fungal infection,fungal infection,"[""alopecia"", ""scaling""]",disease-level (provisional),research-only,unsupported,test,skin,unknown,C,,0.0,1.0,0.0,1.0,0.0,0.0,0.0,0.0,"['alopecia', 'scaling']",train
5a263431-35f3-4b0e-be2a-64a5d58095b1,Kaggle,C:\Users\ESSAKKI RAJA T  EV\OneDrive\Desktop\DB PAWPHILE\archive\train\ringworm\ringworm-76-_jpg.rf.39f494d9dedbc754085ba7876564e33b.jpg,210,78937c71-0d08-4fc1-9cac-1b889dccff8f,ringworm,fungal infection,"[""alopecia"", ""scaling""]",disease-level (provisional),research-only,unsupported,train,skin,unknown,C,,0.0,1.0,0.0,1.0,0.0,0.0,0.0,0.0,"['alopecia', 'scaling']",train
a8f639a1-3994-42b8-b19f-cda3b749b2ee,Kaggle,C:\Users\ESSAKKI RAJA T  EV\OneDrive\Desktop\DB PAWPHILE\archive\test\ringworm\436788724_2640165772801792_3956631987323566222_n_jpg.rf.e0e3dafabaad4333c15c133b64669d5a.jpg,1535,a6f44ee4-aea1-4427-99b3-ff76e086f033,ringworm,fungal infection,"[""alopecia"", ""scaling""]",disease-level (provisional),research-only,unsupported,test,skin,unknown,C,,0.0,1.0,0.0,1.0,0.0,0.0,0.0,0.0,"['alopecia', 'scaling']",train
63c729d8-007a-4548-81ec-b79f8dd74e46,Kaggle,C:\Users\ESSAKKI RAJA T  EV\OneDrive\Desktop\DB PAWPHILE\archive\test\Dermatitis\1000010753_x16_jpg.rf.d479861064eb7db863d0428a3d510a5d.jpg,834,8f0de2c2-8d4c-40b5-8174-787d0881f8da,Dermatitis,nonspecific dermatitis,"[""erythema"", ""scaling""]",disease-level (provisional),research-only,unsupported,test,skin,unknown,C,,1.0,0.0,0.0,1.0,0.0,0.0,0.0,0.0,"['erythema', 'scaling']",train
5310c02b-cc7e-46ff-bcf1-8c55f811b1f5,Roboflow,C:\Users\ESSAKKI RAJA T  EV\OneDrive\Desktop\DB PAWPHILE\Dog Skin Disease Dataset.v2i.folder\valid\healthy\healthy_240_jpg.rf.1293655ca546b0959c81f6caae950ca5.jpg,156,b70a1ad1-0023-40e4-b64b-4635aabc84ca,healthy,healthy,[],disease-level (provisional),research-only,unsupported,valid,skin,unknown,C,,0.0,0.0,0.0,0.0,0.0,0.0,0.0,0.0,[],train
0ef409a0-b368-445c-aae2-968198c231cf,Roboflow,C:\Users\ESSAKKI RAJA T  EV\OneDrive\Desktop\DB PAWPHILE\Dog Skin Disease Dataset.v2i.folder\train\healthy\healthy_226_jpg.rf.40683dee086c1a60d1b2fc3de816d908.jpg,463,e3f04aa7-2304-4b9b-bf08-c086f2a4f7a2,healthy,healthy,[],disease-level (provisional),research-only,unsupported,train,skin,unknown,C,,0.0,0.0,0.0,0.0,0.0,0.0,0.0,0.0,[],train
6ed27168-58ed-4b24-b624-5cb49ac58823,Multispectral,C:\Users\ESSAKKI RAJA T  EV\OneDrive\Desktop\DB PAWPHILE\Classification of pet dog skin diseases using deep learning with images captured from multispectral imaging device\5dbht54kw7-1\dog210612_03_01_13\pic1.jpg,1651,bffbe729-1d77-4448-aa50-7d61c7d34519,unknown,unknown,[],disease-level (provisional),research-only,unsupported,none,skin,pic1.jpg,B,,0.0,0.0,0.0,0.0,0.0,0.0,0.0,0.0,[],train
11e23254-dc70-4a08-8bb7-35e47b7f1b1a,Roboflow,C:\Users\ESSAKKI RAJA T  EV\OneDrive\Desktop\DB PAWPHILE\Dog Skin Disease Dataset.v2i.folder\valid\bacterial dermatosis\bacterial_108_jpg.rf.4e5acdc62edd22201c4d64336445f626.jpg,761,fb00a4e3-c048-44db-bf2b-3c9e8389fc0d,bacterial dermatosis,bacterial dermatosis,"[""erythema"", ""pustule"", ""crust""]",disease-level (provisional),research-only,unsupported,valid,skin,unknown,C,,1.0,0.0,1.0,0.0,0.0,0.0,1.0,0.0,"['erythema', 'pustule', 'crust']",train
85e8f99f-6184-433e-ac96-52d7ab0e5578,Roboflow,C:\Users\ESSAKKI RAJA T  EV\OneDrive\Desktop\DB PAWPHILE\Dog Skin Disease Dataset.v2i.folder\train\bacterial dermatosis\bacterial_180_jpg.rf.7e68f96fb950af73a05248f7a71d3be1.jpg,1486,c709fcf2-7dc4-4125-a51f-11c271edbf1f,bacterial dermatosis,bacterial dermatosis,"[""erythema"", ""pustule"", ""crust""]",disease-level (provisional),research-only,unsupported,train,skin,unknown,C,,1.0,0.0,1.0,0.0,0.0,0.0,1.0,0.0,"['erythema', 'pustule', 'crust']",train
c60ce021-4c38-448b-8933-12d18ed4f9fa,Roboflow,C:\Users\ESSAKKI RAJA T  EV\OneDrive\Desktop\DB PAWPHILE\Dog Skin Disease Dataset.v2i.folder\test\healthy\healthy_train_50_jpg.rf.fd26f8d0d4ca60ae639bc5d50be56c42.jpg,987,ac9a031d-45b7-4a6c-b7a9-d4966c6e90f1,healthy,healthy,[],disease-level (provisional),research-only,unsupported,test,skin,unknown,C,,0.0,0.0,0.0,0.0,0.0,0.0,0.0,0.0,[],train
ee8e52a8-c81a-4166-b47b-b4e91d90d105,Roboflow,C:\Users\ESSAKKI RAJA T  EV\OneDrive\Desktop\DB PAWPHILE\Dog Skin Disease Dataset.v2i.folder\valid\fungal infection\fungal_345_jpg.rf.2e86974e7018be4ac99de9a588c94628.jpg,1142,cc7d7cf9-8be7-4cae-9a9c-aa61394a5165,fungal infection,fungal infection,"[""alopecia"", ""scaling""]",disease-level (provisional),research-only,unsupported,valid,skin,unknown,C,,0.0,1.0,0.0,1.0,0.0,0.0,0.0,0.0,"['alopecia', 'scaling']",train
3426c0f5-ff7c-4427-9b41-cc19e5d6c345,Kaggle,C:\Users\ESSAKKI RAJA T  EV\OneDrive\Desktop\DB PAWPHILE\archive\test\demodicosis\IMG_5219_jpeg_jpg.rf.2da4ada21498cf3cedf953c76490a632.jpg,499,4de6d255-eab5-4bef-a1c9-f00d711e13d9,demodicosis,demodicosis,"[""alopecia"", ""erythema"", ""crust""]",disease-level (provisional),research-only,unsupported,test,skin,unknown,C,,1.0,1.0,1.0,0.0,0.0,0.0,0.0,0.0,"['alopecia', 'erythema', 'crust']",train
a00e1b78-8a89-499a-8e55-c8c8ce794cb5,Kaggle,C:\Users\ESSAKKI RAJA T  EV\OneDrive\Desktop\DB PAWPHILE\archive\valid\ringworm\R35_png_jpg.rf.3542050ece64d01ef1d1c7e338bdbac6.jpg,1398,c43e212a-bf43-49f8-bd7e-faf068643229,ringworm,fungal infection,"[""alopecia"", ""scaling""]",disease-level (provisional),research-only,unsupported,valid,skin,unknown,C,,0.0,1.0,0.0,1.0,0.0,0.0,0.0,0.0,"['alopecia', 'scaling']",train
7417acdf-cfd8-4e1d-8f80-50b0f7bd7a10,Roboflow,C:\Users\ESSAKKI RAJA T  EV\OneDrive\Desktop\DB PAWPHILE\Dog Skin Disease Dataset.v2i.folder\test\fungal infection\fungal_347_jpg.rf.e594046937b822bb7ae36ab22b84b50c.jpg,1301,27b79c6b-aba4-4298-897e-b7d40912530d,fungal infection,fungal infection,"[""alopecia"", ""scaling""]",disease-level (provisional),research-only,unsupported,test,skin,unknown,C,,0.0,1.0,0.0,1.0,0.0,0.0,0.0,0.0,"['alopecia', 'scaling']",train
bc4d7b76-c4c8-487c-96d6-56fe3ff308cc,Roboflow,C:\Users\ESSAKKI RAJA T  EV\OneDrive\Desktop\DB PAWPHILE\Dog Skin Disease Dataset.v2i.folder\train\fungal infection\fungal_204_jpg.rf.1bb1f878184c4a38f6fd8f9ed09ef692.jpg,1724,3ae5ab2a-cf4a-4a41-8d16-30197a932f3d,fungal infection,fungal infection,"[""alopecia"", ""scaling""]",disease-level (provisional),research-only,unsupported,train,skin,unknown,C,,0.0,1.0,0.0,1.0,0.0,0.0,0.0,0.0,"['alopecia', 'scaling']",train
f53b2888-8646-47f6-89ae-e55d19745e99,Kaggle,C:\Users\ESSAKKI RAJA T  EV\OneDrive\Desktop\DB PAWPHILE\archive\valid\Healthy\Image_7_jpg.rf.185fc9bb5bf422a54da38a0584d6dd44.jpg,414,b085fa37-8443-4a3e-b421-a0954a29ffea,Healthy,healthy,[],disease-level (provisional),research-only,unsupported,valid,skin,unknown,C,,0.0,0.0,0.0,0.0,0.0,0.0,0.0,0.0,[],train
be51e089-06ef-4ca8-b6e4-bdf6edb152bf,Roboflow,C:\Users\ESSAKKI RAJA T  EV\OneDrive\Desktop\DB PAWPHILE\Dog Skin Disease Dataset.v2i.folder\train\healthy\healthy_63_jpg.rf.012ccbd1580da41405174abaa022b713.jpg,641,a54f2557-10a7-4e3a-8857-35388e80a292,healthy,healthy,[],disease-level (provisional),research-only,unsupported,train,skin,unknown,C,,0.0,0.0,0.0,0.0,0.0,0.0,0.0,0.0,[],train
eff5e16c-d8e2-4196-a314-910e973b885b,Kaggle,C:\Users\ESSAKKI RAJA T  EV\OneDrive\Desktop\DB PAWPHILE\archive\valid\Fungal_infections\FUNGAL-INFECTION_024_jpg.rf.5f118b0fe54bcd790aaa1caa3248cab4.jpg,1675,d1468367-e00c-47da-b06d-7b62a656458b,Fungal_infections,fungal infection,"[""alopecia"", ""scaling""]",disease-level (provisional),research-only,unsupported,valid,skin,unknown,C,,0.0,1.0,0.0,1.0,0.0,0.0,0.0,0.0,"['alopecia', 'scaling']",train
c65dcbea-17ae-4198-9923-4923582190a4,Roboflow,C:\Users\ESSAKKI RAJA T  EV\OneDrive\Desktop\DB PAWPHILE\Dog Skin Disease Dataset.v2i.folder\valid\fungal infection\fungal_42_jpg.rf.cabb0f0614cb1898c648e98efd50c7d0.jpg,722,3ad353bb-21ae-429c-b9bd-23da29847020,fungal infection,fungal infection,"[""alopecia"", ""scaling""]",disease-level (provisional),research-only,unsupported,valid,skin,unknown,C,,0.0,1.0,0.0,1.0,0.0,0.0,0.0,0.0,"['alopecia', 'scaling']",train
a3c9868f-35df-46c7-8233-18c45aba95c0,Roboflow,C:\Users\ESSAKKI RAJA T  EV\OneDrive\Desktop\DB PAWPHILE\Dog Skin Disease Dataset.v2i.folder\test\bacterial dermatosis\bacterial_7_jpg.rf.72804355993fed4d87c2b9d158375e11.jpg,1314,1c81a145-40f3-4539-a3d1-f700cfa621c0,bacterial dermatosis,bacterial dermatosis,"[""erythema"", ""pustule"", ""crust""]",disease-level (provisional),research-only,unsupported,test,skin,unknown,C,,1.0,0.0,1.0,0.0,0.0,0.0,1.0,0.0,"['erythema', 'pustule', 'crust']",train
9318a422-38bf-4064-8785-188bd22764b3,Kaggle,C:\Users\ESSAKKI RAJA T  EV\OneDrive\Desktop\DB PAWPHILE\archive\valid\ringworm\436640642_811487460836132_6485568501349186497_n_jpg.rf.8e2a732c9401c46b04f52c51ce3a22ce.jpg,417,482d931c-d2f3-451f-87ee-b74b9624837b,ringworm,fungal infection,"[""alopecia"", ""scaling""]",disease-level (provisional),research-only,unsupported,valid,skin,unknown,C,,0.0,1.0,0.0,1.0,0.0,0.0,0.0,0.0,"['alopecia', 'scaling']",train
14fc39f5-5def-4e0d-b5b0-58f1bbf24efe,Kaggle,C:\Users\ESSAKKI RAJA T  EV\OneDrive\Desktop\DB PAWPHILE\archive\test\demodicosis\P28_png_jpg.rf.704a72ce97a932a28e90233bf8294dc6.jpg,345,e3fcf1fd-5c28-4d8e-b749-7cd49dbe3c91,demodicosis,demodicosis,"[""alopecia"", ""erythema"", ""crust""]",disease-level (provisional),research-only,unsupported,test,skin,unknown,C,,1.0,1.0,1.0,0.0,0.0,0.0,0.0,0.0,"['alopecia', 'erythema', 'crust']",train
9ace6e36-2d95-46ca-a894-71e8cb3a3229,Roboflow,C:\Users\ESSAKKI RAJA T  EV\OneDrive\Desktop\DB PAWPHILE\Dog Skin Disease Dataset.v2i.folder\train\bacterial dermatosis\bacterial_12_jpg.rf.8ffc9821453e75eb489698469e578e0f.jpg,1674,2e2f42f7-52c9-4493-a875-f01093b5f99c,bacterial dermatosis,bacterial dermatosis,"[""erythema"", ""pustule"", ""crust""]",disease-level (provisional),research-only,unsupported,train,skin,unknown,C,,1.0,0.0,1.0,0.0,0.0,0.0,1.0,0.0,"['erythema', 'pustule', 'crust']",train
dd43ba9c-a54e-41ab-888c-38241f099f4e,Kaggle,C:\Users\ESSAKKI RAJA T  EV\OneDrive\Desktop\DB PAWPHILE\archive\valid\Dermatitis\1000010715_x16_jpg.rf.f4a3aa975ef24133022ce0c65f36b438.jpg,739,ad29011b-5eab-4973-a8af-c54e1c91f807,Dermatitis,nonspecific dermatitis,"[""erythema"", ""scaling""]",disease-level (provisional),research-only,unsupported,valid,skin,unknown,C,,1.0,0.0,0.0,1.0,0.0,0.0,0.0,0.0,"['erythema', 'scaling']",train
6bf1fbc6-cdb8-498d-bd36-df3ada47c0ee,Roboflow,C:\Users\ESSAKKI RAJA T  EV\OneDrive\Desktop\DB PAWPHILE\Dog Skin Disease Dataset.v2i.folder\train\hypersensitivity dermatitis\hypersensitivity_392_jpg.rf.ab6fdba95f2025c532130e0d94b42b2a.jpg,694,98779fdf-ea3e-4929-87a2-9f4e3098c77d,hypersensitivity dermatitis,hypersensitivity / allergic dermatitis,"[""erythema"", ""lichenification""]",disease-level (provisional),research-only,unsupported,train,skin,unknown,C,,1.0,0.0,0.0,0.0,0.0,0.0,0.0,1.0,"['erythema', 'lichenification']",valid
c5a9e5f2-8dc5-45d9-9929-9956613315c3,Kaggle,C:\Users\ESSAKKI RAJA T  EV\OneDrive\Desktop\DB PAWPHILE\archive\train\Dermatitis\pic1_jpg.rf.106df43c414b8ec05b25593274acdf80.jpg,1649,9bf7ea46-1b3b-4ed2-a5b0-c0cc933795b6,Dermatitis,nonspecific dermatitis,"[""erythema"", ""scaling""]",disease-level (provisional),research-only,unsupported,train,skin,unknown,C,,1.0,0.0,0.0,1.0,0.0,0.0,0.0,0.0,"['erythema', 'scaling']",valid
7dac27ad-86f6-4ada-b8ab-afbcd625efaf,Roboflow,C:\Users\ESSAKKI RAJA T  EV\OneDrive\Desktop\DB PAWPHILE\Dog Skin Disease Dataset.v2i.folder\train\fungal infection\fungal_63_jpg.rf.346e3c94f2c6db8f6ee84831f0c0e650.jpg,1450,fd8ea110-ae73-4a68-99a6-e545d40d6610,fungal infection,fungal infection,"[""alopecia"", ""scaling""]",disease-level (provisional),research-only,unsupported,train,skin,unknown,C,,0.0,1.0,0.0,1.0,0.0,0.0,0.0,0.0,"['alopecia', 'scaling']",valid
6ddea484-1b8f-4983-bf7f-eeed164129ae,Kaggle,C:\Users\ESSAKKI RAJA T  EV\OneDrive\Desktop\DB PAWPHILE\archive\test\demodicosis\scabies_111_png_jpg.rf.402b98af44e2a1b1ed02650ed7616479.jpg,382,dd024cf8-7775-4d70-8f4a-6df3fe1dbb3a,demodicosis,demodicosis,"[""alopecia"", ""erythema"", ""crust""]",disease-level (provisional),research-only,unsupported,test,skin,unknown,C,,1.0,1.0,1.0,0.0,0.0,0.0,0.0,0.0,"['alopecia', 'erythema', 'crust']",valid
7d30566a-f5d2-48d5-acff-d91254f9c8ef,Roboflow,C:\Users\ESSAKKI RAJA T  EV\OneDrive\Desktop\DB PAWPHILE\Dog Skin Disease Dataset.v2i.folder\valid\bacterial dermatosis\bacterial_188_jpg.rf.700ac19dce87a3421dd8f74cdf104667.jpg,822,237286b9-c777-4b5a-83a8-a0bfd4a26c41,bacterial dermatosis,bacterial dermatosis,"[""erythema"", ""pustule"", ""crust""]",disease-level (provisional),research-only,unsupported,valid,skin,unknown,C,,1.0,0.0,1.0,0.0,0.0,0.0,1.0,0.0,"['erythema', 'pustule', 'crust']",valid
838af16c-6d14-4146-ba24-9a866b767e97,Roboflow,C:\Users\ESSAKKI RAJA T  EV\OneDrive\Desktop\DB PAWPHILE\Dog Skin Disease Dataset.v2i.folder\test\healthy\healthy_261_jpg.rf.826cbf68ab2d6c5abd0670cbecb80d25.jpg,986,9b61edeb-555c-4c8c-844d-df1a851bd6c2,healthy,healthy,[],disease-level (provisional),research-only,unsupported,test,skin,unknown,C,,0.0,0.0,0.0,0.0,0.0,0.0,0.0,0.0,[],valid
dd9c802c-5231-4d74-8bb0-6ead290e141a,Roboflow,C:\Users\ESSAKKI RAJA T  EV\OneDrive\Desktop\DB PAWPHILE\Dog Skin Disease Dataset.v2i.folder\train\hypersensitivity dermatitis\hypersensitivity_149_jpg.rf.38f2b6c582e73bcd86d02b895955b307.jpg,262,384ec680-c7ef-4076-bf4a-1fbedcd350df,hypersensitivity dermatitis,hypersensitivity / allergic dermatitis,"[""erythema"", ""lichenification""]",disease-level (provisional),research-only,unsupported,train,skin,unknown,C,,1.0,0.0,0.0,0.0,0.0,0.0,0.0,1.0,"['erythema', 'lichenification']",valid
d8ce3149-de3c-4973-b8d4-57a68ede9703,Roboflow,C:\Users\ESSAKKI RAJA T  EV\OneDrive\Desktop\DB PAWPHILE\Dog Skin Disease Dataset.v2i.folder\test\fungal infection\fungal_303_jpg.rf.339aabc97df7b0b064b4c599f3560a7a.jpg,622,8a60bf3a-7495-4c94-8ad9-52a5d4e47bc0,fungal infection,fungal infection,"[""alopecia"", ""scaling""]",disease-level (provisional),research-only,unsupported,test,skin,unknown,C,,0.0,1.0,0.0,1.0,0.0,0.0,0.0,0.0,"['alopecia', 'scaling']",valid
2067b465-e27f-4391-9c2e-ef81287883ff,Kaggle,C:\Users\ESSAKKI RAJA T  EV\OneDrive\Desktop\DB PAWPHILE\archive\test\demodicosis\IMG_5169_jpeg_jpg.rf.0c89d15ea73020da999650e57dfbf0be.jpg,572,f01ea031-5d56-4c09-aa2c-aeaa0f6105e7,demodicosis,demodicosis,"[""alopecia"", ""erythema"", ""crust""]",disease-level (provisional),research-only,unsupported,test,skin,unknown,C,,1.0,1.0,1.0,0.0,0.0,0.0,0.0,0.0,"['alopecia', 'erythema', 'crust']",valid
9a68dfa3-6467-4a30-87cd-f89967f00416,Roboflow,C:\Users\ESSAKKI RAJA T  EV\OneDrive\Desktop\DB PAWPHILE\Dog Skin Disease Dataset.v2i.folder\train\bacterial dermatosis\bacterial_265_jpg.rf.10100634ef868ca023adca417715d715.jpg,1435,d5225651-221b-4faa-afda-d6d4443365f8,bacterial dermatosis,bacterial dermatosis,"[""erythema"", ""pustule"", ""crust""]",disease-level (provisional),research-only,unsupported,train,skin,unknown,C,,1.0,0.0,1.0,0.0,0.0,0.0,1.0,0.0,"['erythema', 'pustule', 'crust']",valid
682300e0-36f6-4af1-bf9e-a40ece6fd5a8,Kaggle,C:\Users\ESSAKKI RAJA T  EV\OneDrive\Desktop\DB PAWPHILE\archive\valid\Hypersensitivity\1392_jpg.rf.f79fe051ac8d64ca839e7c5abf85e31d.jpg,307,41a99922-95d3-4747-b28d-b9bed18416d9,Hypersensitivity,hypersensitivity / allergic dermatitis,"[""erythema"", ""lichenification""]",disease-level (provisional),research-only,unsupported,valid,skin,unknown,C,,1.0,0.0,0.0,0.0,0.0,0.0,0.0,1.0,"['erythema', 'lichenification']",valid
e5141ec5-b7f9-4ca8-9198-869944ff7578,Kaggle,C:\Users\ESSAKKI RAJA T  EV\OneDrive\Desktop\DB PAWPHILE\archive\valid\Dermatitis\1000010608_x16_jpg.rf.c1abd03c96a8a1242a2db20996fbd2fd.jpg,1324,15fcc1c4-1b52-4826-b1b8-00c54060b060,Dermatitis,nonspecific dermatitis,"[""erythema"", ""scaling""]",disease-level (provisional),research-only,unsupported,valid,skin,unknown,C,,1.0,0.0,0.0,1.0,0.0,0.0,0.0,0.0,"['erythema', 'scaling']",valid
d2bfc68d-73e9-4a46-b233-a58940471295,Kaggle,C:\Users\ESSAKKI RAJA T  EV\OneDrive\Desktop\DB PAWPHILE\archive\test\ringworm\ringworm-18-_jpg.rf.3bce7ba9aef3f07d299600f266bf9c31.jpg,1729,e27e1480-4f8a-437b-a68b-483d08c95326,ringworm,fungal infection,"[""alopecia"", ""scaling""]",disease-level (provisional),research-only,unsupported,test,skin,unknown,C,,0.0,1.0,0.0,1.0,0.0,0.0,0.0,0.0,"['alopecia', 'scaling']",valid
fa926611-42f3-49f1-a743-b90f068d1dcb,Kaggle,C:\Users\ESSAKKI RAJA T  EV\OneDrive\Desktop\DB PAWPHILE\archive\valid\demodicosis\IMG_5156_jpeg_jpg.rf.412c4178dc71e319c39d68e8ae1517f0.jpg,1490,08129d0b-00cd-4f00-b3d5-717fd7b2b4c5,demodicosis,demodicosis,"[""alopecia"", ""erythema"", ""crust""]",disease-level (provisional),research-only,unsupported,valid,skin,unknown,C,,1.0,1.0,1.0,0.0,0.0,0.0,0.0,0.0,"['alopecia', 'erythema', 'crust']",valid
4608398b-61f0-4542-bc4d-479219ef92a1,Roboflow,C:\Users\ESSAKKI RAJA T  EV\OneDrive\Desktop\DB PAWPHILE\Dog Skin Disease Dataset.v2i.folder\train\fungal infection\fungal_11_jpg.rf.4d3c8505e0ca4d6639c4e70ba5f26e2f.jpg,318,5beff8a6-95c8-4fc4-97f0-12d4ddd0f74d,fungal infection,fungal infection,"[""alopecia"", ""scaling""]",disease-level (provisional),research-only,unsupported,train,skin,unknown,C,,0.0,1.0,0.0,1.0,0.0,0.0,0.0,0.0,"['alopecia', 'scaling']",valid
aeb19daa-ecf3-43e5-a632-707871bf652d,Roboflow,C:\Users\ESSAKKI RAJA T  EV\OneDrive\Desktop\DB PAWPHILE\Dog Skin Disease Dataset.v2i.folder\train\healthy\healthy_331_jpg.rf.3e7ae46bf55f9c7008c60fcfb345b312.jpg,1907,302dce0f-bbf8-46fc-8d95-9d9cdefa7796,healthy,healthy,[],disease-level (provisional),research-only,unsupported,train,skin,unknown,C,,0.0,0.0,0.0,0.0,0.0,0.0,0.0,0.0,[],valid
95a79657-f698-4b15-ad43-7a70ced645ae,Kaggle,C:\Users\ESSAKKI RAJA T  EV\OneDrive\Desktop\DB PAWPHILE\archive\valid\demodicosis\2024-05-13-134130_2_jpg.rf.940e5c4be09c8a24ca27d65239f009d9.jpg,1317,dedd501c-d749-4c07-b71c-da82215423bb,demodicosis,demodicosis,"[""alopecia"", ""erythema"", ""crust""]",disease-level (provisional),research-only,unsupported,valid,skin,unknown,C,,1.0,1.0,1.0,0.0,0.0,0.0,0.0,0.0,"['alopecia', 'erythema', 'crust']",valid
74489054-a323-454e-af55-39ab0ef0b845,Roboflow,C:\Users\ESSAKKI RAJA T  EV\OneDrive\Desktop\DB PAWPHILE\Dog Skin Disease Dataset.v2i.folder\train\fungal infection\fungal_304_jpg.rf.37ded3ec0932f028397c4ee7fddfd8af.jpg,1488,c4f879ae-151e-45ab-a0ea-db69d5097764,fungal infection,fungal infection,"[""alopecia"", ""scaling""]",disease-level (provisional),research-only,unsupported,train,skin,unknown,C,,0.0,1.0,0.0,1.0,0.0,0.0,0.0,0.0,"['alopecia', 'scaling']",valid
794ba486-ba79-45fc-b55d-b811c7a3e758,Kaggle,C:\Users\ESSAKKI RAJA T  EV\OneDrive\Desktop\DB PAWPHILE\archive\test\Dermatitis\1000010536_x4_jpg.rf.a7cad2e3b94215381440871281245960.jpg,695,8c9e3679-a683-4cfa-b5b5-c671eb164e29,Dermatitis,nonspecific dermatitis,"[""erythema"", ""scaling""]",disease-level (provisional),research-only,unsupported,test,skin,unknown,C,,1.0,0.0,0.0,1.0,0.0,0.0,0.0,0.0,"['erythema', 'scaling']",valid
eb21cf16-f898-463c-b0de-6af6756ee240,Kaggle,C:\Users\ESSAKKI RAJA T  EV\OneDrive\Desktop\DB PAWPHILE\archive\valid\demodicosis\1-6-_jpg.rf.fbb22f1f65d112fec60253696069b125.jpg,1648,06a403bb-e8bf-4caf-a993-a3230903882b,demodicosis,demodicosis,"[""alopecia"", ""erythema"", ""crust""]",disease-level (provisional),research-only,unsupported,valid,skin,unknown,C,,1.0,1.0,1.0,0.0,0.0,0.0,0.0,0.0,"['alopecia', 'erythema', 'crust']",valid
76886b14-d950-4950-85e5-5f403e024fb9,Kaggle,C:\Users\ESSAKKI RAJA T  EV\OneDrive\Desktop\DB PAWPHILE\archive\valid\ringworm\ringworm-55-_jpg.rf.14da7e5a8a1666186641ac92932a0e7a.jpg,308,721fdf26-586c-4b3b-be32-1782aa217732,ringworm,fungal infection,"[""alopecia"", ""scaling""]",disease-level (provisional),research-only,unsupported,valid,skin,unknown,C,,0.0,1.0,0.0,1.0,0.0,0.0,0.0,0.0,"['alopecia', 'scaling']",valid
c43a3b07-629e-4ab0-87ac-5f40396fde6b,Roboflow,C:\Users\ESSAKKI RAJA T  EV\OneDrive\Desktop\DB PAWPHILE\Dog Skin Disease Dataset.v2i.folder\train\healthy\healthy_159_jpg.rf.7f6921dcd9d3749678dcf9eb5267d224.jpg,481,1e17ea55-8527-4c90-98ad-47fceae21655,healthy,healthy,[],disease-level (provisional),research-only,unsupported,train,skin,unknown,C,,0.0,0.0,0.0,0.0,0.0,0.0,0.0,0.0,[],valid
69962d6b-f332-494c-a42d-348232716a8e,Kaggle,C:\Users\ESSAKKI RAJA T  EV\OneDrive\Desktop\DB PAWPHILE\archive\train\demodicosis\IMG_5179_jpeg_jpg.rf.8cea02221fd889d4c6ab565ddfa33afe.jpg,1759,f46dc40d-7908-47e0-bce8-f7088e4b62c8,demodicosis,demodicosis,"[""alopecia"", ""erythema"", ""crust""]",disease-level (provisional),research-only,unsupported,train,skin,unknown,C,,1.0,1.0,1.0,0.0,0.0,0.0,0.0,0.0,"['alopecia', 'erythema', 'crust']",valid
8dfaa4d5-3f30-42b5-85da-90f0698075e0,Roboflow,C:\Users\ESSAKKI RAJA T  EV\OneDrive\Desktop\DB PAWPHILE\Dog Skin Disease Dataset.v2i.folder\valid\hypersensitivity dermatitis\hypersensitivity_405_jpg.rf.a1538bd2fe7d85846bd9c9cf2fae055f.jpg,537,0a279b89-3c10-4dc8-81cb-8e7c07c138c1,hypersensitivity dermatitis,hypersensitivity / allergic dermatitis,"[""erythema"", ""lichenification""]",disease-level (provisional),research-only,unsupported,valid,skin,unknown,C,,1.0,0.0,0.0,0.0,0.0,0.0,0.0,1.0,"['erythema', 'lichenification']",valid
bea31a26-c020-4400-89b4-b75dc76186c0,Kaggle,C:\Users\ESSAKKI RAJA T  EV\OneDrive\Desktop\DB PAWPHILE\archive\train\Dermatitis\May-is-allergy-awareness-month-here-at-The-Shot-Spot_01375_jpg.rf.e70e6e48eee9cd341b116b7815301165.jpg,729,31771b9c-0807-4563-9170-e53e80cd365c,Dermatitis,nonspecific dermatitis,"[""erythema"", ""scaling""]",disease-level (provisional),research-only,unsupported,train,skin,unknown,C,,1.0,0.0,0.0,1.0,0.0,0.0,0.0,0.0,"['erythema', 'scaling']",valid
736c3d82-4d41-4144-89fa-10893042732a,Kaggle,C:\Users\ESSAKKI RAJA T  EV\OneDrive\Desktop\DB PAWPHILE\archive\valid\ringworm\WIN_20240514_17_26_49_Pro_jpg.rf.1d76aa821188ee98e76b204d9dee0865.jpg,688,e1768dcf-0627-4342-a77f-83bd7ca1d675,ringworm,fungal infection,"[""alopecia"", ""scaling""]",disease-level (provisional),research-only,unsupported,valid,skin,unknown,C,,0.0,1.0,0.0,1.0,0.0,0.0,0.0,0.0,"['alopecia', 'scaling']",valid
845df536-7581-4e22-90e1-a6e1aab6a0bd,Roboflow,C:\Users\ESSAKKI RAJA T  EV\OneDrive\Desktop\DB PAWPHILE\Dog Skin Disease Dataset.v2i.folder\test\healthy\healthy_327_jpg.rf.0629f1f745cd27c936178efa7c2aaee4.jpg,1553,05c67e1f-e7f6-4394-9c6e-85c36540b56a,healthy,healthy,[],disease-level (provisional),research-only,unsupported,test,skin,unknown,C,,0.0,0.0,0.0,0.0,0.0,0.0,0.0,0.0,[],valid
9338dff9-5c0b-4677-afca-1f1a32a1a939,Kaggle,C:\Users\ESSAKKI RAJA T  EV\OneDrive\Desktop\DB PAWPHILE\archive\test\demodicosis\1-9-_jpg.rf.3db5b030e1629ff8e56cd6eb5e70dfc1.jpg,881,ca496f5d-e60b-4014-bb71-2dd20d0b650b,demodicosis,demodicosis,"[""alopecia"", ""erythema"", ""crust""]",disease-level (provisional),research-only,unsupported,test,skin,unknown,C,,1.0,1.0,1.0,0.0,0.0,0.0,0.0,0.0,"['alopecia', 'erythema', 'crust']",valid
15d5f11b-2bf0-4dee-8040-927a1517c760,Kaggle,C:\Users\ESSAKKI RAJA T  EV\OneDrive\Desktop\DB PAWPHILE\archive\valid\Healthy\dogs_001_jpg.rf.ab68ddec1ce9315cb85524e38f918e76.jpg,564,1027b8b8-0b24-4c5c-8b92-249675bedc0c,Healthy,healthy,[],disease-level (provisional),research-only,unsupported,valid,skin,unknown,C,,0.0,0.0,0.0,0.0,0.0,0.0,0.0,0.0,[],valid
236d32df-7cc6-4997-b803-96f7a1c42295,Roboflow,C:\Users\ESSAKKI RAJA T  EV\OneDrive\Desktop\DB PAWPHILE\Dog Skin Disease Dataset.v2i.folder\valid\fungal infection\fungal_192_jpg.rf.9a9a2fb31de535e26f166023c3afeaee.jpg,246,b47291bb-e1b4-4536-89b2-f2747cec709b,fungal infection,fungal infection,"[""alopecia"", ""scaling""]",disease-level (provisional),research-only,unsupported,valid,skin,unknown,C,,0.0,1.0,0.0,1.0,0.0,0.0,0.0,0.0,"['alopecia', 'scaling']",valid
4bc3c2fe-0aed-45ed-a9b4-ff1e1fb8d461,Roboflow,C:\Users\ESSAKKI RAJA T  EV\OneDrive\Desktop\DB PAWPHILE\Dog Skin Disease Dataset.v2i.folder\train\healthy\healthy_352_jpg.rf.7d43e472469608b533c7dc8fe9f5e83d.jpg,821,481f8862-ba38-443f-8c73-d97c476515dc,healthy,healthy,[],disease-level (provisional),research-only,unsupported,train,skin,unknown,C,,0.0,0.0,0.0,0.0,0.0,0.0,0.0,0.0,[],valid
543fe79d-8c72-43c3-81f7-f3f023fb7f6e,Kaggle,C:\Users\ESSAKKI RAJA T  EV\OneDrive\Desktop\DB PAWPHILE\archive\test\ringworm\Day-4-of-ringworm-treatment_00171_jpg.rf.525088f0daea4df012d00b105a7e17f6.jpg,1323,8ce7b6af-4d82-4f56-b1d7-4832074feacd,ringworm,fungal infection,"[""alopecia"", ""scaling""]",disease-level (provisional),research-only,unsupported,test,skin,unknown,C,,0.0,1.0,0.0,1.0,0.0,0.0,0.0,0.0,"['alopecia', 'scaling']",valid
f20fa103-fad7-4d20-8fbb-e2f84d41b9ab,Kaggle,C:\Users\ESSAKKI RAJA T  EV\OneDrive\Desktop\DB PAWPHILE\archive\valid\ringworm\DB588124-89D4-4F45-A2F8-5F569611D1E7_jpeg_jpg.rf.80850765b83d9d99276264e051b8a65d.jpg,628,df375a50-7008-4d13-9955-8b9103e914ec,ringworm,fungal infection,"[""alopecia"", ""scaling""]",disease-level (provisional),research-only,unsupported,valid,skin,unknown,C,,0.0,1.0,0.0,1.0,0.0,0.0,0.0,0.0,"['alopecia', 'scaling']",valid
76ec4036-c011-4315-b6ad-0d4c4d17af81,Kaggle,C:\Users\ESSAKKI RAJA T  EV\OneDrive\Desktop\DB PAWPHILE\archive\test\ringworm\436627664_402183386034908_3493737909200169023_n_jpg.rf.b5272f6288bd2a1c77ef69fba03bd782.jpg,1558,0b28155d-bb3c-414a-86a2-12231cd2adba,ringworm,fungal infection,"[""alopecia"", ""scaling""]",disease-level (provisional),research-only,unsupported,test,skin,unknown,C,,0.0,1.0,0.0,1.0,0.0,0.0,0.0,0.0,"['alopecia', 'scaling']",valid
d1644ed3-03a3-4b03-a71d-6d0c8298e631,Kaggle,C:\Users\ESSAKKI RAJA T  EV\OneDrive\Desktop\DB PAWPHILE\archive\test\Fungal_infections\FUNGAL-INFECTION_063_jpg.rf.764aa11c94d1e4cbb954f08bd34d45cd.jpg,1146,9989fc98-9b89-4689-a32f-eec6d0dc0af7,Fungal_infections,fungal infection,"[""alopecia"", ""scaling""]",disease-level (provisional),research-only,unsupported,test,skin,unknown,C,,0.0,1.0,0.0,1.0,0.0,0.0,0.0,0.0,"['alopecia', 'scaling']",valid
72ab0c2e-9dfc-4a57-b236-5b260a01cf3c,Roboflow,C:\Users\ESSAKKI RAJA T  EV\OneDrive\Desktop\DB PAWPHILE\Dog Skin Disease Dataset.v2i.folder\train\fungal infection\fungal_188_jpg.rf.82055519c45ca6c385d3f4295eeb12a7.jpg,668,cc480894-b3f7-4ccd-8f42-1ca394abaf2f,fungal infection,fungal infection,"[""alopecia"", ""scaling""]",disease-level (provisional),research-only,unsupported,train,skin,unknown,C,,0.0,1.0,0.0,1.0,0.0,0.0,0.0,0.0,"['alopecia', 'scaling']",valid
30954451-6727-460f-8cad-5b52d0080b5f,Roboflow,C:\Users\ESSAKKI RAJA T  EV\OneDrive\Desktop\DB PAWPHILE\Dog Skin Disease Dataset.v2i.folder\test\hypersensitivity dermatitis\hypersensitivity_315_jpg.rf.70e156b53169dd5cfe870884fe060143.jpg,1601,71e69ab1-146f-4019-846b-2cc811049661,hypersensitivity dermatitis,hypersensitivity / allergic dermatitis,"[""erythema"", ""lichenification""]",disease-level (provisional),research-only,unsupported,test,skin,unknown,C,,1.0,0.0,0.0,0.0,0.0,0.0,0.0,1.0,"['erythema', 'lichenification']",valid
e827dc12-4ee2-4b57-b7d0-7dcf95256159,Roboflow,C:\Users\ESSAKKI RAJA T  EV\OneDrive\Desktop\DB PAWPHILE\Dog Skin Disease Dataset.v2i.folder\train\fungal infection\fungal_389_jpg.rf.bf5c2718a11ed133dbf35bce90a6b7cb.jpg,204,cc7467a6-216f-4cdd-aa2f-7ac236a9241e,fungal infection,fungal infection,"[""alopecia"", ""scaling""]",disease-level (provisional),research-only,unsupported,train,skin,unknown,C,,0.0,1.0,0.0,1.0,0.0,0.0,0.0,0.0,"['alopecia', 'scaling']",valid
e27b448c-ce9f-4fc9-aec5-db2cdd7187ae,Kaggle,C:\Users\ESSAKKI RAJA T  EV\OneDrive\Desktop\DB PAWPHILE\archive\valid\demodicosis\P16_png_jpg.rf.f1a7d5dbc27662af89c0af5bfd537e2f.jpg,667,71110ff6-850a-4272-9426-773bc2d01040,demodicosis,demodicosis,"[""alopecia"", ""erythema"", ""crust""]",disease-level (provisional),research-only,unsupported,valid,skin,unknown,C,,1.0,1.0,1.0,0.0,0.0,0.0,0.0,0.0,"['alopecia', 'erythema', 'crust']",valid
aff1dacd-bd79-42fa-a74a-7b134505373a,Kaggle,C:\Users\ESSAKKI RAJA T  EV\OneDrive\Desktop\DB PAWPHILE\archive\test\Fungal_infections\Fungal3_png_jpg.rf.a6c24cd69cdd23099bc38e3c1fd5f1a2.jpg,996,e93315e0-92a8-42d9-aa72-621dceed6b2b,Fungal_infections,fungal infection,"[""alopecia"", ""scaling""]",disease-level (provisional),research-only,unsupported,test,skin,unknown,C,,0.0,1.0,0.0,1.0,0.0,0.0,0.0,0.0,"['alopecia', 'scaling']",valid
658af30a-4c27-4dba-8cf0-3501fa131db5,Roboflow,C:\Users\ESSAKKI RAJA T  EV\OneDrive\Desktop\DB PAWPHILE\Dog Skin Disease Dataset.v2i.folder\train\hypersensitivity dermatitis\hypersensitivity_200_jpg.rf.e32753b665f945e30c1e742440dad7bf.jpg,473,89f39b93-684b-4223-a8aa-46d4b7fc5fc0,hypersensitivity dermatitis,hypersensitivity / allergic dermatitis,"[""erythema"", ""lichenification""]",disease-level (provisional),research-only,unsupported,train,skin,unknown,C,,1.0,0.0,0.0,0.0,0.0,0.0,0.0,1.0,"['erythema', 'lichenification']",valid
32d8115e-9a05-4040-8d72-64cc4d0fc5be,Roboflow,C:\Users\ESSAKKI RAJA T  EV\OneDrive\Desktop\DB PAWPHILE\Dog Skin Disease Dataset.v2i.folder\test\bacterial dermatosis\bacterial_292_jpg.rf.0a16a2e520eecef04b0d396b6ceb4342.jpg,1136,521d19c8-8e24-43fb-9904-06826bbde0bc,bacterial dermatosis,bacterial dermatosis,"[""erythema"", ""pustule"", ""crust""]",disease-level (provisional),research-only,unsupported,test,skin,unknown,C,,1.0,0.0,1.0,0.0,0.0,0.0,1.0,0.0,"['erythema', 'pustule', 'crust']",valid
5fb5fe19-2499-484b-926a-97b94e46d517,Roboflow,C:\Users\ESSAKKI RAJA T  EV\OneDrive\Desktop\DB PAWPHILE\Dog Skin Disease Dataset.v2i.folder\train\hypersensitivity dermatitis\hypersensitivity_94_jpg.rf.2aafe0d48faa7d8153c2c69d718eefd9.jpg,675,526ac19b-912d-43bd-a02a-44847f5d7c07,hypersensitivity dermatitis,hypersensitivity / allergic dermatitis,"[""erythema"", ""lichenification""]",disease-level (provisional),research-only,unsupported,train,skin,unknown,C,,1.0,0.0,0.0,0.0,0.0,0.0,0.0,1.0,"['erythema', 'lichenification']",valid
0973a2ac-b490-4b70-9cf4-d7a5c51f892b,Roboflow,C:\Users\ESSAKKI RAJA T  EV\OneDrive\Desktop\DB PAWPHILE\Dog Skin Disease Dataset.v2i.folder\train\hypersensitivity dermatitis\hypersensitivity_193_jpg.rf.1c0201a5945671423ec6877295f77c9d.jpg,900,d7e05c73-65d5-4cea-966b-f17bc038522a,hypersensitivity dermatitis,hypersensitivity / allergic dermatitis,"[""erythema"", ""lichenification""]",disease-level (provisional),research-only,unsupported,train,skin,unknown,C,,1.0,0.0,0.0,0.0,0.0,0.0,0.0,1.0,"['erythema', 'lichenification']",valid
7c0966d9-9ace-44ae-9f8e-7e852432dbd0,Kaggle,C:\Users\ESSAKKI RAJA T  EV\OneDrive\Desktop\DB PAWPHILE\archive\valid\demodicosis\1-20-_png_jpg.rf.7b7522bdef10609e5de74b4565cd6192.jpg,487,b40ff4a3-84f1-4269-b42a-b1f7ac9e86a3,demodicosis,demodicosis,"[""alopecia"", ""erythema"", ""crust""]",disease-level (provisional),research-only,unsupported,valid,skin,unknown,C,,1.0,1.0,1.0,0.0,0.0,0.0,0.0,0.0,"['alopecia', 'erythema', 'crust']",valid
bd9b285a-37e8-4d6b-9d3c-f7d8e694d440,Kaggle,C:\Users\ESSAKKI RAJA T  EV\OneDrive\Desktop\DB PAWPHILE\archive\test\Healthy\Image_22_jpg.rf.bd35a68f28506c451023ce4153ee961a.jpg,469,5a59fb55-123c-4bab-b07c-6cc1e272e388,Healthy,healthy,[],disease-level (provisional),research-only,unsupported,test,skin,unknown,C,,0.0,0.0,0.0,0.0,0.0,0.0,0.0,0.0,[],valid
3de7d9af-6e7a-4aa0-a499-4095f21349f2,Multispectral,C:\Users\ESSAKKI RAJA T  EV\OneDrive\Desktop\DB PAWPHILE\Classification of pet dog skin diseases using deep learning with images captured from multispectral imaging device\5dbht54kw7-1\Dog210624_08_02_35\pic3.jpg,1305,17ef8b42-d0d1-467c-b6a0-82ba40325c3a,unknown,unknown,[],disease-level (provisional),research-only,unsupported,none,skin,pic3.jpg,B,,0.0,0.0,0.0,0.0,0.0,0.0,0.0,0.0,[],valid
00376856-ee18-43ba-80a1-2c333d4588bb,Kaggle,C:\Users\ESSAKKI RAJA T  EV\OneDrive\Desktop\DB PAWPHILE\archive\train\demodicosis\1-8-_png_jpg.rf.b3ff7ccbebbcdadcea9c5ef84e90bb86.jpg,1818,7705e968-740b-429b-aa28-b76b15a71615,demodicosis,demodicosis,"[""alopecia"", ""erythema"", ""crust""]",disease-level (provisional),research-only,unsupported,train,skin,unknown,C,,1.0,1.0,1.0,0.0,0.0,0.0,0.0,0.0,"['alopecia', 'erythema', 'crust']",valid
b3c5d3fa-3e9c-49a3-9d0f-811ae220e561,Kaggle,C:\Users\ESSAKKI RAJA T  EV\OneDrive\Desktop\DB PAWPHILE\archive\valid\ringworm\WIN_20240514_17_30_07_Pro_jpg.rf.df1dbc12e9883e02e30b9d36784cc82a.jpg,1191,48be9ccd-4fdb-416e-a75f-6befbee3f81f,ringworm,fungal infection,"[""alopecia"", ""scaling""]",disease-level (provisional),research-only,unsupported,valid,skin,unknown,C,,0.0,1.0,0.0,1.0,0.0,0.0,0.0,0.0,"['alopecia', 'scaling']",valid
f1a097e2-6eed-4c72-9ab0-3c30686ecd6d,Kaggle,C:\Users\ESSAKKI RAJA T  EV\OneDrive\Desktop\DB PAWPHILE\archive\valid\Dermatitis\1000010774_x4_jpg.rf.a60513cfc5a46bc274ab2f864d579c3b.jpg,274,4d9ff4b7-9f8d-4cb1-bad6-dc0a0cd89e15,Dermatitis,nonspecific dermatitis,"[""erythema"", ""scaling""]",disease-level (provisional),research-only,unsupported,valid,skin,unknown,C,,1.0,0.0,0.0,1.0,0.0,0.0,0.0,0.0,"['erythema', 'scaling']",valid
d07aadc2-2860-44e0-a0a5-2a0a863273c2,Roboflow,C:\Users\ESSAKKI RAJA T  EV\OneDrive\Desktop\DB PAWPHILE\Dog Skin Disease Dataset.v2i.folder\train\healthy\healthy_300_jpg.rf.8e781e0056d540395453f7b6801ce77f.jpg,1561,3d219ed1-0fb2-40f0-9d66-536d41e7f595,healthy,healthy,[],disease-level (provisional),research-only,unsupported,train,skin,unknown,C,,0.0,0.0,0.0,0.0,0.0,0.0,0.0,0.0,[],valid
3841f2ef-9f1a-4baf-9cea-b5eb0226de59,Kaggle,C:\Users\ESSAKKI RAJA T  EV\OneDrive\Desktop\DB PAWPHILE\archive\test\Fungal_infections\pic89_jpg.rf.1cac18d7b5622057b1816bb8a1b488b3.jpg,1529,04b9f662-6c92-4cda-b307-f687aa24b9d1,Fungal_infections,fungal infection,"[""alopecia"", ""scaling""]",disease-level (provisional),research-only,unsupported,test,skin,unknown,C,,0.0,1.0,0.0,1.0,0.0,0.0,0.0,0.0,"['alopecia', 'scaling']",valid
5e7f0211-8a4f-40e8-b8f4-0616306498e8,Roboflow,C:\Users\ESSAKKI RAJA T  EV\OneDrive\Desktop\DB PAWPHILE\Dog Skin Disease Dataset.v2i.folder\train\bacterial dermatosis\bacterial_40_jpg.rf.4066058db1a8f03c27ba8bd45f7a375a.jpg,763,aca30dd6-709d-4a7c-84d2-9fba51ef0335,bacterial dermatosis,bacterial dermatosis,"[""erythema"", ""pustule"", ""crust""]",disease-level (provisional),research-only,unsupported,train,skin,unknown,C,,1.0,0.0,1.0,0.0,0.0,0.0,1.0,0.0,"['erythema', 'pustule', 'crust']",valid
cb36d41c-39a6-4dfc-aae5-df4d720d9632,Roboflow,C:\Users\ESSAKKI RAJA T  EV\OneDrive\Desktop\DB PAWPHILE\Dog Skin Disease Dataset.v2i.folder\train\healthy\healthy_330_jpg.rf.f4506eda819e5781f166d2085eec23be.jpg,1438,9a525493-8f1f-47b5-befc-146ab5d74629,healthy,healthy,[],disease-level (provisional),research-only,unsupported,train,skin,unknown,C,,0.0,0.0,0.0,0.0,0.0,0.0,0.0,0.0,[],valid
685cd568-c26b-41db-9c35-dc51c0209cc4,Roboflow,C:\Users\ESSAKKI RAJA T  EV\OneDrive\Desktop\DB PAWPHILE\Dog Skin Disease Dataset.v2i.folder\train\bacterial dermatosis\bacterial18_jpg.rf.52de7b34a6f9996518db4d19700d01b6.jpg,1560,dd8ac4ff-0dbc-4da1-90cc-e1cf435b504a,bacterial dermatosis,bacterial dermatosis,"[""erythema"", ""pustule"", ""crust""]",disease-level (provisional),research-only,unsupported,train,skin,unknown,C,,1.0,0.0,1.0,0.0,0.0,0.0,1.0,0.0,"['erythema', 'pustule', 'crust']",valid
9080b874-314f-4872-a080-13d2cd499631,Roboflow,C:\Users\ESSAKKI RAJA T  EV\OneDrive\Desktop\DB PAWPHILE\Dog Skin Disease Dataset.v2i.folder\train\healthy\healthy_44_jpg.rf.725936c8ea6021ddd40a9f00c9893a8b.jpg,1067,82a15ba1-caff-4030-ba9a-de645151067f,healthy,healthy,[],disease-level (provisional),research-only,unsupported,train,skin,unknown,C,,0.0,0.0,0.0,0.0,0.0,0.0,0.0,0.0,[],valid
bdc06ebd-748f-4e78-a618-9bc66953693a,Kaggle,C:\Users\ESSAKKI RAJA T  EV\OneDrive\Desktop\DB PAWPHILE\archive\test\Dermatitis\HOT-SPOT-IN-DOG-HOW-vet-treated-symptom-prevention_-flea-bite-moist-eczema_dog-itching-000503_png_jpg.rf.3f901113b86f098b79fe81356cfca59c.jpg,292,f4feea94-b8ee-4b4a-b8f2-4870e0bde57c,Dermatitis,nonspecific dermatitis,"[""erythema"", ""scaling""]",disease-level (provisional),research-only,unsupported,test,skin,unknown,C,,1.0,0.0,0.0,1.0,0.0,0.0,0.0,0.0,"['erythema', 'scaling']",valid
a00415ba-369c-4eec-9f3d-449d818afd31,Kaggle,C:\Users\ESSAKKI RAJA T  EV\OneDrive\Desktop\DB PAWPHILE\archive\test\ringworm\WIN_20240514_17_40_50_Pro_jpg.rf.3d679dd76f5f22e79038be22b1016c33.jpg,884,3769b782-a855-4411-ba8e-b7cca4f2582f,ringworm,fungal infection,"[""alopecia"", ""scaling""]",disease-level (provisional),research-only,unsupported,test,skin,unknown,C,,0.0,1.0,0.0,1.0,0.0,0.0,0.0,0.0,"['alopecia', 'scaling']",valid
f8729808-5737-4c62-b85c-f997ec573f0b,Kaggle,C:\Users\ESSAKKI RAJA T  EV\OneDrive\Desktop\DB PAWPHILE\archive\test\demodicosis\1-69-_png_jpg.rf.9a60aaea966c904400b32fa68755de47.jpg,1728,b477b205-e716-450e-b28a-c1aeb83bc235,demodicosis,demodicosis,"[""alopecia"", ""erythema"", ""crust""]",disease-level (provisional),research-only,unsupported,test,skin,unknown,C,,1.0,1.0,1.0,0.0,0.0,0.0,0.0,0.0,"['alopecia', 'erythema', 'crust']",valid
70f9889c-cb49-443c-ba99-fe74dbd8f130,Kaggle,C:\Users\ESSAKKI RAJA T  EV\OneDrive\Desktop\DB PAWPHILE\archive\valid\ringworm\ringworm-17-_jpg.rf.fcfd6e9ff2c6ea51368e5449fb87c46b.jpg,442,64ed85e5-324a-49e1-9f15-253fe408f62f,ringworm,fungal infection,"[""alopecia"", ""scaling""]",disease-level (provisional),research-only,unsupported,valid,skin,unknown,C,,0.0,1.0,0.0,1.0,0.0,0.0,0.0,0.0,"['alopecia', 'scaling']",valid
002a0b87-c54c-463c-8537-4baf3dc36d9b,Kaggle,C:\Users\ESSAKKI RAJA T  EV\OneDrive\Desktop\DB PAWPHILE\archive\valid\ringworm\NEWR28_png_jpg.rf.f1947ea62bf38cffdbb2d346b80a4189.jpg,1786,6b106cff-0261-4ab3-a428-c986bd3bcb90,ringworm,fungal infection,"[""alopecia"", ""scaling""]",disease-level (provisional),research-only,unsupported,valid,skin,unknown,C,,0.0,1.0,0.0,1.0,0.0,0.0,0.0,0.0,"['alopecia', 'scaling']",valid
60c546af-d530-4080-a844-94963ab56fa0,Roboflow,C:\Users\ESSAKKI RAJA T  EV\OneDrive\Desktop\DB PAWPHILE\Dog Skin Disease Dataset.v2i.folder\test\fungal infection\fungal_19_jpg.rf.7b179363127f570d9bffe41177a36f30.jpg,132,abac6e6c-c07e-4862-8ec0-50ad16aa659f,fungal infection,fungal infection,"[""alopecia"", ""scaling""]",disease-level (provisional),research-only,unsupported,test,skin,unknown,C,,0.0,1.0,0.0,1.0,0.0,0.0,0.0,0.0,"['alopecia', 'scaling']",valid
273788d8-ea34-4b15-8c23-853d847e04d3,Kaggle,C:\Users\ESSAKKI RAJA T  EV\OneDrive\Desktop\DB PAWPHILE\archive\test\Healthy\dogs_121_jpg.rf.0f73dac4b13731485aca8d860ef80886.jpg,931,7d36e16e-9508-49e2-bc22-18984780d6f5,Healthy,healthy,[],disease-level (provisional),research-only,unsupported,test,skin,unknown,C,,0.0,0.0,0.0,0.0,0.0,0.0,0.0,0.0,[],valid
56793e12-fdf7-4f3f-a22b-fe9d4d143d10,Roboflow,C:\Users\ESSAKKI RAJA T  EV\OneDrive\Desktop\DB PAWPHILE\Dog Skin Disease Dataset.v2i.folder\train\bacterial dermatosis\bacterial_50_jpg.rf.dfe356899e51c2bf3184a1ebc4e434ed.jpg,213,07511928-4ee6-40b4-b35f-9e39661d5876,bacterial dermatosis,bacterial dermatosis,"[""erythema"", ""pustule"", ""crust""]",disease-level (provisional),research-only,unsupported,train,skin,unknown,C,,1.0,0.0,1.0,0.0,0.0,0.0,1.0,0.0,"['erythema', 'pustule', 'crust']",valid
2e7f1375-df6d-4369-9587-dab266969fc2,Roboflow,C:\Users\ESSAKKI RAJA T  EV\OneDrive\Desktop\DB PAWPHILE\Dog Skin Disease Dataset.v2i.folder\test\bacterial dermatosis\bacterial_396_jpg.rf.2f1c932ed3c32273b99abb1e36335005.jpg,1540,721d8e6b-446f-419b-b268-82a70fbb2800,bacterial dermatosis,bacterial dermatosis,"[""erythema"", ""pustule"", ""crust""]",disease-level (provisional),research-only,unsupported,test,skin,unknown,C,,1.0,0.0,1.0,0.0,0.0,0.0,1.0,0.0,"['erythema', 'pustule', 'crust']",valid
f28cb873-827a-436c-ab0a-fb5e040e82ce,Kaggle,C:\Users\ESSAKKI RAJA T  EV\OneDrive\Desktop\DB PAWPHILE\archive\train\demodicosis\2024-05-13-134130_1_jpg.rf.58ac92e0468543f1ae7341201f34b35c.jpg,1866,a72dd6aa-0bb1-43d5-85c9-6afdb3f1f874,demodicosis,demodicosis,"[""alopecia"", ""erythema"", ""crust""]",disease-level (provisional),research-only,unsupported,train,skin,unknown,C,,1.0,1.0,1.0,0.0,0.0,0.0,0.0,0.0,"['alopecia', 'erythema', 'crust']",valid
7dd9291d-4b3b-4e3f-934b-3880821740e6,Kaggle,C:\Users\ESSAKKI RAJA T  EV\OneDrive\Desktop\DB PAWPHILE\archive\test\ringworm\WIN_20240514_17_25_33_Pro_jpg.rf.4badac6859376b1c8c1dd77ce8b3ec35.jpg,291,7bc41f38-d60d-4376-8449-419f9e68fff5,ringworm,fungal infection,"[""alopecia"", ""scaling""]",disease-level (provisional),research-only,unsupported,test,skin,unknown,C,,0.0,1.0,0.0,1.0,0.0,0.0,0.0,0.0,"['alopecia', 'scaling']",valid
a90a2b1c-7be4-44d0-b329-5b4bbd32175a,Roboflow,C:\Users\ESSAKKI RAJA T  EV\OneDrive\Desktop\DB PAWPHILE\Dog Skin Disease Dataset.v2i.folder\test\bacterial dermatosis\bacterial_198_jpg.rf.452e01c4f11494333318f31680998382.jpg,634,af959d76-4b19-4f97-acd8-1f0b122e9f6e,bacterial dermatosis,bacterial dermatosis,"[""erythema"", ""pustule"", ""crust""]",disease-level (provisional),research-only,unsupported,test,skin,unknown,C,,1.0,0.0,1.0,0.0,0.0,0.0,1.0,0.0,"['erythema', 'pustule', 'crust']",valid
5856ffb6-690d-4c22-b9d8-facd10cd4624,Kaggle,C:\Users\ESSAKKI RAJA T  EV\OneDrive\Desktop\DB PAWPHILE\archive\valid\ringworm\R50_png_jpg.rf.6bd79999d8e55320b54096deff8f3482.jpg,995,e30b971e-84bc-4855-90d1-0658973d11a9,ringworm,fungal infection,"[""alopecia"", ""scaling""]",disease-level (provisional),research-only,unsupported,valid,skin,unknown,C,,0.0,1.0,0.0,1.0,0.0,0.0,0.0,0.0,"['alopecia', 'scaling']",valid
ea9c4e08-4006-4763-b168-1f7bf4087e1f,Roboflow,C:\Users\ESSAKKI RAJA T  EV\OneDrive\Desktop\DB PAWPHILE\Dog Skin Disease Dataset.v2i.folder\train\hypersensitivity dermatitis\hypersensitivity_derm6_jpg.rf.04805d305fe3a4b08aa00ced89c80ecb.jpg,377,51112ad2-6ebd-4bb6-aaf4-1fc9b0e12b82,hypersensitivity dermatitis,hypersensitivity / allergic dermatitis,"[""erythema"", ""lichenification""]",disease-level (provisional),research-only,unsupported,train,skin,unknown,C,,1.0,0.0,0.0,0.0,0.0,0.0,0.0,1.0,"['erythema', 'lichenification']",valid
49fb3645-495f-473e-82a5-ec0f2bff287d,Roboflow,C:\Users\ESSAKKI RAJA T  EV\OneDrive\Desktop\DB PAWPHILE\Dog Skin Disease Dataset.v2i.folder\train\fungal infection\fungal_143_jpg.rf.9c59be4c62f474c400778152d2686a1a.jpg,1156,578dfada-6ad5-4c2b-b56d-7f469ed1863b,fungal infection,fungal infection,"[""alopecia"", ""scaling""]",disease-level (provisional),research-only,unsupported,train,skin,unknown,C,,0.0,1.0,0.0,1.0,0.0,0.0,0.0,0.0,"['alopecia', 'scaling']",valid
ca1d2b40-117c-4218-bc68-185570ee5a9a,Roboflow,C:\Users\ESSAKKI RAJA T  EV\OneDrive\Desktop\DB PAWPHILE\Dog Skin Disease Dataset.v2i.folder\test\healthy\healthy_187_jpg.rf.9b2a4b59a9ff437ded78ea0f723df8d5.jpg,888,f93c2657-0103-432c-b8b5-759777f83cf4,healthy,healthy,[],disease-level (provisional),research-only,unsupported,test,skin,unknown,C,,0.0,0.0,0.0,0.0,0.0,0.0,0.0,0.0,[],valid
5ee86b36-6e66-4c23-a734-729cae07a429,Roboflow,C:\Users\ESSAKKI RAJA T  EV\OneDrive\Desktop\DB PAWPHILE\Dog Skin Disease Dataset.v2i.folder\train\healthy\healthy_371_jpg.rf.a659c7d8577052f9cbe53bb48cf826d0.jpg,1603,ca6f81ed-34a4-4ed2-9e4b-e7fb1adfb2c0,healthy,healthy,[],disease-level (provisional),research-only,unsupported,train,skin,unknown,C,,0.0,0.0,0.0,0.0,0.0,0.0,0.0,0.0,[],valid
07edc033-ec54-41d9-bcdf-2e0fec6f3d53,Kaggle,C:\Users\ESSAKKI RAJA T  EV\OneDrive\Desktop\DB PAWPHILE\archive\test\demodicosis\2024-05-13-165130_jpg.rf.daaa4036ed8f08e10cf5dc2ddc2ab6fc.jpg,548,36f9bda8-92da-46b1-a590-b12ce5a50183,demodicosis,demodicosis,"[""alopecia"", ""erythema"", ""crust""]",disease-level (provisional),research-only,unsupported,test,skin,unknown,C,,1.0,1.0,1.0,0.0,0.0,0.0,0.0,0.0,"['alopecia', 'erythema', 'crust']",valid
c96ba6cb-572a-40a4-8f59-f7d7fcdab384,Roboflow,C:\Users\ESSAKKI RAJA T  EV\OneDrive\Desktop\DB PAWPHILE\Dog Skin Disease Dataset.v2i.folder\train\fungal infection\fungal_134_jpg.rf.340154ef0f7b0ecc22b9730693e75975.jpg,728,1c68e374-c0b5-4878-b862-154be1886a4d,fungal infection,fungal infection,"[""alopecia"", ""scaling""]",disease-level (provisional),research-only,unsupported,train,skin,unknown,C,,0.0,1.0,0.0,1.0,0.0,0.0,0.0,0.0,"['alopecia', 'scaling']",valid
8b25bf90-1c81-44ae-9775-3096744f393c,Roboflow,C:\Users\ESSAKKI RAJA T  EV\OneDrive\Desktop\DB PAWPHILE\Dog Skin Disease Dataset.v2i.folder\train\fungal infection\fungal_109_jpg.rf.dbe64e0d245ea9de70c01f8b891891ba.jpg,1277,2a5cbbd9-b21b-4add-bf6b-3f43546b15b5,fungal infection,fungal infection,"[""alopecia"", ""scaling""]",disease-level (provisional),research-only,unsupported,train,skin,unknown,C,,0.0,1.0,0.0,1.0,0.0,0.0,0.0,0.0,"['alopecia', 'scaling']",valid
523d2967-18c1-4ebb-b0eb-841c41ebb9a1,Roboflow,C:\Users\ESSAKKI RAJA T  EV\OneDrive\Desktop\DB PAWPHILE\Dog Skin Disease Dataset.v2i.folder\train\bacterial dermatosis\bacterial_285_jpg.rf.c99e0226427cf63cff277bf4ee0ad1c4.jpg,1179,0e14a17b-f424-4d83-b8a0-f765efba1e12,bacterial dermatosis,bacterial dermatosis,"[""erythema"", ""pustule"", ""crust""]",disease-level (provisional),research-only,unsupported,train,skin,unknown,C,,1.0,0.0,1.0,0.0,0.0,0.0,1.0,0.0,"['erythema', 'pustule', 'crust']",valid
1cf78c92-1afe-4f7e-8ddb-679c994aa032,Kaggle,C:\Users\ESSAKKI RAJA T  EV\OneDrive\Desktop\DB PAWPHILE\archive\valid\Healthy\HEALTHY_011_jpg.rf.1f24d5fbeef1d0818f5a9de8077aa269.jpg,1046,6a326964-6608-464f-a7d3-1cbe67852266,Healthy,healthy,[],disease-level (provisional),research-only,unsupported,valid,skin,unknown,C,,0.0,0.0,0.0,0.0,0.0,0.0,0.0,0.0,[],valid
0841e11d-de85-4ef0-bc5b-baa194958e07,Roboflow,C:\Users\ESSAKKI RAJA T  EV\OneDrive\Desktop\DB PAWPHILE\Dog Skin Disease Dataset.v2i.folder\valid\hypersensitivity dermatitis\hypersensitivity_47_jpg.rf.453cb6bf4cb7441f1eef0e8b3720f973.jpg,1291,79eb2bb2-cc01-4dd0-b0d2-f980042ebc51,hypersensitivity dermatitis,hypersensitivity / allergic dermatitis,"[""erythema"", ""lichenification""]",disease-level (provisional),research-only,unsupported,valid,skin,unknown,C,,1.0,0.0,0.0,0.0,0.0,0.0,0.0,1.0,"['erythema', 'lichenification']",valid
8ecb6db3-b3b7-41e5-b01b-0085f38f617d,Kaggle,C:\Users\ESSAKKI RAJA T  EV\OneDrive\Desktop\DB PAWPHILE\archive\test\Dermatitis\hotspot-35-_jpg.rf.dae379e4466ef23bc395600463ffb6f8.jpg,748,63d59c5b-e98c-4c79-9c7c-397a504fbf4d,Dermatitis,nonspecific dermatitis,"[""erythema"", ""scaling""]",disease-level (provisional),research-only,unsupported,test,skin,unknown,C,,1.0,0.0,0.0,1.0,0.0,0.0,0.0,0.0,"['erythema', 'scaling']",valid
debd81e6-a916-4bf3-8795-19638ff9ae52,Roboflow,C:\Users\ESSAKKI RAJA T  EV\OneDrive\Desktop\DB PAWPHILE\Dog Skin Disease Dataset.v2i.folder\test\bacterial dermatosis\bacterial_235_jpg.rf.af37e6dcc9592aa2e875983dec9e03bd.jpg,376,ed42e164-5333-4bb7-a44f-68db39eb5ccf,bacterial dermatosis,bacterial dermatosis,"[""erythema"", ""pustule"", ""crust""]",disease-level (provisional),research-only,unsupported,test,skin,unknown,C,,1.0,0.0,1.0,0.0,0.0,0.0,1.0,0.0,"['erythema', 'pustule', 'crust']",valid
7c4cb654-fac0-4c0a-80db-452fc19c4c44,Kaggle,C:\Users\ESSAKKI RAJA T  EV\OneDrive\Desktop\DB PAWPHILE\archive\valid\Fungal_infections\1260_jpg.rf.7338ec97598d39f91dff8fcbf6069f7c.jpg,418,cc956c35-7de9-4f65-b002-cd348df04e7d,Fungal_infections,fungal infection,"[""alopecia"", ""scaling""]",disease-level (provisional),research-only,unsupported,valid,skin,unknown,C,,0.0,1.0,0.0,1.0,0.0,0.0,0.0,0.0,"['alopecia', 'scaling']",valid
e2128b74-f84e-47fd-8e54-b1f46f55e392,Kaggle,C:\Users\ESSAKKI RAJA T  EV\OneDrive\Desktop\DB PAWPHILE\archive\test\Dermatitis\May-is-allergy-awareness-month-here-at-The-Shot-Spot_00133_jpg.rf.a61b3ad3d2446aca54b2987b6e865c85.jpg,885,7f71d7cd-0c48-4aa8-9c7d-61c85e6056b0,Dermatitis,nonspecific dermatitis,"[""erythema"", ""scaling""]",disease-level (provisional),research-only,unsupported,test,skin,unknown,C,,1.0,0.0,0.0,1.0,0.0,0.0,0.0,0.0,"['erythema', 'scaling']",valid
1d8fb06b-515a-4922-832f-fdbfa2a30633,Kaggle,C:\Users\ESSAKKI RAJA T  EV\OneDrive\Desktop\DB PAWPHILE\archive\valid\demodicosis\P29_png_jpg.rf.007f762f8b368614dacf0cf9394b4a45.jpg,1654,f3ea2211-7ce9-4aee-9b67-2dfeb737e502,demodicosis,demodicosis,"[""alopecia"", ""erythema"", ""crust""]",disease-level (provisional),research-only,unsupported,valid,skin,unknown,C,,1.0,1.0,1.0,0.0,0.0,0.0,0.0,0.0,"['alopecia', 'erythema', 'crust']",valid
c5101f36-9a67-4f30-9030-87822d91af50,Roboflow,C:\Users\ESSAKKI RAJA T  EV\OneDrive\Desktop\DB PAWPHILE\Dog Skin Disease Dataset.v2i.folder\valid\fungal infection\fungal_427_jpg.rf.2bd9d10e3e64af7dc599b1dcd0fe7c2c.jpg,1640,d8070fa0-11b5-433c-b67e-4875b0153f29,fungal infection,fungal infection,"[""alopecia"", ""scaling""]",disease-level (provisional),research-only,unsupported,valid,skin,unknown,C,,0.0,1.0,0.0,1.0,0.0,0.0,0.0,0.0,"['alopecia', 'scaling']",valid
bce58652-3e2f-4211-9ea9-5fd868a966cc,Kaggle,C:\Users\ESSAKKI RAJA T  EV\OneDrive\Desktop\DB PAWPHILE\archive\test\demodicosis\P31_png_jpg.rf.1faad088e21d33e9c7f6d6dd1e3a1575.jpg,648,9c6c015b-1bb1-4c18-a683-e9e3676b269b,demodicosis,demodicosis,"[""alopecia"", ""erythema"", ""crust""]",disease-level (provisional),research-only,unsupported,test,skin,unknown,C,,1.0,1.0,1.0,0.0,0.0,0.0,0.0,0.0,"['alopecia', 'erythema', 'crust']",valid
9d21e577-d699-4d69-be7d-8ebcff3e05f1,Kaggle,C:\Users\ESSAKKI RAJA T  EV\OneDrive\Desktop\DB PAWPHILE\archive\test\Healthy\Image_18_jpg.rf.2c15eba42b1ea5832dc53637999aae56.jpg,239,8fe40e28-4677-4475-8ba0-8332dfb736fc,Healthy,healthy,[],disease-level (provisional),research-only,unsupported,test,skin,unknown,C,,0.0,0.0,0.0,0.0,0.0,0.0,0.0,0.0,[],valid
0beca884-7965-4e27-a4e3-4487887140d6,Roboflow,C:\Users\ESSAKKI RAJA T  EV\OneDrive\Desktop\DB PAWPHILE\Dog Skin Disease Dataset.v2i.folder\train\fungal infection\fungal_316_jpg.rf.68dd2fa4a0d9332f8672bd1da3110a51.jpg,486,08f806f3-bb3a-4988-a811-de3bb0b132b4,fungal infection,fungal infection,"[""alopecia"", ""scaling""]",disease-level (provisional),research-only,unsupported,train,skin,unknown,C,,0.0,1.0,0.0,1.0,0.0,0.0,0.0,0.0,"['alopecia', 'scaling']",valid
68c0ddea-abe9-405f-93fb-473b40fcec3f,Roboflow,C:\Users\ESSAKKI RAJA T  EV\OneDrive\Desktop\DB PAWPHILE\Dog Skin Disease Dataset.v2i.folder\train\bacterial dermatosis\bacterial_5_jpg.rf.ea4b5e77fc870fd987e6c7e77cb6584a.jpg,1681,bb391dbf-3a66-4357-a734-47073ca64a11,bacterial dermatosis,bacterial dermatosis,"[""erythema"", ""pustule"", ""crust""]",disease-level (provisional),research-only,unsupported,train,skin,unknown,C,,1.0,0.0,1.0,0.0,0.0,0.0,1.0,0.0,"['erythema', 'pustule', 'crust']",valid
a7dd3372-56c2-4dff-986b-643bd1b8a632,Multispectral,C:\Users\ESSAKKI RAJA T  EV\OneDrive\Desktop\DB PAWPHILE\Classification of pet dog skin diseases using deep learning with images captured from multispectral imaging device\5dbht54kw7-1\Dog210706_01_02_06\pic3.jpg,217,748e2860-d250-46aa-91f2-eca3e9c8683d,unknown,unknown,[],disease-level (provisional),research-only,unsupported,none,skin,pic3.jpg,B,,0.0,0.0,0.0,0.0,0.0,0.0,0.0,0.0,[],valid
9c6944fd-1a91-4388-aa2c-308829c759cf,Roboflow,C:\Users\ESSAKKI RAJA T  EV\OneDrive\Desktop\DB PAWPHILE\Dog Skin Disease Dataset.v2i.folder\train\healthy\healthy_185_jpg.rf.4656bf4a51a54b84385bf798d9a85187.jpg,876,7404a714-a7be-47c5-b134-8c74e2200737,healthy,healthy,[],disease-level (provisional),research-only,unsupported,train,skin,unknown,C,,0.0,0.0,0.0,0.0,0.0,0.0,0.0,0.0,[],valid
8140a5a8-04e2-46de-9d69-b9d6f4b206d0,Kaggle,C:\Users\ESSAKKI RAJA T  EV\OneDrive\Desktop\DB PAWPHILE\archive\test\Hypersensitivity\B9781416056638000070_f007-007-9781416056638_jpg.rf.dc62fa02953661a6579c40f70102c09b.jpg,528,cc638ea0-6942-4321-b9ec-3404616843d8,Hypersensitivity,hypersensitivity / allergic dermatitis,"[""erythema"", ""lichenification""]",disease-level (provisional),research-only,unsupported,test,skin,unknown,C,,1.0,0.0,0.0,0.0,0.0,0.0,0.0,1.0,"['erythema', 'lichenification']",valid
ace9e23a-fcd4-4835-b3e8-725e2dadfa2b,Kaggle,C:\Users\ESSAKKI RAJA T  EV\OneDrive\Desktop\DB PAWPHILE\archive\train\ringworm\NEWR29_png_jpg.rf.4d744c06c81127250fd4132bece8d9ab.jpg,1377,0f6f0d05-b48c-48dd-b330-002f1a85372d,ringworm,fungal infection,"[""alopecia"", ""scaling""]",disease-level (provisional),research-only,unsupported,train,skin,unknown,C,,0.0,1.0,0.0,1.0,0.0,0.0,0.0,0.0,"['alopecia', 'scaling']",valid
8d0a195b-4d1f-4139-aae4-4157b8f7eac3,Roboflow,C:\Users\ESSAKKI RAJA T  EV\OneDrive\Desktop\DB PAWPHILE\Dog Skin Disease Dataset.v2i.folder\train\fungal infection\fungal_inf_34_jpg.rf.7604293b737abff3c0fbc632b7e380ab.jpg,1644,f7c7cc38-530a-40f1-84e4-cf951e5db891,fungal infection,fungal infection,"[""alopecia"", ""scaling""]",disease-level (provisional),research-only,unsupported,train,skin,unknown,C,,0.0,1.0,0.0,1.0,0.0,0.0,0.0,0.0,"['alopecia', 'scaling']",valid
14156abf-3494-4d47-831a-fc39591f3280,Roboflow,C:\Users\ESSAKKI RAJA T  EV\OneDrive\Desktop\DB PAWPHILE\Dog Skin Disease Dataset.v2i.folder\valid\bacterial dermatosis\bacterial_303_jpg.rf.cebf2e3a647f3b4a742e0bc9a3ecdead.jpg,474,3cdf958a-ddc0-427b-8e1b-8358eeb4ca54,bacterial dermatosis,bacterial dermatosis,"[""erythema"", ""pustule"", ""crust""]",disease-level (provisional),research-only,unsupported,valid,skin,unknown,C,,1.0,0.0,1.0,0.0,0.0,0.0,1.0,0.0,"['erythema', 'pustule', 'crust']",valid
3739af93-6808-40cc-8c2c-00c5a5f9b7dd,Roboflow,C:\Users\ESSAKKI RAJA T  EV\OneDrive\Desktop\DB PAWPHILE\Dog Skin Disease Dataset.v2i.folder\valid\hypersensitivity dermatitis\hypersensitivity_76_jpg.rf.46b825548299e7282a38b811cc523564.jpg,1261,86abb57a-b9af-4b1d-8e53-eaf565960b41,hypersensitivity dermatitis,hypersensitivity / allergic dermatitis,"[""erythema"", ""lichenification""]",disease-level (provisional),research-only,unsupported,valid,skin,unknown,C,,1.0,0.0,0.0,0.0,0.0,0.0,0.0,1.0,"['erythema', 'lichenification']",valid
41acf67c-1e17-4fe9-95ee-a18b47c400fb,Roboflow,C:\Users\ESSAKKI RAJA T  EV\OneDrive\Desktop\DB PAWPHILE\Dog Skin Disease Dataset.v2i.folder\valid\fungal infection\fungal_393_jpg.rf.79c6e6e7c9f9f147f2648121e3673508.jpg,248,84ae5448-a7d3-4006-9b60-821d700fc904,fungal infection,fungal infection,"[""alopecia"", ""scaling""]",disease-level (provisional),research-only,unsupported,valid,skin,unknown,C,,0.0,1.0,0.0,1.0,0.0,0.0,0.0,0.0,"['alopecia', 'scaling']",valid
ef5174a1-b4b1-4dbd-be25-f19bf51b9866,Roboflow,C:\Users\ESSAKKI RAJA T  EV\OneDrive\Desktop\DB PAWPHILE\Dog Skin Disease Dataset.v2i.folder\train\healthy\healthy_258_jpg.rf.c586a453a2ba6fb8e5783aa2cbd0f1f9.jpg,401,14cdf296-e8fc-4b73-907c-169e7290f80b,healthy,healthy,[],disease-level (provisional),research-only,unsupported,train,skin,unknown,C,,0.0,0.0,0.0,0.0,0.0,0.0,0.0,0.0,[],valid
568f9ea7-eba6-4097-b245-884907656f79,Roboflow,C:\Users\ESSAKKI RAJA T  EV\OneDrive\Desktop\DB PAWPHILE\Dog Skin Disease Dataset.v2i.folder\train\hypersensitivity dermatitis\hypersensitivity_58_jpg.rf.5747c9b33bf311ce178e6c99f4ba90ab.jpg,623,bf67d7c0-baf5-445f-a167-33f28c97e9a0,hypersensitivity dermatitis,hypersensitivity / allergic dermatitis,"[""erythema"", ""lichenification""]",disease-level (provisional),research-only,unsupported,train,skin,unknown,C,,1.0,0.0,0.0,0.0,0.0,0.0,0.0,1.0,"['erythema', 'lichenification']",valid
1198f7b4-6054-4b3f-8382-606758f53097,Kaggle,C:\Users\ESSAKKI RAJA T  EV\OneDrive\Desktop\DB PAWPHILE\archive\valid\Dermatitis\HOT-SPOT-IN-DOG-HOW-vet-treated-symptom-prevention_-flea-bite-moist-eczema_dog-itching-000459_png_jpg.rf.5b18eb4af0966303f5e549379215daec.jpg,1004,c7fc5391-9a5f-4ce1-84e4-e25630eeb6c0,Dermatitis,nonspecific dermatitis,"[""erythema"", ""scaling""]",disease-level (provisional),research-only,unsupported,valid,skin,unknown,C,,1.0,0.0,0.0,1.0,0.0,0.0,0.0,0.0,"['erythema', 'scaling']",valid
f41f1eb1-4d66-419f-963b-95dc1ccb7404,Kaggle,C:\Users\ESSAKKI RAJA T  EV\OneDrive\Desktop\DB PAWPHILE\archive\train\Fungal_infections\1102_jpg.rf.b30d12d3af827fc71777ec007eca9d77.jpg,1591,5c486144-04b7-41b8-a06d-95bf10b04ec4,Fungal_infections,fungal infection,"[""alopecia"", ""scaling""]",disease-level (provisional),research-only,unsupported,train,skin,unknown,C,,0.0,1.0,0.0,1.0,0.0,0.0,0.0,0.0,"['alopecia', 'scaling']",valid
0f030904-48c5-4af0-a9d0-04ef1c93a8fb,Roboflow,C:\Users\ESSAKKI RAJA T  EV\OneDrive\Desktop\DB PAWPHILE\Dog Skin Disease Dataset.v2i.folder\train\fungal infection\fungal_49_jpg.rf.67950d4af90065b822337b6d8d50c251.jpg,1556,aac40be7-8244-4554-aa62-af250a953bc3,fungal infection,fungal infection,"[""alopecia"", ""scaling""]",disease-level (provisional),research-only,unsupported,train,skin,unknown,C,,0.0,1.0,0.0,1.0,0.0,0.0,0.0,0.0,"['alopecia', 'scaling']",valid
b3b25280-d927-4b70-974f-04c3c52273b7,Roboflow,C:\Users\ESSAKKI RAJA T  EV\OneDrive\Desktop\DB PAWPHILE\Dog Skin Disease Dataset.v2i.folder\test\hypersensitivity dermatitis\hypersensitivity_84_jpg.rf.231edae4eae821e33af0eea68fb3df0d.jpg,1055,37be4d6c-e12a-460a-bf53-830be430f078,hypersensitivity dermatitis,hypersensitivity / allergic dermatitis,"[""erythema"", ""lichenification""]",disease-level (provisional),research-only,unsupported,test,skin,unknown,C,,1.0,0.0,0.0,0.0,0.0,0.0,0.0,1.0,"['erythema', 'lichenification']",valid
61a963c3-4c51-4646-a4ba-b1be65f04c68,Roboflow,C:\Users\ESSAKKI RAJA T  EV\OneDrive\Desktop\DB PAWPHILE\Dog Skin Disease Dataset.v2i.folder\train\fungal infection\fungal_239_jpg.rf.abce9c601eee04e8e69c706d17947503.jpg,1546,e2808076-882d-4078-b0f2-c8deab98bce2,fungal infection,fungal infection,"[""alopecia"", ""scaling""]",disease-level (provisional),research-only,unsupported,train,skin,unknown,C,,0.0,1.0,0.0,1.0,0.0,0.0,0.0,0.0,"['alopecia', 'scaling']",valid
eb3a8efb-95ad-40df-b0db-fefa24c47ad0,Roboflow,C:\Users\ESSAKKI RAJA T  EV\OneDrive\Desktop\DB PAWPHILE\Dog Skin Disease Dataset.v2i.folder\test\fungal infection\fungal_142_jpg.rf.f08b22d30413c007de077ff4aa6db584.jpg,1306,eff3f7b9-39cd-447e-af5a-5fba0798c6fb,fungal infection,fungal infection,"[""alopecia"", ""scaling""]",disease-level (provisional),research-only,unsupported,test,skin,unknown,C,,0.0,1.0,0.0,1.0,0.0,0.0,0.0,0.0,"['alopecia', 'scaling']",valid
cb2e9911-5b4e-49c0-84f2-5167f6fc618c,Roboflow,C:\Users\ESSAKKI RAJA T  EV\OneDrive\Desktop\DB PAWPHILE\Dog Skin Disease Dataset.v2i.folder\train\hypersensitivity dermatitis\hypersensitivity_408_jpg.rf.33bbf41ed0856510b211f5bbe5cd120d.jpg,619,fe1349d4-f145-4db0-b0ef-dde762615838,hypersensitivity dermatitis,hypersensitivity / allergic dermatitis,"[""erythema"", ""lichenification""]",disease-level (provisional),research-only,unsupported,train,skin,unknown,C,,1.0,0.0,0.0,0.0,0.0,0.0,0.0,1.0,"['erythema', 'lichenification']",valid
3dde02fd-7587-4384-965c-b84a0dead13c,Kaggle,C:\Users\ESSAKKI RAJA T  EV\OneDrive\Desktop\DB PAWPHILE\archive\train\demodicosis\IMG_5171_jpeg_jpg.rf.9d8de04362c64a1ae3a737c930cd750d.jpg,942,9feaed57-6998-4126-8fd0-40ff865c4d21,demodicosis,demodicosis,"[""alopecia"", ""erythema"", ""crust""]",disease-level (provisional),research-only,unsupported,train,skin,unknown,C,,1.0,1.0,1.0,0.0,0.0,0.0,0.0,0.0,"['alopecia', 'erythema', 'crust']",valid
7a3ec265-8f9c-441a-bd6d-eda024096f3c,Kaggle,C:\Users\ESSAKKI RAJA T  EV\OneDrive\Desktop\DB PAWPHILE\archive\test\Fungal_infections\FUNGAL-INFECTION_066_jpg.rf.ead75316ce7d95ded378ce1b29d3f22e.jpg,546,a7d57ffb-f810-4cd3-9cc8-54bec8c0668f,Fungal_infections,fungal infection,"[""alopecia"", ""scaling""]",disease-level (provisional),research-only,unsupported,test,skin,unknown,C,,0.0,1.0,0.0,1.0,0.0,0.0,0.0,0.0,"['alopecia', 'scaling']",valid
9ef88dbf-d96e-4d23-b77e-48bba33af6e0,Kaggle,C:\Users\ESSAKKI RAJA T  EV\OneDrive\Desktop\DB PAWPHILE\archive\train\demodicosis\scabies_123_png_jpg.rf.f74520f87aaee596da63afd3a7d11a28.jpg,1712,3b341f83-f519-491e-8a1a-c76cc2126567,demodicosis,demodicosis,"[""alopecia"", ""erythema"", ""crust""]",disease-level (provisional),research-only,unsupported,train,skin,unknown,C,,1.0,1.0,1.0,0.0,0.0,0.0,0.0,0.0,"['alopecia', 'erythema', 'crust']",valid
a4f3f985-fa43-42fd-8237-134a26792f3e,Kaggle,C:\Users\ESSAKKI RAJA T  EV\OneDrive\Desktop\DB PAWPHILE\archive\test\Dermatitis\May-is-allergy-awareness-month-here-at-The-Shot-Spot_00004_jpg.rf.c32144faf07db5acca1f5b49da9a28cf.jpg,1014,87a1363e-01c3-41dd-8ccb-be0013da743b,Dermatitis,nonspecific dermatitis,"[""erythema"", ""scaling""]",disease-level (provisional),research-only,unsupported,test,skin,unknown,C,,1.0,0.0,0.0,1.0,0.0,0.0,0.0,0.0,"['erythema', 'scaling']",valid
b9ac0b70-a6a5-45f8-b90c-478473cc315a,Roboflow,C:\Users\ESSAKKI RAJA T  EV\OneDrive\Desktop\DB PAWPHILE\Dog Skin Disease Dataset.v2i.folder\train\bacterial dermatosis\bacterial_182_jpg.rf.e5bd961f9ef403ea91edfa00e384be10.jpg,850,c1d565d8-50ed-477c-a2cb-9891b077ce1a,bacterial dermatosis,bacterial dermatosis,"[""erythema"", ""pustule"", ""crust""]",disease-level (provisional),research-only,unsupported,train,skin,unknown,C,,1.0,0.0,1.0,0.0,0.0,0.0,1.0,0.0,"['erythema', 'pustule', 'crust']",valid
8731c104-9c54-4a9b-b8e0-94c407fc64a6,Kaggle,C:\Users\ESSAKKI RAJA T  EV\OneDrive\Desktop\DB PAWPHILE\archive\test\demodicosis\2024-05-13-164224_3_jpg.rf.b890a337fc4c50bfd5ffcd0e55dd7388.jpg,232,82c58913-52a6-4da1-a156-55547ae0b70d,demodicosis,demodicosis,"[""alopecia"", ""erythema"", ""crust""]",disease-level (provisional),research-only,unsupported,test,skin,unknown,C,,1.0,1.0,1.0,0.0,0.0,0.0,0.0,0.0,"['alopecia', 'erythema', 'crust']",valid
452c65db-fcb9-41e7-9ac8-bcfdcb48a033,Roboflow,C:\Users\ESSAKKI RAJA T  EV\OneDrive\Desktop\DB PAWPHILE\Dog Skin Disease Dataset.v2i.folder\test\healthy\healthy_train_26_jpg.rf.0414b5e1a0de219f803f759bea529d9a.jpg,1512,83555478-eb9b-423b-a9d2-f9715420108c,healthy,healthy,[],disease-level (provisional),research-only,unsupported,test,skin,unknown,C,,0.0,0.0,0.0,0.0,0.0,0.0,0.0,0.0,[],valid
85696706-bdcd-45ed-96a4-e97f53160185,Multispectral,C:\Users\ESSAKKI RAJA T  EV\OneDrive\Desktop\DB PAWPHILE\Classification of pet dog skin diseases using deep learning with images captured from multispectral imaging device\5dbht54kw7-1\Dog210623_08_02_37\pic7.jpg,301,fcd666e5-beaf-47ff-8623-2965689cfa2b,unknown,unknown,[],disease-level (provisional),research-only,unsupported,none,skin,pic7.jpg,B,,0.0,0.0,0.0,0.0,0.0,0.0,0.0,0.0,[],valid
a195176e-f1f3-4e76-ba27-7907155de851,Kaggle,C:\Users\ESSAKKI RAJA T  EV\OneDrive\Desktop\DB PAWPHILE\archive\test\demodicosis\P44_jpg.rf.fe96ffc583c706d4a099a0df1b764262.jpg,1018,fb96a428-d0d2-4f58-ba4a-fdcc760860e3,demodicosis,demodicosis,"[""alopecia"", ""erythema"", ""crust""]",disease-level (provisional),research-only,unsupported,test,skin,unknown,C,,1.0,1.0,1.0,0.0,0.0,0.0,0.0,0.0,"['alopecia', 'erythema', 'crust']",valid
4c5dc436-3d5f-46d2-899a-09d3200c455e,Kaggle,C:\Users\ESSAKKI RAJA T  EV\OneDrive\Desktop\DB PAWPHILE\archive\valid\Fungal_infections\pic68_jpg.rf.6cbb0a04c0107b060612803e66a2ac9c.jpg,1302,2d7a00fe-77e1-44c1-a75f-95d0c9233332,Fungal_infections,fungal infection,"[""alopecia"", ""scaling""]",disease-level (provisional),research-only,unsupported,valid,skin,unknown,C,,0.0,1.0,0.0,1.0,0.0,0.0,0.0,0.0,"['alopecia', 'scaling']",valid
6aaaa88d-2315-4300-974c-68ce468d05fd,Kaggle,C:\Users\ESSAKKI RAJA T  EV\OneDrive\Desktop\DB PAWPHILE\archive\valid\demodicosis\IMG_5159_jpeg_jpg.rf.6747984a0d0ea361ec8677e8470d48a7.jpg,1042,beb355b4-b67a-4cff-bf5c-d041f2629529,demodicosis,demodicosis,"[""alopecia"", ""erythema"", ""crust""]",disease-level (provisional),research-only,unsupported,valid,skin,unknown,C,,1.0,1.0,1.0,0.0,0.0,0.0,0.0,0.0,"['alopecia', 'erythema', 'crust']",valid
c7aefad4-d40b-46d0-82f6-ed0168ecc629,Roboflow,C:\Users\ESSAKKI RAJA T  EV\OneDrive\Desktop\DB PAWPHILE\Dog Skin Disease Dataset.v2i.folder\valid\hypersensitivity dermatitis\hypersensitivity_388_jpg.rf.44eec102ab58bd2022a0803cf061180c.jpg,940,d60a3f89-e953-4a16-a921-85dbdb0a303f,hypersensitivity dermatitis,hypersensitivity / allergic dermatitis,"[""erythema"", ""lichenification""]",disease-level (provisional),research-only,unsupported,valid,skin,unknown,C,,1.0,0.0,0.0,0.0,0.0,0.0,0.0,1.0,"['erythema', 'lichenification']",valid
362ff43c-f6e6-478d-a680-b501b337b45c,Kaggle,C:\Users\ESSAKKI RAJA T  EV\OneDrive\Desktop\DB PAWPHILE\archive\train\ringworm\ringworm-101-_jpg.rf.e09eb4d942fb61cbcbd6ebbca8a7e016.jpg,142,fe96c466-26c6-42ab-9b74-fb4fa3c32f92,ringworm,fungal infection,"[""alopecia"", ""scaling""]",disease-level (provisional),research-only,unsupported,train,skin,unknown,C,,0.0,1.0,0.0,1.0,0.0,0.0,0.0,0.0,"['alopecia', 'scaling']",valid
3f626a20-d61a-4a0a-88b5-cf9ba9391a9c,Kaggle,C:\Users\ESSAKKI RAJA T  EV\OneDrive\Desktop\DB PAWPHILE\archive\test\Dermatitis\Hot-Spot-on-_Chance_-How-to-treat-a-dog-that-you-can_t-touch_-000621_png_jpg.rf.0ce78369ac55af856d2a9c79d0e8c47c.jpg,794,b9e0568a-cf8e-4c43-8f65-653ef6ef813d,Dermatitis,nonspecific dermatitis,"[""erythema"", ""scaling""]",disease-level (provisional),research-only,unsupported,test,skin,unknown,C,,1.0,0.0,0.0,1.0,0.0,0.0,0.0,0.0,"['erythema', 'scaling']",valid
d8f26f68-ae47-47fb-9f35-5b320ba607d0,Kaggle,C:\Users\ESSAKKI RAJA T  EV\OneDrive\Desktop\DB PAWPHILE\archive\test\Dermatitis\1516253873174_x4_jpg.rf.2b20eb4b044f4f9906809a2e09a0bf08.jpg,712,45399a79-95df-4f5c-b3ca-9c5feae70285,Dermatitis,nonspecific dermatitis,"[""erythema"", ""scaling""]",disease-level (provisional),research-only,unsupported,test,skin,unknown,C,,1.0,0.0,0.0,1.0,0.0,0.0,0.0,0.0,"['erythema', 'scaling']",valid
550b6702-9e7e-48a7-929f-cc9a4ea5c2ea,Kaggle,C:\Users\ESSAKKI RAJA T  EV\OneDrive\Desktop\DB PAWPHILE\archive\valid\Healthy\dogs_014_jpg.rf.2119c262b15b2264727357124b118439.jpg,324,5e77b967-38d4-47cd-a119-9315d7ccda47,Healthy,healthy,[],disease-level (provisional),research-only,unsupported,valid,skin,unknown,C,,0.0,0.0,0.0,0.0,0.0,0.0,0.0,0.0,[],valid
4fd9cd1b-117a-44e3-8fcc-bca285b45909,Kaggle,C:\Users\ESSAKKI RAJA T  EV\OneDrive\Desktop\DB PAWPHILE\archive\test\Healthy\pic39_jpg.rf.10e80391e830e30e09ff370ba29a1ebc.jpg,424,55cdc443-5839-4a2d-af1a-108c34809325,Healthy,healthy,[],disease-level (provisional),research-only,unsupported,test,skin,unknown,C,,0.0,0.0,0.0,0.0,0.0,0.0,0.0,0.0,[],valid
67b30ddf-c13d-4877-b156-a2ede3cc3ca4,Roboflow,C:\Users\ESSAKKI RAJA T  EV\OneDrive\Desktop\DB PAWPHILE\Dog Skin Disease Dataset.v2i.folder\train\hypersensitivity dermatitis\hypersensitivity_3_jpg.rf.168b4f2dd2f9856bd03f59c9d4181537.jpg,1579,50f96a62-b448-4f64-86a0-7cb9f1ddf92c,hypersensitivity dermatitis,hypersensitivity / allergic dermatitis,"[""erythema"", ""lichenification""]",disease-level (provisional),research-only,unsupported,train,skin,unknown,C,,1.0,0.0,0.0,0.0,0.0,0.0,0.0,1.0,"['erythema', 'lichenification']",valid
3c0c11be-4a2a-4ebc-9eda-40c98a16c2fd,Kaggle,C:\Users\ESSAKKI RAJA T  EV\OneDrive\Desktop\DB PAWPHILE\archive\test\Dermatitis\1000010648_x16_jpg.rf.ac9d9b488cddf942639fd11874d7b269.jpg,718,438fed1a-f21b-410d-a04d-8822c0ecafe3,Dermatitis,nonspecific dermatitis,"[""erythema"", ""scaling""]",disease-level (provisional),research-only,unsupported,test,skin,unknown,C,,1.0,0.0,0.0,1.0,0.0,0.0,0.0,0.0,"['erythema', 'scaling']",valid
cb8cd3bb-84af-4a5c-9db0-e575081526eb,Kaggle,C:\Users\ESSAKKI RAJA T  EV\OneDrive\Desktop\DB PAWPHILE\archive\train\demodicosis\scabies_90_png_jpg.rf.13de19938b79307553f9680694774dd5.jpg,116,f630a71e-5ecf-4aba-ade0-deedc468bc32,demodicosis,demodicosis,"[""alopecia"", ""erythema"", ""crust""]",disease-level (provisional),research-only,unsupported,train,skin,unknown,C,,1.0,1.0,1.0,0.0,0.0,0.0,0.0,0.0,"['alopecia', 'erythema', 'crust']",valid
ff7438aa-cf82-493f-aa60-627915aa06a6,Kaggle,C:\Users\ESSAKKI RAJA T  EV\OneDrive\Desktop\DB PAWPHILE\archive\train\Healthy\HEALTHY_010_jpg.rf.f406420133aaaa70bd566ce97afcc6c4.jpg,1679,d38232dd-70cf-44e4-b50d-0d61bcff01a2,Healthy,healthy,[],disease-level (provisional),research-only,unsupported,train,skin,unknown,C,,0.0,0.0,0.0,0.0,0.0,0.0,0.0,0.0,[],valid
318a3b0b-54fb-4e02-8a58-c4cd682b9b6e,Roboflow,C:\Users\ESSAKKI RAJA T  EV\OneDrive\Desktop\DB PAWPHILE\Dog Skin Disease Dataset.v2i.folder\valid\hypersensitivity dermatitis\hypersensitivity_360_jpg.rf.f95f5fb23ad23997975076fd5fd947cb.jpg,500,fc2d6387-2eb4-403e-980f-163ac1386c65,hypersensitivity dermatitis,hypersensitivity / allergic dermatitis,"[""erythema"", ""lichenification""]",disease-level (provisional),research-only,unsupported,valid,skin,unknown,C,,1.0,0.0,0.0,0.0,0.0,0.0,0.0,1.0,"['erythema', 'lichenification']",valid
ba57d3fb-2fe2-44ed-a791-bdc9e776f3cb,Roboflow,C:\Users\ESSAKKI RAJA T  EV\OneDrive\Desktop\DB PAWPHILE\Dog Skin Disease Dataset.v2i.folder\valid\bacterial dermatosis\bacterial_166_jpg.rf.b69c6c3937e22c7481891de08152a6a9.jpg,968,c234ff6b-c085-4c5b-ba14-64ff860ebaad,bacterial dermatosis,bacterial dermatosis,"[""erythema"", ""pustule"", ""crust""]",disease-level (provisional),research-only,unsupported,valid,skin,unknown,C,,1.0,0.0,1.0,0.0,0.0,0.0,1.0,0.0,"['erythema', 'pustule', 'crust']",valid
7618dd7d-9d6a-47fc-8164-b0d88dc465da,Roboflow,C:\Users\ESSAKKI RAJA T  EV\OneDrive\Desktop\DB PAWPHILE\Dog Skin Disease Dataset.v2i.folder\valid\healthy\healthy_train_38_jpg.rf.3bc6675bbdd54b33353a42ad91a43ce8.jpg,765,b1d2a6dc-d22a-404a-88d6-bdb63380dfe3,healthy,healthy,[],disease-level (provisional),research-only,unsupported,valid,skin,unknown,C,,0.0,0.0,0.0,0.0,0.0,0.0,0.0,0.0,[],valid
43cea54a-8ae2-4f1e-b00e-8b923471f0b3,Roboflow,C:\Users\ESSAKKI RAJA T  EV\OneDrive\Desktop\DB PAWPHILE\Dog Skin Disease Dataset.v2i.folder\test\bacterial dermatosis\bacterial_33_jpg.rf.404f35ee8e3e2688ff64f91359c87f27.jpg,878,dc593746-9d86-462b-a62c-ac1d603e5baa,bacterial dermatosis,bacterial dermatosis,"[""erythema"", ""pustule"", ""crust""]",disease-level (provisional),research-only,unsupported,test,skin,unknown,C,,1.0,0.0,1.0,0.0,0.0,0.0,1.0,0.0,"['erythema', 'pustule', 'crust']",valid
8e928ac6-7cd3-4526-a37a-3009baa96164,Roboflow,C:\Users\ESSAKKI RAJA T  EV\OneDrive\Desktop\DB PAWPHILE\Dog Skin Disease Dataset.v2i.folder\train\bacterial dermatosis\bacterial_65_jpg.rf.8db06989f9ea866f513f912e453d08a4.jpg,590,f654f0fb-02b7-4cca-a31b-f4bb0c7a901e,bacterial dermatosis,bacterial dermatosis,"[""erythema"", ""pustule"", ""crust""]",disease-level (provisional),research-only,unsupported,train,skin,unknown,C,,1.0,0.0,1.0,0.0,0.0,0.0,1.0,0.0,"['erythema', 'pustule', 'crust']",valid
bac661b8-cbf2-47a7-818a-1c1af9bbf584,Roboflow,C:\Users\ESSAKKI RAJA T  EV\OneDrive\Desktop\DB PAWPHILE\Dog Skin Disease Dataset.v2i.folder\valid\hypersensitivity dermatitis\hypersensitivity_57_jpg.rf.ce72b6dff5e312b83e1063daa1ca1044.jpg,659,6482544f-84ae-429b-aa51-d16ecba3e985,hypersensitivity dermatitis,hypersensitivity / allergic dermatitis,"[""erythema"", ""lichenification""]",disease-level (provisional),research-only,unsupported,valid,skin,unknown,C,,1.0,0.0,0.0,0.0,0.0,0.0,0.0,1.0,"['erythema', 'lichenification']",valid
189affe5-e080-4eec-86e3-d9e5ef5bae73,Roboflow,C:\Users\ESSAKKI RAJA T  EV\OneDrive\Desktop\DB PAWPHILE\Dog Skin Disease Dataset.v2i.folder\train\healthy\healthy_186_jpg.rf.3d66edc65921f2ffb76cad4fe1bed0b1.jpg,909,2a91a09b-5e8c-4402-a0aa-f02353feda4a,healthy,healthy,[],disease-level (provisional),research-only,unsupported,train,skin,unknown,C,,0.0,0.0,0.0,0.0,0.0,0.0,0.0,0.0,[],valid
69460241-ca8c-4a52-af4e-64acaddd4d21,Kaggle,C:\Users\ESSAKKI RAJA T  EV\OneDrive\Desktop\DB PAWPHILE\archive\test\Hypersensitivity\1720_jpg.rf.e4ce53f9bec6161342d04986505c94c9.jpg,799,10e220cd-0434-42ae-8f1e-fd1e752323fa,Hypersensitivity,hypersensitivity / allergic dermatitis,"[""erythema"", ""lichenification""]",disease-level (provisional),research-only,unsupported,test,skin,unknown,C,,1.0,0.0,0.0,0.0,0.0,0.0,0.0,1.0,"['erythema', 'lichenification']",valid
bac5f328-3deb-4533-8981-eaa426b68a56,Roboflow,C:\Users\ESSAKKI RAJA T  EV\OneDrive\Desktop\DB PAWPHILE\Dog Skin Disease Dataset.v2i.folder\test\hypersensitivity dermatitis\hypersensitivity_369_jpg.rf.2750e723cd07888aafe3fdd8267687db.jpg,828,d447298f-5718-4546-a259-09a33dd932f2,hypersensitivity dermatitis,hypersensitivity / allergic dermatitis,"[""erythema"", ""lichenification""]",disease-level (provisional),research-only,unsupported,test,skin,unknown,C,,1.0,0.0,0.0,0.0,0.0,0.0,0.0,1.0,"['erythema', 'lichenification']",valid
3817b5f2-a438-4cbf-a918-0706e184fac9,Kaggle,C:\Users\ESSAKKI RAJA T  EV\OneDrive\Desktop\DB PAWPHILE\archive\valid\ringworm\ringworm-135-_jpg.rf.13518b14408462b41c639db6469acb90.jpg,162,ca681780-f347-47d1-b08a-7019242a9654,ringworm,fungal infection,"[""alopecia"", ""scaling""]",disease-level (provisional),research-only,unsupported,valid,skin,unknown,C,,0.0,1.0,0.0,1.0,0.0,0.0,0.0,0.0,"['alopecia', 'scaling']",valid
a1627478-7234-47d4-92f2-16b8a4685f06,Kaggle,C:\Users\ESSAKKI RAJA T  EV\OneDrive\Desktop\DB PAWPHILE\archive\test\ringworm\ringworm-35-_jpg.rf.dc2c994240bb24249915addfb32156f2.jpg,501,ccb975b0-48d0-47fe-868b-676ad175ecbc,ringworm,fungal infection,"[""alopecia"", ""scaling""]",disease-level (provisional),research-only,unsupported,test,skin,unknown,C,,0.0,1.0,0.0,1.0,0.0,0.0,0.0,0.0,"['alopecia', 'scaling']",valid
018d59cf-f94b-4aea-a1ca-ac8b08ed5a71,Kaggle,C:\Users\ESSAKKI RAJA T  EV\OneDrive\Desktop\DB PAWPHILE\archive\test\demodicosis\scabies_125_png_jpg.rf.b17bcc7c9016cda843309643c65b223f.jpg,1468,b2fc16a7-29aa-43f2-a67a-ba5d4275c142,demodicosis,demodicosis,"[""alopecia"", ""erythema"", ""crust""]",disease-level (provisional),research-only,unsupported,test,skin,unknown,C,,1.0,1.0,1.0,0.0,0.0,0.0,0.0,0.0,"['alopecia', 'erythema', 'crust']",valid
701b36aa-366c-45fe-b1d2-36fe87a01eb2,Roboflow,C:\Users\ESSAKKI RAJA T  EV\OneDrive\Desktop\DB PAWPHILE\Dog Skin Disease Dataset.v2i.folder\train\fungal infection\fungal_98_jpg.rf.55c441e4110e7105e5a28193391b555a.jpg,427,808517f3-2f12-426d-bb3e-7a4c6ad40310,fungal infection,fungal infection,"[""alopecia"", ""scaling""]",disease-level (provisional),research-only,unsupported,train,skin,unknown,C,,0.0,1.0,0.0,1.0,0.0,0.0,0.0,0.0,"['alopecia', 'scaling']",valid
b1940e77-7a62-4c44-be49-2df2642d8645,Kaggle,C:\Users\ESSAKKI RAJA T  EV\OneDrive\Desktop\DB PAWPHILE\archive\valid\demodicosis\scabies_113_png_jpg.rf.32df13865a12c3fde2b0dcca4dcf7ceb.jpg,206,6c0c91b8-2eeb-4a44-978d-ded69b74dc4d,demodicosis,demodicosis,"[""alopecia"", ""erythema"", ""crust""]",disease-level (provisional),research-only,unsupported,valid,skin,unknown,C,,1.0,1.0,1.0,0.0,0.0,0.0,0.0,0.0,"['alopecia', 'erythema', 'crust']",valid
4dd4ad8d-fac5-44fb-b8f4-b31f990c83bc,Kaggle,C:\Users\ESSAKKI RAJA T  EV\OneDrive\Desktop\DB PAWPHILE\archive\test\demodicosis\1-60-_png_jpg.rf.93ddbe41b0e22fd34e56f4e3c24fdd22.jpg,756,bd26da9b-f632-4cd3-b2ba-5dc101a91ad4,demodicosis,demodicosis,"[""alopecia"", ""erythema"", ""crust""]",disease-level (provisional),research-only,unsupported,test,skin,unknown,C,,1.0,1.0,1.0,0.0,0.0,0.0,0.0,0.0,"['alopecia', 'erythema', 'crust']",valid
5c5dcfee-0e5a-43e1-8338-4994d098de41,Kaggle,C:\Users\ESSAKKI RAJA T  EV\OneDrive\Desktop\DB PAWPHILE\archive\train\demodicosis\scabies_126_png_jpg.rf.9afa5d54fc72e92e00d8dfd5573ed36e.jpg,1715,3ec5840c-b1b5-434c-afe2-54eec1bb2f02,demodicosis,demodicosis,"[""alopecia"", ""erythema"", ""crust""]",disease-level (provisional),research-only,unsupported,train,skin,unknown,C,,1.0,1.0,1.0,0.0,0.0,0.0,0.0,0.0,"['alopecia', 'erythema', 'crust']",valid
d8b8bf36-e681-44b8-8ad3-e48eb77730c7,Roboflow,C:\Users\ESSAKKI RAJA T  EV\OneDrive\Desktop\DB PAWPHILE\Dog Skin Disease Dataset.v2i.folder\train\fungal infection\fungal_363_jpg.rf.f69f87526867111a56ca46d346631d83.jpg,1071,22b39a50-7816-4a4a-ab89-3b41d2b80d89,fungal infection,fungal infection,"[""alopecia"", ""scaling""]",disease-level (provisional),research-only,unsupported,train,skin,unknown,C,,0.0,1.0,0.0,1.0,0.0,0.0,0.0,0.0,"['alopecia', 'scaling']",valid
54357c73-aaaa-4934-aec3-f8e0558186e9,Roboflow,C:\Users\ESSAKKI RAJA T  EV\OneDrive\Desktop\DB PAWPHILE\Dog Skin Disease Dataset.v2i.folder\train\bacterial dermatosis\bacterial_247_jpg.rf.2a1b5523b5b73f54a70e7217efd5d029.jpg,444,cc4fb627-80aa-4887-a820-cd9dcbb98c1c,bacterial dermatosis,bacterial dermatosis,"[""erythema"", ""pustule"", ""crust""]",disease-level (provisional),research-only,unsupported,train,skin,unknown,C,,1.0,0.0,1.0,0.0,0.0,0.0,1.0,0.0,"['erythema', 'pustule', 'crust']",valid
8c8a0f3e-d63f-4010-b28e-35046b1aa215,Roboflow,C:\Users\ESSAKKI RAJA T  EV\OneDrive\Desktop\DB PAWPHILE\Dog Skin Disease Dataset.v2i.folder\valid\healthy\healthy_72_jpg.rf.67432ea028e1750f392383a84b17059b.jpg,958,4ec26d09-4724-415f-9f21-7840a38b5351,healthy,healthy,[],disease-level (provisional),research-only,unsupported,valid,skin,unknown,C,,0.0,0.0,0.0,0.0,0.0,0.0,0.0,0.0,[],valid
0ca3e0bd-8b60-442d-ba8c-e70ea63f8bbc,Kaggle,C:\Users\ESSAKKI RAJA T  EV\OneDrive\Desktop\DB PAWPHILE\archive\test\Dermatitis\hotspot-52-_jpg.rf.e66a84a106557d4dcf2311b4b7ece2f0.jpg,682,9c10e129-5bce-4412-a93d-0855f89454cf,Dermatitis,nonspecific dermatitis,"[""erythema"", ""scaling""]",disease-level (provisional),research-only,unsupported,test,skin,unknown,C,,1.0,0.0,0.0,1.0,0.0,0.0,0.0,0.0,"['erythema', 'scaling']",valid
52347c0a-daf6-4ae4-a12b-7f23db039c64,Multispectral,C:\Users\ESSAKKI RAJA T  EV\OneDrive\Desktop\DB PAWPHILE\Classification of pet dog skin diseases using deep learning with images captured from multispectral imaging device\5dbht54kw7-1\dog210508_06_02_18\pic9.jpg,451,0cfe8901-d67a-496d-8ef7-0808b7dcbaa2,unknown,unknown,[],disease-level (provisional),research-only,unsupported,none,skin,pic9.jpg,B,,0.0,0.0,0.0,0.0,0.0,0.0,0.0,0.0,[],valid
82896590-e1e8-4ff2-b9ed-5146df3fda82,Kaggle,C:\Users\ESSAKKI RAJA T  EV\OneDrive\Desktop\DB PAWPHILE\archive\test\ringworm\NEWR57_jpeg_jpg.rf.13d49a479a8a88d7f47a380b9e9adeaf.jpg,976,7c0012a2-92ae-44a5-9d4a-d3b443c8906a,ringworm,fungal infection,"[""alopecia"", ""scaling""]",disease-level (provisional),research-only,unsupported,test,skin,unknown,C,,0.0,1.0,0.0,1.0,0.0,0.0,0.0,0.0,"['alopecia', 'scaling']",valid
5046d3d2-744f-44f9-b34e-6c68b9068cbe,Kaggle,C:\Users\ESSAKKI RAJA T  EV\OneDrive\Desktop\DB PAWPHILE\archive\valid\Fungal_infections\Fungal_2_jpg.rf.a7f496804be1d69761d4d7447661cab5.jpg,1576,c8306c6a-1502-4900-afb0-00f3830ef54e,Fungal_infections,fungal infection,"[""alopecia"", ""scaling""]",disease-level (provisional),research-only,unsupported,valid,skin,unknown,C,,0.0,1.0,0.0,1.0,0.0,0.0,0.0,0.0,"['alopecia', 'scaling']",valid
394357fb-e7af-400a-844d-e650d06b9965,Roboflow,C:\Users\ESSAKKI RAJA T  EV\OneDrive\Desktop\DB PAWPHILE\Dog Skin Disease Dataset.v2i.folder\train\fungal infection\fungal_68_jpg.rf.24c712c5e93eb404d561e34e8e380d29.jpg,666,843e4fc4-9bed-4408-a71a-f9a2719bb378,fungal infection,fungal infection,"[""alopecia"", ""scaling""]",disease-level (provisional),research-only,unsupported,train,skin,unknown,C,,0.0,1.0,0.0,1.0,0.0,0.0,0.0,0.0,"['alopecia', 'scaling']",valid
aa04cc9d-6c67-4771-bbb2-7a5ec0f5a7d5,Kaggle,C:\Users\ESSAKKI RAJA T  EV\OneDrive\Desktop\DB PAWPHILE\archive\train\ringworm\NEWR19_png_jpg.rf.f06aa48bb87f2d3d0ce3e84826e55d4e.jpg,1646,bd02fb1e-a731-4a67-bec9-04a7f8a97f6d,ringworm,fungal infection,"[""alopecia"", ""scaling""]",disease-level (provisional),research-only,unsupported,train,skin,unknown,C,,0.0,1.0,0.0,1.0,0.0,0.0,0.0,0.0,"['alopecia', 'scaling']",valid
2824f87c-7d5b-4599-af1a-75d724ef4a78,Kaggle,C:\Users\ESSAKKI RAJA T  EV\OneDrive\Desktop\DB PAWPHILE\archive\train\demodicosis\2024-05-13-134153_3_jpg.rf.f3a697bd4576013d30e4250a7bbb25e2.jpg,178,bb5c3e93-fb83-4ae5-8a97-85a62da4c16b,demodicosis,demodicosis,"[""alopecia"", ""erythema"", ""crust""]",disease-level (provisional),research-only,unsupported,train,skin,unknown,C,,1.0,1.0,1.0,0.0,0.0,0.0,0.0,0.0,"['alopecia', 'erythema', 'crust']",valid
9a2b76e9-cd92-425a-b27e-b3b21d7f5b96,Kaggle,C:\Users\ESSAKKI RAJA T  EV\OneDrive\Desktop\DB PAWPHILE\archive\test\Dermatitis\HOT-SPOT-IN-DOG-HOW-vet-treated-symptom-prevention_-flea-bite-moist-eczema_dog-itching-000496_png_jpg.rf.7dd86fbdd40a1c0798e49521f08cc84b.jpg,859,0ac33673-ee5a-45d9-bf07-75373080af4b,Dermatitis,nonspecific dermatitis,"[""erythema"", ""scaling""]",disease-level (provisional),research-only,unsupported,test,skin,unknown,C,,1.0,0.0,0.0,1.0,0.0,0.0,0.0,0.0,"['erythema', 'scaling']",valid
62142417-4ad5-41e3-b620-cb55eeb2a91d,Roboflow,C:\Users\ESSAKKI RAJA T  EV\OneDrive\Desktop\DB PAWPHILE\Dog Skin Disease Dataset.v2i.folder\test\bacterial dermatosis\bacterial_312_jpg.rf.4613301f00c1c3d4a1ff5b59f338bb16.jpg,1482,c499974f-d326-430e-b257-a067ae7e1824,bacterial dermatosis,bacterial dermatosis,"[""erythema"", ""pustule"", ""crust""]",disease-level (provisional),research-only,unsupported,test,skin,unknown,C,,1.0,0.0,1.0,0.0,0.0,0.0,1.0,0.0,"['erythema', 'pustule', 'crust']",valid
4e25432b-b6c2-43a7-b8db-2aa9b8c6433d,Roboflow,C:\Users\ESSAKKI RAJA T  EV\OneDrive\Desktop\DB PAWPHILE\Dog Skin Disease Dataset.v2i.folder\valid\bacterial dermatosis\bacterial_139_jpg.rf.fa67c46b264ec9133b4ba4601becd874.jpg,1048,e32d4c1f-a4fe-455f-9522-a811a25811d4,bacterial dermatosis,bacterial dermatosis,"[""erythema"", ""pustule"", ""crust""]",disease-level (provisional),research-only,unsupported,valid,skin,unknown,C,,1.0,0.0,1.0,0.0,0.0,0.0,1.0,0.0,"['erythema', 'pustule', 'crust']",valid
4b47f0b9-cefd-43b4-b182-003d82ac2452,Kaggle,C:\Users\ESSAKKI RAJA T  EV\OneDrive\Desktop\DB PAWPHILE\archive\test\ringworm\ringworm-122-_jpg.rf.987e25c262bbeec15789beca3840d07e.jpg,532,5d12ffe3-773d-4e73-ad39-d5977fcde3d1,ringworm,fungal infection,"[""alopecia"", ""scaling""]",disease-level (provisional),research-only,unsupported,test,skin,unknown,C,,0.0,1.0,0.0,1.0,0.0,0.0,0.0,0.0,"['alopecia', 'scaling']",valid
0118cf9f-8ed1-45cf-a54b-335a2531c115,Roboflow,C:\Users\ESSAKKI RAJA T  EV\OneDrive\Desktop\DB PAWPHILE\Dog Skin Disease Dataset.v2i.folder\valid\healthy\healthy_96_jpg.rf.297ba10eaf4a05959e4d3334391c1a81.jpg,646,0855786f-0538-4709-b5fa-577ce4b32e31,healthy,healthy,[],disease-level (provisional),research-only,unsupported,valid,skin,unknown,C,,0.0,0.0,0.0,0.0,0.0,0.0,0.0,0.0,[],valid
ef452c5b-4c88-45d9-b49e-9d4a39add07a,Kaggle,C:\Users\ESSAKKI RAJA T  EV\OneDrive\Desktop\DB PAWPHILE\archive\test\Dermatitis\Hot-Spot-on-_Chance_-How-to-treat-a-dog-that-you-can_t-touch_-000620_png_jpg.rf.e53c6791264aad95e10da6c26845525d.jpg,785,a90185a1-a5fd-47d6-8e31-757db310d993,Dermatitis,nonspecific dermatitis,"[""erythema"", ""scaling""]",disease-level (provisional),research-only,unsupported,test,skin,unknown,C,,1.0,0.0,0.0,1.0,0.0,0.0,0.0,0.0,"['erythema', 'scaling']",valid
4eff85c0-a647-477b-8626-21dd2ebdcb09,Kaggle,C:\Users\ESSAKKI RAJA T  EV\OneDrive\Desktop\DB PAWPHILE\archive\test\ringworm\R60_png_jpg.rf.96bf21f49590567865a3b160e46c4574.jpg,1215,22eb2216-f4be-4854-b8c7-0d9088065d77,ringworm,fungal infection,"[""alopecia"", ""scaling""]",disease-level (provisional),research-only,unsupported,test,skin,unknown,C,,0.0,1.0,0.0,1.0,0.0,0.0,0.0,0.0,"['alopecia', 'scaling']",valid
5f81efa1-bdd7-435f-9cac-9b9a3b5a08a7,Roboflow,C:\Users\ESSAKKI RAJA T  EV\OneDrive\Desktop\DB PAWPHILE\Dog Skin Disease Dataset.v2i.folder\train\bacterial dermatosis\bacterial_143_jpg.rf.9a170d7120b6e9f8ec4801c63e5a5ec9.jpg,926,ce7f72b7-43c3-4e97-9939-8ae346cf7567,bacterial dermatosis,bacterial dermatosis,"[""erythema"", ""pustule"", ""crust""]",disease-level (provisional),research-only,unsupported,train,skin,unknown,C,,1.0,0.0,1.0,0.0,0.0,0.0,1.0,0.0,"['erythema', 'pustule', 'crust']",valid
394fc99f-bf40-4f81-9bf2-6dbc3a6b9309,Roboflow,C:\Users\ESSAKKI RAJA T  EV\OneDrive\Desktop\DB PAWPHILE\Dog Skin Disease Dataset.v2i.folder\train\hypersensitivity dermatitis\hypersensitivity_318_jpg.rf.046dbb2e609f158fc66767d4c61839ed.jpg,1580,248a9cbc-9f8d-40d8-918b-cde2f6afd235,hypersensitivity dermatitis,hypersensitivity / allergic dermatitis,"[""erythema"", ""lichenification""]",disease-level (provisional),research-only,unsupported,train,skin,unknown,C,,1.0,0.0,0.0,0.0,0.0,0.0,0.0,1.0,"['erythema', 'lichenification']",valid
137e30d8-58d9-4795-8064-78c1b1c8c66c,Kaggle,C:\Users\ESSAKKI RAJA T  EV\OneDrive\Desktop\DB PAWPHILE\archive\test\Fungal_infections\1173_jpg.rf.fe777f5644b92c3ff85b492fd9ab60cc.jpg,653,f70e503b-509e-4926-a6d9-825dfc502c44,Fungal_infections,fungal infection,"[""alopecia"", ""scaling""]",disease-level (provisional),research-only,unsupported,test,skin,unknown,C,,0.0,1.0,0.0,1.0,0.0,0.0,0.0,0.0,"['alopecia', 'scaling']",valid
5772b940-a1e7-4567-a945-5df65ad068c8,Roboflow,C:\Users\ESSAKKI RAJA T  EV\OneDrive\Desktop\DB PAWPHILE\Dog Skin Disease Dataset.v2i.folder\valid\fungal infection\fungal_inf_5_jpg.rf.e7ad7ad137d92c2068a62554f531dc85.jpg,1372,5b86e4e4-025a-4353-a575-f7c5a87d615c,fungal infection,fungal infection,"[""alopecia"", ""scaling""]",disease-level (provisional),research-only,unsupported,valid,skin,unknown,C,,0.0,1.0,0.0,1.0,0.0,0.0,0.0,0.0,"['alopecia', 'scaling']",valid
762a1b94-1b47-407b-b85a-de858c05a584,Kaggle,C:\Users\ESSAKKI RAJA T  EV\OneDrive\Desktop\DB PAWPHILE\archive\valid\Dermatitis\1000010518_x4_jpg.rf.c3836d2fb3f0bae1fd828279b4d249a0.jpg,906,279b3254-6c3c-482f-857e-3502d90f4dd3,Dermatitis,nonspecific dermatitis,"[""erythema"", ""scaling""]",disease-level (provisional),research-only,unsupported,valid,skin,unknown,C,,1.0,0.0,0.0,1.0,0.0,0.0,0.0,0.0,"['erythema', 'scaling']",valid
11acbe7c-b938-4263-a8d8-02529c553323,Kaggle,C:\Users\ESSAKKI RAJA T  EV\OneDrive\Desktop\DB PAWPHILE\archive\train\demodicosis\2024-05-13-161913_jpg.rf.4c52caccbc9d03b37bcb851b4962e319.jpg,1660,4b7686b3-3234-4999-a5db-6d45ceccf6b0,demodicosis,demodicosis,"[""alopecia"", ""erythema"", ""crust""]",disease-level (provisional),research-only,unsupported,train,skin,unknown,C,,1.0,1.0,1.0,0.0,0.0,0.0,0.0,0.0,"['alopecia', 'erythema', 'crust']",valid
265e6bdf-e29f-41f1-b400-1f1d55ee0a1c,Kaggle,C:\Users\ESSAKKI RAJA T  EV\OneDrive\Desktop\DB PAWPHILE\archive\test\Healthy\dogs_168_jpg.rf.cebd5974a33777e135fe8982fccb1e66.jpg,1596,0d549afb-a3f9-4003-a7c3-8fbfa710c0b5,Healthy,healthy,[],disease-level (provisional),research-only,unsupported,test,skin,unknown,C,,0.0,0.0,0.0,0.0,0.0,0.0,0.0,0.0,[],valid
40521dfd-d36e-4759-8db6-dcc1117f6ee2,Roboflow,C:\Users\ESSAKKI RAJA T  EV\OneDrive\Desktop\DB PAWPHILE\Dog Skin Disease Dataset.v2i.folder\test\bacterial dermatosis\bacterial_410_jpg.rf.a6c0c0e1b338240d8f0a1000eb325c3b.jpg,1876,7db74272-7d3a-4afa-aff9-b497c14b1f04,bacterial dermatosis,bacterial dermatosis,"[""erythema"", ""pustule"", ""crust""]",disease-level (provisional),research-only,unsupported,test,skin,unknown,C,,1.0,0.0,1.0,0.0,0.0,0.0,1.0,0.0,"['erythema', 'pustule', 'crust']",valid
ebbb6fe4-f141-48d9-b747-a26a1557125d,Roboflow,C:\Users\ESSAKKI RAJA T  EV\OneDrive\Desktop\DB PAWPHILE\Dog Skin Disease Dataset.v2i.folder\train\bacterial dermatosis\bacterial_371_jpg.rf.70b25d2488f703ec40ea8a4d0729265c.jpg,1384,407e1cca-6edd-45bd-a6cc-7b973d3cc970,bacterial dermatosis,bacterial dermatosis,"[""erythema"", ""pustule"", ""crust""]",disease-level (provisional),research-only,unsupported,train,skin,unknown,C,,1.0,0.0,1.0,0.0,0.0,0.0,1.0,0.0,"['erythema', 'pustule', 'crust']",valid
d0fc9177-b09f-427e-b54d-8217b164d35e,Kaggle,C:\Users\ESSAKKI RAJA T  EV\OneDrive\Desktop\DB PAWPHILE\archive\train\Hypersensitivity\Hypersensitivity4_png_jpg.rf.9e016a48ea4afc44bf6d6c730f95cbe6.jpg,1375,801e72c8-0b2b-4943-aa41-051219e0415e,Hypersensitivity,hypersensitivity / allergic dermatitis,"[""erythema"", ""lichenification""]",disease-level (provisional),research-only,unsupported,train,skin,unknown,C,,1.0,0.0,0.0,0.0,0.0,0.0,0.0,1.0,"['erythema', 'lichenification']",valid
d9c2b5e7-c661-4848-ae15-c72cd0ec8a64,Kaggle,C:\Users\ESSAKKI RAJA T  EV\OneDrive\Desktop\DB PAWPHILE\archive\test\Healthy\dogs_119_jpg.rf.c80c17765ea9f9f1105d5eb5206112e3.jpg,1497,c9306dc6-e445-4ca3-8e5c-4e42e0c7500a,Healthy,healthy,[],disease-level (provisional),research-only,unsupported,test,skin,unknown,C,,0.0,0.0,0.0,0.0,0.0,0.0,0.0,0.0,[],valid
329c6f13-8ef5-45bb-b879-93798f7635e4,Roboflow,C:\Users\ESSAKKI RAJA T  EV\OneDrive\Desktop\DB PAWPHILE\Dog Skin Disease Dataset.v2i.folder\train\bacterial dermatosis\bacterial_11_jpg.rf.26641c7a113066327317dff15d64d83c.jpg,1352,5f5d6411-2c73-49dc-b29e-f46a1c9ec297,bacterial dermatosis,bacterial dermatosis,"[""erythema"", ""pustule"", ""crust""]",disease-level (provisional),research-only,unsupported,train,skin,unknown,C,,1.0,0.0,1.0,0.0,0.0,0.0,1.0,0.0,"['erythema', 'pustule', 'crust']",valid
04db6ae7-9dfb-4489-80ad-ecc403749327,Roboflow,C:\Users\ESSAKKI RAJA T  EV\OneDrive\Desktop\DB PAWPHILE\Dog Skin Disease Dataset.v2i.folder\test\bacterial dermatosis\bacterial_118_jpg.rf.92dcfa06f220a338c18a5da8d8937e8f.jpg,68,9a9553d4-9932-4b4a-9eb8-d45f356b5117,bacterial dermatosis,bacterial dermatosis,"[""erythema"", ""pustule"", ""crust""]",disease-level (provisional),research-only,unsupported,test,skin,unknown,C,,1.0,0.0,1.0,0.0,0.0,0.0,1.0,0.0,"['erythema', 'pustule', 'crust']",valid
005a389c-cdb0-4dfa-a106-1ada56a1ef63,Roboflow,C:\Users\ESSAKKI RAJA T  EV\OneDrive\Desktop\DB PAWPHILE\Dog Skin Disease Dataset.v2i.folder\train\fungal infection\fungal_278_jpg.rf.3acdabbf97ef3fb5cf2fbdc39b0761d4.jpg,356,e6066477-c2be-417c-8018-cdcadff83821,fungal infection,fungal infection,"[""alopecia"", ""scaling""]",disease-level (provisional),research-only,unsupported,train,skin,unknown,C,,0.0,1.0,0.0,1.0,0.0,0.0,0.0,0.0,"['alopecia', 'scaling']",valid
28ce3409-e3bc-45f9-94f2-d4388dd04499,Roboflow,C:\Users\ESSAKKI RAJA T  EV\OneDrive\Desktop\DB PAWPHILE\Dog Skin Disease Dataset.v2i.folder\train\hypersensitivity dermatitis\hypersensitivity_2_jpg.rf.070e0be710c0049dd810b0bb48e3ee30.jpg,1451,fe64d703-a5bd-4d08-b01c-f655ef164520,hypersensitivity dermatitis,hypersensitivity / allergic dermatitis,"[""erythema"", ""lichenification""]",disease-level (provisional),research-only,unsupported,train,skin,unknown,C,,1.0,0.0,0.0,0.0,0.0,0.0,0.0,1.0,"['erythema', 'lichenification']",valid
f6165ac4-e514-4b62-9826-7b441c565f8e,Roboflow,C:\Users\ESSAKKI RAJA T  EV\OneDrive\Desktop\DB PAWPHILE\Dog Skin Disease Dataset.v2i.folder\train\bacterial dermatosis\bacterial_383_jpg.rf.684f9a03534f5dcc89827b9f3be32ba7.jpg,130,ff215be2-0423-475e-a7fd-8f0b0730f97f,bacterial dermatosis,bacterial dermatosis,"[""erythema"", ""pustule"", ""crust""]",disease-level (provisional),research-only,unsupported,train,skin,unknown,C,,1.0,0.0,1.0,0.0,0.0,0.0,1.0,0.0,"['erythema', 'pustule', 'crust']",valid
58b4432d-5759-4ed4-a9be-8e29a814bf46,Roboflow,C:\Users\ESSAKKI RAJA T  EV\OneDrive\Desktop\DB PAWPHILE\Dog Skin Disease Dataset.v2i.folder\test\healthy\healthy_276_jpg.rf.9f26e68f1fd3da81dfd501164f311984.jpg,1299,39670f93-4b94-4fde-9a6a-6638116d3507,healthy,healthy,[],disease-level (provisional),research-only,unsupported,test,skin,unknown,C,,0.0,0.0,0.0,0.0,0.0,0.0,0.0,0.0,[],valid
3d460c2e-3886-4edb-a804-0a65e32cbc01,Kaggle,C:\Users\ESSAKKI RAJA T  EV\OneDrive\Desktop\DB PAWPHILE\archive\test\Healthy\HEALTHY_031_jpg.rf.a28fdc0fc72b037d0a35e4d30af95a9e.jpg,1456,442e903a-2b7f-4fc0-ab4f-367b6027033b,Healthy,healthy,[],disease-level (provisional),research-only,unsupported,test,skin,unknown,C,,0.0,0.0,0.0,0.0,0.0,0.0,0.0,0.0,[],valid
95c4f276-c01b-45c3-ba7f-1ae1267f262f,Kaggle,C:\Users\ESSAKKI RAJA T  EV\OneDrive\Desktop\DB PAWPHILE\archive\test\Fungal_infections\fungal3_jpg.rf.8ccabd0ff84a3e88381f1e86d1810408.jpg,1175,809ce2e8-641a-4b77-a99c-ef99c35883a2,Fungal_infections,fungal infection,"[""alopecia"", ""scaling""]",disease-level (provisional),research-only,unsupported,test,skin,unknown,C,,0.0,1.0,0.0,1.0,0.0,0.0,0.0,0.0,"['alopecia', 'scaling']",valid
e2ae5d0e-d239-40c1-aab5-77f144c9de2a,Roboflow,C:\Users\ESSAKKI RAJA T  EV\OneDrive\Desktop\DB PAWPHILE\Dog Skin Disease Dataset.v2i.folder\train\bacterial dermatosis\bacterial_63_jpg.rf.470a6f3b8e496b4924fdddc4a0f98311.jpg,1858,8785591e-801b-4c08-828e-6bfbc22852dc,bacterial dermatosis,bacterial dermatosis,"[""erythema"", ""pustule"", ""crust""]",disease-level (provisional),research-only,unsupported,train,skin,unknown,C,,1.0,0.0,1.0,0.0,0.0,0.0,1.0,0.0,"['erythema', 'pustule', 'crust']",valid
a25441fe-b909-47dd-bd31-9a2fd000e038,Kaggle,C:\Users\ESSAKKI RAJA T  EV\OneDrive\Desktop\DB PAWPHILE\archive\train\Fungal_infections\Fungal_Image_4_jpg.rf.93853892327ef8fc5ddca1a4d750a2b5.jpg,1617,73b2274e-0c46-47e1-9dc9-5407fe7c06e2,Fungal_infections,fungal infection,"[""alopecia"", ""scaling""]",disease-level (provisional),research-only,unsupported,train,skin,unknown,C,,0.0,1.0,0.0,1.0,0.0,0.0,0.0,0.0,"['alopecia', 'scaling']",valid
bd4e58f9-4452-4cab-a9ab-d4bb332c474e,Roboflow,C:\Users\ESSAKKI RAJA T  EV\OneDrive\Desktop\DB PAWPHILE\Dog Skin Disease Dataset.v2i.folder\train\healthy\healthy_210_jpg.rf.0b4e5e94ea4d44fd4b0c52ebf7dd598e.jpg,212,e4c04e1c-ac05-47d4-8d4c-6660cb541b7a,healthy,healthy,[],disease-level (provisional),research-only,unsupported,train,skin,unknown,C,,0.0,0.0,0.0,0.0,0.0,0.0,0.0,0.0,[],valid
aae9592e-21b0-4efa-ba5e-0fe5f93128a2,Kaggle,C:\Users\ESSAKKI RAJA T  EV\OneDrive\Desktop\DB PAWPHILE\archive\valid\Dermatitis\1000010781_x16_jpg.rf.0966ecc4543749bff829275cc2480cef.jpg,800,e5f1dac9-d693-4de2-97b0-8bc230471bb0,Dermatitis,nonspecific dermatitis,"[""erythema"", ""scaling""]",disease-level (provisional),research-only,unsupported,valid,skin,unknown,C,,1.0,0.0,0.0,1.0,0.0,0.0,0.0,0.0,"['erythema', 'scaling']",valid
0f9a7a2b-7d07-45a7-ac5a-4aefc354c3e8,Kaggle,C:\Users\ESSAKKI RAJA T  EV\OneDrive\Desktop\DB PAWPHILE\archive\valid\Dermatitis\pic4_jpg.rf.be099064e9c1b6e69fc8baac3c7b7b30.jpg,1368,151ee50a-3c7c-4594-8689-1138cb2f2b09,Dermatitis,nonspecific dermatitis,"[""erythema"", ""scaling""]",disease-level (provisional),research-only,unsupported,valid,skin,unknown,C,,1.0,0.0,0.0,1.0,0.0,0.0,0.0,0.0,"['erythema', 'scaling']",valid
5db80433-7586-4774-b89c-388883187101,Kaggle,C:\Users\ESSAKKI RAJA T  EV\OneDrive\Desktop\DB PAWPHILE\archive\valid\ringworm\R31_png_jpg.rf.19e2b20f33ec63fb0b67b63fd2133eec.jpg,1098,e6b9633e-db1b-4213-9153-1978a100df07,ringworm,fungal infection,"[""alopecia"", ""scaling""]",disease-level (provisional),research-only,unsupported,valid,skin,unknown,C,,0.0,1.0,0.0,1.0,0.0,0.0,0.0,0.0,"['alopecia', 'scaling']",valid
e278f9ee-fdfe-4792-8908-326b95ec6c13,Roboflow,C:\Users\ESSAKKI RAJA T  EV\OneDrive\Desktop\DB PAWPHILE\Dog Skin Disease Dataset.v2i.folder\test\hypersensitivity dermatitis\hypersensitivity_236_jpg.rf.877568588a9798084295c7e9ad9d1982.jpg,1166,65173397-07b6-4e90-b58a-8afb3ca6b2ed,hypersensitivity dermatitis,hypersensitivity / allergic dermatitis,"[""erythema"", ""lichenification""]",disease-level (provisional),research-only,unsupported,test,skin,unknown,C,,1.0,0.0,0.0,0.0,0.0,0.0,0.0,1.0,"['erythema', 'lichenification']",valid
4ece389e-ff96-4165-85fe-81dc1a7bafd2,Roboflow,C:\Users\ESSAKKI RAJA T  EV\OneDrive\Desktop\DB PAWPHILE\Dog Skin Disease Dataset.v2i.folder\test\bacterial dermatosis\bacterial_91_jpg.rf.dc6dd6d76aadf5be0444b5f5cae23ffc.jpg,857,27e160ec-0ab3-451f-9928-fb0cf13f8ffc,bacterial dermatosis,bacterial dermatosis,"[""erythema"", ""pustule"", ""crust""]",disease-level (provisional),research-only,unsupported,test,skin,unknown,C,,1.0,0.0,1.0,0.0,0.0,0.0,1.0,0.0,"['erythema', 'pustule', 'crust']",valid
377f2638-2a09-47c7-9502-6dbcbe93a993,Kaggle,C:\Users\ESSAKKI RAJA T  EV\OneDrive\Desktop\DB PAWPHILE\archive\test\Healthy\dogs_136_jpg.rf.d37f250d0fee440dfa7f76ffdafa10f4.jpg,782,127f360b-a778-4c37-b2a9-0413a2662381,Healthy,healthy,[],disease-level (provisional),research-only,unsupported,test,skin,unknown,C,,0.0,0.0,0.0,0.0,0.0,0.0,0.0,0.0,[],valid
f6078ebe-52b9-4deb-83f1-5916d4e8f937,Roboflow,C:\Users\ESSAKKI RAJA T  EV\OneDrive\Desktop\DB PAWPHILE\Dog Skin Disease Dataset.v2i.folder\train\fungal infection\fungal_257_jpg.rf.f66f1b9bc2fa14a7f47aed2583941dd6.jpg,1148,2dd56921-edaf-49bf-93fc-45bbfa4282ca,fungal infection,fungal infection,"[""alopecia"", ""scaling""]",disease-level (provisional),research-only,unsupported,train,skin,unknown,C,,0.0,1.0,0.0,1.0,0.0,0.0,0.0,0.0,"['alopecia', 'scaling']",valid
8f96dfb5-2ee3-40fa-b869-3e67455d7d48,Roboflow,C:\Users\ESSAKKI RAJA T  EV\OneDrive\Desktop\DB PAWPHILE\Dog Skin Disease Dataset.v2i.folder\train\healthy\healthy_356_jpg.rf.390bf3c922467f8ee868867c926d145e.jpg,1475,bd5fe8a8-e623-4752-a91e-f41f87cd70b7,healthy,healthy,[],disease-level (provisional),research-only,unsupported,train,skin,unknown,C,,0.0,0.0,0.0,0.0,0.0,0.0,0.0,0.0,[],valid
65a7b6ee-d6e7-406e-837d-1a928f523626,Kaggle,C:\Users\ESSAKKI RAJA T  EV\OneDrive\Desktop\DB PAWPHILE\archive\valid\Fungal_infections\FUNGAL-INFECTION_048_jpg.rf.f5910e25562689a536b5c63917221a7b.jpg,1174,ae5282ce-31c7-456c-9d13-0fe73576ddfd,Fungal_infections,fungal infection,"[""alopecia"", ""scaling""]",disease-level (provisional),research-only,unsupported,valid,skin,unknown,C,,0.0,1.0,0.0,1.0,0.0,0.0,0.0,0.0,"['alopecia', 'scaling']",valid
2b1412f6-043d-469f-b9e2-43cf78fbf0e6,Roboflow,C:\Users\ESSAKKI RAJA T  EV\OneDrive\Desktop\DB PAWPHILE\Dog Skin Disease Dataset.v2i.folder\train\fungal infection\fungal_15_jpg.rf.c60d8394145632c67d5adf2d27628a5f.jpg,1294,2f05c3aa-1f40-46ec-a346-a85e4dda215e,fungal infection,fungal infection,"[""alopecia"", ""scaling""]",disease-level (provisional),research-only,unsupported,train,skin,unknown,C,,0.0,1.0,0.0,1.0,0.0,0.0,0.0,0.0,"['alopecia', 'scaling']",valid
2d58e600-3742-45b6-b421-6816c2a556d5,Kaggle,C:\Users\ESSAKKI RAJA T  EV\OneDrive\Desktop\DB PAWPHILE\archive\train\demodicosis\D110_png_jpg.rf.9ae598ab3401fcf45e1748eaeeb7bfc9.jpg,665,a26f02d9-d9d7-46eb-b98d-3a464af978b5,demodicosis,demodicosis,"[""alopecia"", ""erythema"", ""crust""]",disease-level (provisional),research-only,unsupported,train,skin,unknown,C,,1.0,1.0,1.0,0.0,0.0,0.0,0.0,0.0,"['alopecia', 'erythema', 'crust']",valid
2e0e97ba-65a9-4cc5-bb4e-7cb5b438969f,Roboflow,C:\Users\ESSAKKI RAJA T  EV\OneDrive\Desktop\DB PAWPHILE\Dog Skin Disease Dataset.v2i.folder\valid\fungal infection\fungal_32_jpg.rf.8b800b31cd2a66ca193898dcc8bd086f.jpg,784,18f8b7f8-5c1f-4f8d-a7dc-240602b3427b,fungal infection,fungal infection,"[""alopecia"", ""scaling""]",disease-level (provisional),research-only,unsupported,valid,skin,unknown,C,,0.0,1.0,0.0,1.0,0.0,0.0,0.0,0.0,"['alopecia', 'scaling']",valid
7017cbf7-9733-44ed-8ed3-ef96334ff545,Roboflow,C:\Users\ESSAKKI RAJA T  EV\OneDrive\Desktop\DB PAWPHILE\Dog Skin Disease Dataset.v2i.folder\valid\fungal infection\fungal_94_jpg.rf.82c56d428b5d9073e900412a8a893260.jpg,1698,12092e95-51bc-4746-bfe6-3f6f2d306717,fungal infection,fungal infection,"[""alopecia"", ""scaling""]",disease-level (provisional),research-only,unsupported,valid,skin,unknown,C,,0.0,1.0,0.0,1.0,0.0,0.0,0.0,0.0,"['alopecia', 'scaling']",valid
001e697a-c269-4ea0-b79b-072574428970,Kaggle,C:\Users\ESSAKKI RAJA T  EV\OneDrive\Desktop\DB PAWPHILE\archive\test\ringworm\NEWR12_jpeg_jpg.rf.0d5c77555f632241a28b728205173647.jpg,1810,2c6717ae-28f4-426e-b943-3d7bb8fafb51,ringworm,fungal infection,"[""alopecia"", ""scaling""]",disease-level (provisional),research-only,unsupported,test,skin,unknown,C,,0.0,1.0,0.0,1.0,0.0,0.0,0.0,0.0,"['alopecia', 'scaling']",valid
252f8546-92b9-4116-9a02-fdaa94a26f79,Roboflow,C:\Users\ESSAKKI RAJA T  EV\OneDrive\Desktop\DB PAWPHILE\Dog Skin Disease Dataset.v2i.folder\valid\healthy\healthy_141_jpg.rf.f2fe9cd03502a530e0990694e1ebf8c7.jpg,1111,39d66cb5-928d-4c63-9eaa-95f15b67aa09,healthy,healthy,[],disease-level (provisional),research-only,unsupported,valid,skin,unknown,C,,0.0,0.0,0.0,0.0,0.0,0.0,0.0,0.0,[],valid
cf3689ce-be0f-4bd7-834e-d6a9838131af,Kaggle,C:\Users\ESSAKKI RAJA T  EV\OneDrive\Desktop\DB PAWPHILE\archive\valid\Hypersensitivity\Hypersensitivity1_png_jpg.rf.46aad4712f7fbe0c88fdde4649936a5c.jpg,1103,3365ccb4-068c-4b0d-8afd-926cc5216385,Hypersensitivity,hypersensitivity / allergic dermatitis,"[""erythema"", ""lichenification""]",disease-level (provisional),research-only,unsupported,valid,skin,unknown,C,,1.0,0.0,0.0,0.0,0.0,0.0,0.0,1.0,"['erythema', 'lichenification']",valid
79e2f10f-2972-4601-8c08-4059a9656b44,Kaggle,C:\Users\ESSAKKI RAJA T  EV\OneDrive\Desktop\DB PAWPHILE\archive\valid\Healthy\dogs_130_jpg.rf.7ef815ff63c58697adbf156a5d154ed2.jpg,838,c6b2f9a7-676c-4091-a01d-4c16105a4ff0,Healthy,healthy,[],disease-level (provisional),research-only,unsupported,valid,skin,unknown,C,,0.0,0.0,0.0,0.0,0.0,0.0,0.0,0.0,[],valid
d6e4a72d-69a1-41bc-a3c1-3c3eb6e726c0,Kaggle,C:\Users\ESSAKKI RAJA T  EV\OneDrive\Desktop\DB PAWPHILE\archive\test\ringworm\R2_png_jpg.rf.087dbf143c0768c2903258436860aa61.jpg,1559,6490af75-4adc-4456-9cd1-b242cde46224,ringworm,fungal infection,"[""alopecia"", ""scaling""]",disease-level (provisional),research-only,unsupported,test,skin,unknown,C,,0.0,1.0,0.0,1.0,0.0,0.0,0.0,0.0,"['alopecia', 'scaling']",valid
d0738e49-ea33-476a-ab9a-8996623d3be8,Roboflow,C:\Users\ESSAKKI RAJA T  EV\OneDrive\Desktop\DB PAWPHILE\Dog Skin Disease Dataset.v2i.folder\valid\bacterial dermatosis\bacterial_415_jpg.rf.f92575664a296f186d6ac743cc395d4e.jpg,1091,5c544947-83f9-45d1-9b0f-38fc6b24c1a2,bacterial dermatosis,bacterial dermatosis,"[""erythema"", ""pustule"", ""crust""]",disease-level (provisional),research-only,unsupported,valid,skin,unknown,C,,1.0,0.0,1.0,0.0,0.0,0.0,1.0,0.0,"['erythema', 'pustule', 'crust']",valid
f1519d28-68fb-4f48-a9e9-66da89d3b6de,Roboflow,C:\Users\ESSAKKI RAJA T  EV\OneDrive\Desktop\DB PAWPHILE\Dog Skin Disease Dataset.v2i.folder\valid\fungal infection\fungal_390_jpg.rf.3d7c03b66ab2cb4f7514df55eb5b9bb5.jpg,264,5a67ac7d-500f-43a4-87ff-33d9cbea47b2,fungal infection,fungal infection,"[""alopecia"", ""scaling""]",disease-level (provisional),research-only,unsupported,valid,skin,unknown,C,,0.0,1.0,0.0,1.0,0.0,0.0,0.0,0.0,"['alopecia', 'scaling']",valid
41a6d85b-9e3b-4fa4-ac22-96ef9c732bed,Kaggle,C:\Users\ESSAKKI RAJA T  EV\OneDrive\Desktop\DB PAWPHILE\archive\train\Fungal_infections\FUNGAL-INFECTION_024_jpg.rf.08bc64d12a96f961d9549970c744e3a5.jpg,1633,07c8d7a8-65fd-4061-8b93-8788931447fa,Fungal_infections,fungal infection,"[""alopecia"", ""scaling""]",disease-level (provisional),research-only,unsupported,train,skin,unknown,C,,0.0,1.0,0.0,1.0,0.0,0.0,0.0,0.0,"['alopecia', 'scaling']",valid
50a3d61b-ea8e-4344-a289-5dd8473639ca,Roboflow,C:\Users\ESSAKKI RAJA T  EV\OneDrive\Desktop\DB PAWPHILE\Dog Skin Disease Dataset.v2i.folder\train\bacterial dermatosis\bacterial20_jpg.rf.64903469c9dc67ebb22ec155d0c2fcd6.jpg,558,e8dde1cb-19a9-4fe2-a0a9-cba4c070df54,bacterial dermatosis,bacterial dermatosis,"[""erythema"", ""pustule"", ""crust""]",disease-level (provisional),research-only,unsupported,train,skin,unknown,C,,1.0,0.0,1.0,0.0,0.0,0.0,1.0,0.0,"['erythema', 'pustule', 'crust']",valid
aae6a793-2fae-46c4-930a-df2f726971af,Roboflow,C:\Users\ESSAKKI RAJA T  EV\OneDrive\Desktop\DB PAWPHILE\Dog Skin Disease Dataset.v2i.folder\valid\fungal infection\fungal_289_jpg.rf.a8ee18dd4ad3999c92e667b1a45cb749.jpg,117,f236b341-60c8-47b4-8128-8c31a5681a79,fungal infection,fungal infection,"[""alopecia"", ""scaling""]",disease-level (provisional),research-only,unsupported,valid,skin,unknown,C,,0.0,1.0,0.0,1.0,0.0,0.0,0.0,0.0,"['alopecia', 'scaling']",valid
0197658b-3711-4983-b067-46b9da5ccfff,Kaggle,C:\Users\ESSAKKI RAJA T  EV\OneDrive\Desktop\DB PAWPHILE\archive\valid\demodicosis\1-5-_jpg.rf.83fcb30fbd111ae6eedc5ff289a018dc.jpg,981,dcc9088d-9c7c-4e54-af58-a7a8d40b13f0,demodicosis,demodicosis,"[""alopecia"", ""erythema"", ""crust""]",disease-level (provisional),research-only,unsupported,valid,skin,unknown,C,,1.0,1.0,1.0,0.0,0.0,0.0,0.0,0.0,"['alopecia', 'erythema', 'crust']",valid
d813fd86-e42a-4c2b-9031-20f257e09265,Roboflow,C:\Users\ESSAKKI RAJA T  EV\OneDrive\Desktop\DB PAWPHILE\Dog Skin Disease Dataset.v2i.folder\test\fungal infection\fungal_inf_43_jpg.rf.3b832af8ce89e22ea3dd7fc617a87a82.jpg,240,02a11500-62ba-47d4-b522-acb8fa760510,fungal infection,fungal infection,"[""alopecia"", ""scaling""]",disease-level (provisional),research-only,unsupported,test,skin,unknown,C,,0.0,1.0,0.0,1.0,0.0,0.0,0.0,0.0,"['alopecia', 'scaling']",valid
52775241-784b-4f3f-b86c-c6f6bba932b0,Kaggle,C:\Users\ESSAKKI RAJA T  EV\OneDrive\Desktop\DB PAWPHILE\archive\valid\Dermatitis\1000011977_x4_jpg.rf.a6d40d6686eed00f41b70ab7638a239c.jpg,1753,72b17792-7893-4706-bdef-dbce5df8e9ab,Dermatitis,nonspecific dermatitis,"[""erythema"", ""scaling""]",disease-level (provisional),research-only,unsupported,valid,skin,unknown,C,,1.0,0.0,0.0,1.0,0.0,0.0,0.0,0.0,"['erythema', 'scaling']",valid
d1214d2d-0c13-4775-88fc-7684780faf83,Roboflow,C:\Users\ESSAKKI RAJA T  EV\OneDrive\Desktop\DB PAWPHILE\Dog Skin Disease Dataset.v2i.folder\train\fungal infection\fungal_397_jpg.rf.862659df77c21d7aa40e84bf1d3bf50b.jpg,633,c76250dd-df42-4056-a3b9-0a5cfc4e33c5,fungal infection,fungal infection,"[""alopecia"", ""scaling""]",disease-level (provisional),research-only,unsupported,train,skin,unknown,C,,0.0,1.0,0.0,1.0,0.0,0.0,0.0,0.0,"['alopecia', 'scaling']",valid
f9baeae7-bd7d-4015-8b26-b2339a459038,Roboflow,C:\Users\ESSAKKI RAJA T  EV\OneDrive\Desktop\DB PAWPHILE\Dog Skin Disease Dataset.v2i.folder\train\bacterial dermatosis\bacterial_derm_37_jpg.rf.54f7a37cba6573b3c4e1d087893c20d1.jpg,1419,8ce1ba48-48cb-42a3-95a6-e2fffef16e62,bacterial dermatosis,bacterial dermatosis,"[""erythema"", ""pustule"", ""crust""]",disease-level (provisional),research-only,unsupported,train,skin,unknown,C,,1.0,0.0,1.0,0.0,0.0,0.0,1.0,0.0,"['erythema', 'pustule', 'crust']",valid
4f037491-8452-4580-badd-d3ee8c8d6aa4,Kaggle,C:\Users\ESSAKKI RAJA T  EV\OneDrive\Desktop\DB PAWPHILE\archive\valid\demodicosis\IMG_5175_jpeg_jpg.rf.9875fd501aa5bff17808ad0a6f6ded33.jpg,1769,b0511334-587f-44b6-92f0-d6ca8a25167b,demodicosis,demodicosis,"[""alopecia"", ""erythema"", ""crust""]",disease-level (provisional),research-only,unsupported,valid,skin,unknown,C,,1.0,1.0,1.0,0.0,0.0,0.0,0.0,0.0,"['alopecia', 'erythema', 'crust']",valid
a8e33441-2c8a-401b-9ef8-ea92a0508a46,Kaggle,C:\Users\ESSAKKI RAJA T  EV\OneDrive\Desktop\DB PAWPHILE\archive\test\demodicosis\1-10-_jpg.rf.4cd37faa7c4842dc84c636c58d61b72d.jpg,1168,25653dce-9936-4c33-9ac4-8c76919b1335,demodicosis,demodicosis,"[""alopecia"", ""erythema"", ""crust""]",disease-level (provisional),research-only,unsupported,test,skin,unknown,C,,1.0,1.0,1.0,0.0,0.0,0.0,0.0,0.0,"['alopecia', 'erythema', 'crust']",valid
018b067d-7d23-4021-87a0-7ebbdd2d0c7d,Roboflow,C:\Users\ESSAKKI RAJA T  EV\OneDrive\Desktop\DB PAWPHILE\Dog Skin Disease Dataset.v2i.folder\test\fungal infection\fungal_193_jpg.rf.0e877291f61995cb2855810ebd37da30.jpg,915,0ffb6847-1158-41ba-a65d-79bc10606620,fungal infection,fungal infection,"[""alopecia"", ""scaling""]",disease-level (provisional),research-only,unsupported,test,skin,unknown,C,,0.0,1.0,0.0,1.0,0.0,0.0,0.0,0.0,"['alopecia', 'scaling']",valid
5cca12ae-13ea-4822-966a-51b8ec2e54dd,Roboflow,C:\Users\ESSAKKI RAJA T  EV\OneDrive\Desktop\DB PAWPHILE\Dog Skin Disease Dataset.v2i.folder\test\healthy\healthy_422_jpg.rf.9f6b8b99d13d40ee77fa9fc687cc0099.jpg,563,289bdcac-7a67-44d2-8c92-7c18f5d79000,healthy,healthy,[],disease-level (provisional),research-only,unsupported,test,skin,unknown,C,,0.0,0.0,0.0,0.0,0.0,0.0,0.0,0.0,[],valid
fa3937aa-21cf-42b8-8f89-b1e0ee256d51,Kaggle,C:\Users\ESSAKKI RAJA T  EV\OneDrive\Desktop\DB PAWPHILE\archive\train\Dermatitis\HOT-SPOT-IN-DOG-HOW-vet-treated-symptom-prevention_-flea-bite-moist-eczema_dog-itching-000362_png_jpg.rf.8ba0ff012431daee01aba555490233bc.jpg,1530,569b7fc1-a677-4ea8-a18a-8ba5bf5ba6c5,Dermatitis,nonspecific dermatitis,"[""erythema"", ""scaling""]",disease-level (provisional),research-only,unsupported,train,skin,unknown,C,,1.0,0.0,0.0,1.0,0.0,0.0,0.0,0.0,"['erythema', 'scaling']",valid
510032f9-4cfe-4675-9260-c919969d8ab3,Kaggle,C:\Users\ESSAKKI RAJA T  EV\OneDrive\Desktop\DB PAWPHILE\archive\train\demodicosis\2024-05-13-165349_jpg.rf.8b1f38e8ab036fcc7308fd3a1de21af7.jpg,1889,e7c0ffeb-9866-4738-a46a-53344f373438,demodicosis,demodicosis,"[""alopecia"", ""erythema"", ""crust""]",disease-level (provisional),research-only,unsupported,train,skin,unknown,C,,1.0,1.0,1.0,0.0,0.0,0.0,0.0,0.0,"['alopecia', 'erythema', 'crust']",valid
bd0595b7-b626-4c32-8924-7bf6c81a0e88,Kaggle,C:\Users\ESSAKKI RAJA T  EV\OneDrive\Desktop\DB PAWPHILE\archive\valid\demodicosis\scabies_97_png_jpg.rf.7647492b23040c9f0348b38d180dda42.jpg,758,28001361-f268-4824-a89f-94eff531f5cc,demodicosis,demodicosis,"[""alopecia"", ""erythema"", ""crust""]",disease-level (provisional),research-only,unsupported,valid,skin,unknown,C,,1.0,1.0,1.0,0.0,0.0,0.0,0.0,0.0,"['alopecia', 'erythema', 'crust']",valid
9364d6d9-77ef-4b52-9d13-96e890efe9ff,Roboflow,C:\Users\ESSAKKI RAJA T  EV\OneDrive\Desktop\DB PAWPHILE\Dog Skin Disease Dataset.v2i.folder\test\bacterial dermatosis\bacterial_derm_28_jpg.rf.47234d06f487767b3ce665171af5553f.jpg,1051,16bcdb54-5971-4d40-a1a1-fd6111101fd1,bacterial dermatosis,bacterial dermatosis,"[""erythema"", ""pustule"", ""crust""]",disease-level (provisional),research-only,unsupported,test,skin,unknown,C,,1.0,0.0,1.0,0.0,0.0,0.0,1.0,0.0,"['erythema', 'pustule', 'crust']",valid
6a54dc96-b348-48b6-ac3d-2ad694d75c9f,Roboflow,C:\Users\ESSAKKI RAJA T  EV\OneDrive\Desktop\DB PAWPHILE\Dog Skin Disease Dataset.v2i.folder\train\fungal infection\fungal_14_jpg.rf.b7bb65d7ae24c0d8e91ed764480b672e.jpg,1696,30d01d55-dabd-4a46-9d6c-7c1a39422bfc,fungal infection,fungal infection,"[""alopecia"", ""scaling""]",disease-level (provisional),research-only,unsupported,train,skin,unknown,C,,0.0,1.0,0.0,1.0,0.0,0.0,0.0,0.0,"['alopecia', 'scaling']",valid
f5720b81-86f6-4af5-afed-286c05a919ff,Kaggle,C:\Users\ESSAKKI RAJA T  EV\OneDrive\Desktop\DB PAWPHILE\archive\test\Healthy\HEALTHY_030_jpg.rf.8a6d1349a5957995ab9b60f9af4a3036.jpg,825,910db037-17d3-4312-a317-d9077cfe91fa,Healthy,healthy,[],disease-level (provisional),research-only,unsupported,test,skin,unknown,C,,0.0,0.0,0.0,0.0,0.0,0.0,0.0,0.0,[],valid
ea3fe921-58c6-4753-ac55-2384338b6da8,Roboflow,C:\Users\ESSAKKI RAJA T  EV\OneDrive\Desktop\DB PAWPHILE\Dog Skin Disease Dataset.v2i.folder\valid\healthy\healthy_128_jpg.rf.c8f51cf76a879dddf5b6d61caca67048.jpg,683,de247bc5-0bcf-4896-91b1-248849795afb,healthy,healthy,[],disease-level (provisional),research-only,unsupported,valid,skin,unknown,C,,0.0,0.0,0.0,0.0,0.0,0.0,0.0,0.0,[],valid
bc737ba4-4c20-4b4d-abe9-7df1da5eb087,Kaggle,C:\Users\ESSAKKI RAJA T  EV\OneDrive\Desktop\DB PAWPHILE\archive\train\Hypersensitivity\B9781416056638000070_f007-039-9781416056638_jpg.rf.3b1867ab2026f28f140032b37218692e.jpg,1481,515cd053-6a93-46aa-8a6e-b6bf91c866ae,Hypersensitivity,hypersensitivity / allergic dermatitis,"[""erythema"", ""lichenification""]",disease-level (provisional),research-only,unsupported,train,skin,unknown,C,,1.0,0.0,0.0,0.0,0.0,0.0,0.0,1.0,"['erythema', 'lichenification']",valid
216990ee-ecee-4d3e-835f-af5d2d47de9e,Roboflow,C:\Users\ESSAKKI RAJA T  EV\OneDrive\Desktop\DB PAWPHILE\Dog Skin Disease Dataset.v2i.folder\train\healthy\healthy_198_jpg.rf.14e6ed6676027341ef723f16e289fdca.jpg,1264,3e557a01-0641-43a8-8034-a148ce677170,healthy,healthy,[],disease-level (provisional),research-only,unsupported,train,skin,unknown,C,,0.0,0.0,0.0,0.0,0.0,0.0,0.0,0.0,[],valid
e46d4d6f-1768-4394-b7aa-6edb6e05d937,Roboflow,C:\Users\ESSAKKI RAJA T  EV\OneDrive\Desktop\DB PAWPHILE\Dog Skin Disease Dataset.v2i.folder\valid\bacterial dermatosis\bacterial_13_jpg.rf.93d3bd1b5a0c787da83fc782e9da5095.jpg,523,cc96b175-05a5-4b42-bcee-d3247ef8d2d5,bacterial dermatosis,bacterial dermatosis,"[""erythema"", ""pustule"", ""crust""]",disease-level (provisional),research-only,unsupported,valid,skin,unknown,C,,1.0,0.0,1.0,0.0,0.0,0.0,1.0,0.0,"['erythema', 'pustule', 'crust']",valid
ea62af74-4818-44c0-b965-ad1127bc2754,Kaggle,C:\Users\ESSAKKI RAJA T  EV\OneDrive\Desktop\DB PAWPHILE\archive\test\Fungal_infections\FUNGAL-INFECTION_043_jpg.rf.a382c56a17f378c0952eb69482ff6846.jpg,1353,86121b11-c1d1-4142-982c-a3e4ad9ea77c,Fungal_infections,fungal infection,"[""alopecia"", ""scaling""]",disease-level (provisional),research-only,unsupported,test,skin,unknown,C,,0.0,1.0,0.0,1.0,0.0,0.0,0.0,0.0,"['alopecia', 'scaling']",valid
b1f97323-13a2-477d-9769-d69784b155e3,Kaggle,C:\Users\ESSAKKI RAJA T  EV\OneDrive\Desktop\DB PAWPHILE\archive\train\Healthy\Image_9_jpg.rf.14564051eed6e6ddfbadb02edf8825b8.jpg,137,0aa4f6aa-42ad-4469-becc-42c1e554262e,Healthy,healthy,[],disease-level (provisional),research-only,unsupported,train,skin,unknown,C,,0.0,0.0,0.0,0.0,0.0,0.0,0.0,0.0,[],valid
1be5e963-0daa-4479-88d0-275525902db0,Roboflow,C:\Users\ESSAKKI RAJA T  EV\OneDrive\Desktop\DB PAWPHILE\Dog Skin Disease Dataset.v2i.folder\train\healthy\healthy_409_jpg.rf.ce1621f7db91170eab344fbb5732e973.jpg,847,39a8a0ae-25b5-4998-8607-f56868be4c23,healthy,healthy,[],disease-level (provisional),research-only,unsupported,train,skin,unknown,C,,0.0,0.0,0.0,0.0,0.0,0.0,0.0,0.0,[],valid
6bab858f-20f2-4870-91c6-b885dd08ba3e,Kaggle,C:\Users\ESSAKKI RAJA T  EV\OneDrive\Desktop\DB PAWPHILE\archive\valid\ringworm\F6C9DE00-6537-4BBA-9190-139E3276427E_jpeg_jpg.rf.784175526788494bbff056c95e8c255b.jpg,1704,276db898-3a4a-4a5c-a8de-3825cfabc70f,ringworm,fungal infection,"[""alopecia"", ""scaling""]",disease-level (provisional),research-only,unsupported,valid,skin,unknown,C,,0.0,1.0,0.0,1.0,0.0,0.0,0.0,0.0,"['alopecia', 'scaling']",valid
39688d33-133a-4830-b88c-7a9d097cf18a,Kaggle,C:\Users\ESSAKKI RAJA T  EV\OneDrive\Desktop\DB PAWPHILE\archive\test\Healthy\HEALTHY_012_jpg.rf.869fe4f78f2e421a6642639f06174e4c.jpg,692,6f4f48f5-cc95-489f-9b75-daf17ebb9e61,Healthy,healthy,[],disease-level (provisional),research-only,unsupported,test,skin,unknown,C,,0.0,0.0,0.0,0.0,0.0,0.0,0.0,0.0,[],valid
af43b73a-9af4-423c-b795-2235995f07fb,Kaggle,C:\Users\ESSAKKI RAJA T  EV\OneDrive\Desktop\DB PAWPHILE\archive\train\Fungal_infections\FUNGAL-INFECTION_019_jpg.rf.501293e66493e8cdb69813925331e306.jpg,1397,ac713afa-fe15-4f10-ad88-d61e14ccd281,Fungal_infections,fungal infection,"[""alopecia"", ""scaling""]",disease-level (provisional),research-only,unsupported,train,skin,unknown,C,,0.0,1.0,0.0,1.0,0.0,0.0,0.0,0.0,"['alopecia', 'scaling']",valid
9389a8f6-269d-4b6d-9c67-bb6243faff1e,Kaggle,C:\Users\ESSAKKI RAJA T  EV\OneDrive\Desktop\DB PAWPHILE\archive\valid\Dermatitis\OIP-8-_x16_jpg.rf.a15f1d835cc036ecbc661788132c3a54.jpg,1351,2e9ec967-f929-4096-bf05-f560cb8fdc90,Dermatitis,nonspecific dermatitis,"[""erythema"", ""scaling""]",disease-level (provisional),research-only,unsupported,valid,skin,unknown,C,,1.0,0.0,0.0,1.0,0.0,0.0,0.0,0.0,"['erythema', 'scaling']",valid
5b77dedc-cf15-41a4-861b-25dc387c3cb1,Kaggle,C:\Users\ESSAKKI RAJA T  EV\OneDrive\Desktop\DB PAWPHILE\archive\test\Healthy\075_jpg.rf.f10d5301e05f89372e15d834b4ed7cee.jpg,951,edb0b5c6-eed3-4db2-989b-5b3cb9ca9175,Healthy,healthy,[],disease-level (provisional),research-only,unsupported,test,skin,unknown,C,,0.0,0.0,0.0,0.0,0.0,0.0,0.0,0.0,[],valid
ed7f7ef9-86fb-4ea5-98ac-fa0eefc9e077,Kaggle,C:\Users\ESSAKKI RAJA T  EV\OneDrive\Desktop\DB PAWPHILE\archive\test\ringworm\ringworm-104-_jpg.rf.7a1d04dc6275bad316f6bf7b8e752c8c.jpg,1259,90041bcf-de03-41e3-93ce-d52512958c45,ringworm,fungal infection,"[""alopecia"", ""scaling""]",disease-level (provisional),research-only,unsupported,test,skin,unknown,C,,0.0,1.0,0.0,1.0,0.0,0.0,0.0,0.0,"['alopecia', 'scaling']",valid
dc55e0d9-876d-41c9-a73c-b0b716b0432b,Kaggle,C:\Users\ESSAKKI RAJA T  EV\OneDrive\Desktop\DB PAWPHILE\archive\test\Dermatitis\877_jpg.rf.e04f2fe5c13461b3f14c50777c96fefe.jpg,336,27ee1a34-c1e0-4105-9289-bf855eafe416,Dermatitis,nonspecific dermatitis,"[""erythema"", ""scaling""]",disease-level (provisional),research-only,unsupported,test,skin,unknown,C,,1.0,0.0,0.0,1.0,0.0,0.0,0.0,0.0,"['erythema', 'scaling']",valid
bf26cd5c-317a-4ab8-9f3d-3914afe1450a,Roboflow,C:\Users\ESSAKKI RAJA T  EV\OneDrive\Desktop\DB PAWPHILE\Dog Skin Disease Dataset.v2i.folder\train\bacterial dermatosis\bacterial_149_jpg.rf.4097e8a4a7f52a06b9ad90f7e9133833.jpg,1017,4690d739-c6d7-460b-83ac-94618eb9e98a,bacterial dermatosis,bacterial dermatosis,"[""erythema"", ""pustule"", ""crust""]",disease-level (provisional),research-only,unsupported,train,skin,unknown,C,,1.0,0.0,1.0,0.0,0.0,0.0,1.0,0.0,"['erythema', 'pustule', 'crust']",valid
85907c17-7d4f-4411-9c4a-10714a06e959,Kaggle,C:\Users\ESSAKKI RAJA T  EV\OneDrive\Desktop\DB PAWPHILE\archive\valid\Fungal_infections\Fungal_Image_1_jpg.rf.0ee24dfb0992932e416615774aeb2369.jpg,1011,ed9ae4bf-110b-4060-9ebe-622e96787ecb,Fungal_infections,fungal infection,"[""alopecia"", ""scaling""]",disease-level (provisional),research-only,unsupported,valid,skin,unknown,C,,0.0,1.0,0.0,1.0,0.0,0.0,0.0,0.0,"['alopecia', 'scaling']",valid
0fe68faf-7130-4466-abe8-d1d233c9e310,Roboflow,C:\Users\ESSAKKI RAJA T  EV\OneDrive\Desktop\DB PAWPHILE\Dog Skin Disease Dataset.v2i.folder\test\bacterial dermatosis\bacterial21_jpg.rf.a8bf335b0d074c8ee722db37c48c0572.jpg,1112,5fd9f35a-8566-4aaa-9be1-ccf69321ca8f,bacterial dermatosis,bacterial dermatosis,"[""erythema"", ""pustule"", ""crust""]",disease-level (provisional),research-only,unsupported,test,skin,unknown,C,,1.0,0.0,1.0,0.0,0.0,0.0,1.0,0.0,"['erythema', 'pustule', 'crust']",valid
fd5708ed-6d97-46be-9f59-a0d5d9883b1d,Roboflow,C:\Users\ESSAKKI RAJA T  EV\OneDrive\Desktop\DB PAWPHILE\Dog Skin Disease Dataset.v2i.folder\train\bacterial dermatosis\bacterial_353_jpg.rf.2827c4e6113caef21c2d908160b29502.jpg,1950,31aa9273-05a9-4396-8eed-f653388a6e8f,bacterial dermatosis,bacterial dermatosis,"[""erythema"", ""pustule"", ""crust""]",disease-level (provisional),research-only,unsupported,train,skin,unknown,C,,1.0,0.0,1.0,0.0,0.0,0.0,1.0,0.0,"['erythema', 'pustule', 'crust']",valid
66c73ec9-92d5-4bde-8a0d-ee0ebfafa640,Roboflow,C:\Users\ESSAKKI RAJA T  EV\OneDrive\Desktop\DB PAWPHILE\Dog Skin Disease Dataset.v2i.folder\train\bacterial dermatosis\bacterial_297_jpg.rf.d4b24024dbba49d975f09f49dfdf413c.jpg,238,9b23d4ff-d433-4031-95da-e9ff927928b2,bacterial dermatosis,bacterial dermatosis,"[""erythema"", ""pustule"", ""crust""]",disease-level (provisional),research-only,unsupported,train,skin,unknown,C,,1.0,0.0,1.0,0.0,0.0,0.0,1.0,0.0,"['erythema', 'pustule', 'crust']",valid
d9fc6762-8968-4e47-baad-f8216e0b8ca4,Kaggle,C:\Users\ESSAKKI RAJA T  EV\OneDrive\Desktop\DB PAWPHILE\archive\test\Dermatitis\1000010761_x4_jpg.rf.ae6b60e043c4de83189d7664f69ba183.jpg,1532,0f5bfa4b-df23-4a30-9ca0-0327403b762d,Dermatitis,nonspecific dermatitis,"[""erythema"", ""scaling""]",disease-level (provisional),research-only,unsupported,test,skin,unknown,C,,1.0,0.0,0.0,1.0,0.0,0.0,0.0,0.0,"['erythema', 'scaling']",valid
18659138-b094-4a02-8f6c-5f4062385f21,Kaggle,C:\Users\ESSAKKI RAJA T  EV\OneDrive\Desktop\DB PAWPHILE\archive\test\demodicosis\2024-05-13-164346_4_jpg.rf.1c453d11932af1de8e29cfc39fe63799.jpg,1428,d23646b7-8253-42b3-ad90-357382b97114,demodicosis,demodicosis,"[""alopecia"", ""erythema"", ""crust""]",disease-level (provisional),research-only,unsupported,test,skin,unknown,C,,1.0,1.0,1.0,0.0,0.0,0.0,0.0,0.0,"['alopecia', 'erythema', 'crust']",valid
7dba073e-82d9-40d1-8afc-ac681f38a1bf,Roboflow,C:\Users\ESSAKKI RAJA T  EV\OneDrive\Desktop\DB PAWPHILE\Dog Skin Disease Dataset.v2i.folder\valid\bacterial dermatosis\bacterial_275_jpg.rf.c222d31647bfb51a53bcb9a3689132e4.jpg,930,895f26e5-9938-4a2d-bf0f-c2afe605602a,bacterial dermatosis,bacterial dermatosis,"[""erythema"", ""pustule"", ""crust""]",disease-level (provisional),research-only,unsupported,valid,skin,unknown,C,,1.0,0.0,1.0,0.0,0.0,0.0,1.0,0.0,"['erythema', 'pustule', 'crust']",valid
e16f34c0-a08d-441f-9395-d6aeb4027c75,Kaggle,C:\Users\ESSAKKI RAJA T  EV\OneDrive\Desktop\DB PAWPHILE\archive\train\Dermatitis\HOT-SPOT-IN-DOG-HOW-vet-treated-symptom-prevention_-flea-bite-moist-eczema_dog-itching-000360_png_jpg.rf.ac384f1958e0ba38f0f1d7af3e3b7a68.jpg,1856,27d07ad2-7d6d-4821-a152-3c97d95a83d6,Dermatitis,nonspecific dermatitis,"[""erythema"", ""scaling""]",disease-level (provisional),research-only,unsupported,train,skin,unknown,C,,1.0,0.0,0.0,1.0,0.0,0.0,0.0,0.0,"['erythema', 'scaling']",test
be1433df-48c7-4b7c-bb62-dd4de3327a44,Kaggle,C:\Users\ESSAKKI RAJA T  EV\OneDrive\Desktop\DB PAWPHILE\archive\train\Dermatitis\red-circle-ri-1mo-450_jpg.rf.b6d1313d8a655e6c296f9c9d06981c6e.jpg,1655,0e192749-f767-4022-a5e2-cdda48f8a629,Dermatitis,nonspecific dermatitis,"[""erythema"", ""scaling""]",disease-level (provisional),research-only,unsupported,train,skin,unknown,C,,1.0,0.0,0.0,1.0,0.0,0.0,0.0,0.0,"['erythema', 'scaling']",test
ab3daf86-2ff6-4445-8f36-462167777b3e,Roboflow,C:\Users\ESSAKKI RAJA T  EV\OneDrive\Desktop\DB PAWPHILE\Dog Skin Disease Dataset.v2i.folder\train\hypersensitivity dermatitis\hypersensitivity_89_jpg.rf.0835074a2574bbdf3df3f53f477ae0b3.jpg,245,71d80415-c6a0-4150-80a6-69ea18179665,hypersensitivity dermatitis,hypersensitivity / allergic dermatitis,"[""erythema"", ""lichenification""]",disease-level (provisional),research-only,unsupported,train,skin,unknown,C,,1.0,0.0,0.0,0.0,0.0,0.0,0.0,1.0,"['erythema', 'lichenification']",test
65687ba4-2a8d-4523-a9b4-009cc06b283c,Kaggle,C:\Users\ESSAKKI RAJA T  EV\OneDrive\Desktop\DB PAWPHILE\archive\test\demodicosis\scabies_132_png_jpg.rf.124aeed1a5834bd034efb2127124e62d.jpg,1072,647cb1bf-5628-4e66-8704-cb9a4b38b435,demodicosis,demodicosis,"[""alopecia"", ""erythema"", ""crust""]",disease-level (provisional),research-only,unsupported,test,skin,unknown,C,,1.0,1.0,1.0,0.0,0.0,0.0,0.0,0.0,"['alopecia', 'erythema', 'crust']",test
cf3f7841-e94f-44ab-bb25-6bdae4cda75b,Kaggle,C:\Users\ESSAKKI RAJA T  EV\OneDrive\Desktop\DB PAWPHILE\archive\train\demodicosis\2024-05-13-162850_jpg.rf.2d840334f00f141b367adaf23638b0c5.jpg,1800,8b4b4590-eb8e-41cc-9028-7e68d2c5d22a,demodicosis,demodicosis,"[""alopecia"", ""erythema"", ""crust""]",disease-level (provisional),research-only,unsupported,train,skin,unknown,C,,1.0,1.0,1.0,0.0,0.0,0.0,0.0,0.0,"['alopecia', 'erythema', 'crust']",test
35237ebe-13a0-458a-a63d-ef024435220d,Roboflow,C:\Users\ESSAKKI RAJA T  EV\OneDrive\Desktop\DB PAWPHILE\Dog Skin Disease Dataset.v2i.folder\train\fungal infection\fungal_1_jpg.rf.f6b3295e3f5f6b759aa83777778a1fba.jpg,1708,60d108ad-59b2-4e78-9631-7f6cb85da329,fungal infection,fungal infection,"[""alopecia"", ""scaling""]",disease-level (provisional),research-only,unsupported,train,skin,unknown,C,,0.0,1.0,0.0,1.0,0.0,0.0,0.0,0.0,"['alopecia', 'scaling']",test
2e5ca703-cab2-4de2-8c48-3df89a36c0e5,Roboflow,C:\Users\ESSAKKI RAJA T  EV\OneDrive\Desktop\DB PAWPHILE\Dog Skin Disease Dataset.v2i.folder\train\healthy\healthy_69_jpg.rf.615daf5ea0e749a3955a729927903ff4.jpg,1910,7c416d14-e175-4f85-a3bd-12550146b2d5,healthy,healthy,[],disease-level (provisional),research-only,unsupported,train,skin,unknown,C,,0.0,0.0,0.0,0.0,0.0,0.0,0.0,0.0,[],test
bed68147-0f7e-4bd3-8a58-a021e3a349dc,Kaggle,C:\Users\ESSAKKI RAJA T  EV\OneDrive\Desktop\DB PAWPHILE\archive\valid\Fungal_infections\pic28_jpg.rf.c8f59dba80afa429d32cd5b99347cc08.jpg,280,d42bcf52-e843-41cc-84dc-9494c7641c84,Fungal_infections,fungal infection,"[""alopecia"", ""scaling""]",disease-level (provisional),research-only,unsupported,valid,skin,unknown,C,,0.0,1.0,0.0,1.0,0.0,0.0,0.0,0.0,"['alopecia', 'scaling']",test
db591188-cf58-459e-bb88-68c501406341,Roboflow,C:\Users\ESSAKKI RAJA T  EV\OneDrive\Desktop\DB PAWPHILE\Dog Skin Disease Dataset.v2i.folder\test\bacterial dermatosis\bacterial_216_jpg.rf.d26ad05f3e8584cb45a3796db904d3ff.jpg,504,65b42f21-d35a-42ba-bfcf-2934a142f7ae,bacterial dermatosis,bacterial dermatosis,"[""erythema"", ""pustule"", ""crust""]",disease-level (provisional),research-only,unsupported,test,skin,unknown,C,,1.0,0.0,1.0,0.0,0.0,0.0,1.0,0.0,"['erythema', 'pustule', 'crust']",test
b8e381bd-3256-4496-b737-c9a883ad26b4,Roboflow,C:\Users\ESSAKKI RAJA T  EV\OneDrive\Desktop\DB PAWPHILE\Dog Skin Disease Dataset.v2i.folder\valid\healthy\healthy_84_jpg.rf.09280143b4016bd9cb1f70d191248167.jpg,1248,a6fa24ec-8d5d-487d-99e5-3fed1d8d5a85,healthy,healthy,[],disease-level (provisional),research-only,unsupported,valid,skin,unknown,C,,0.0,0.0,0.0,0.0,0.0,0.0,0.0,0.0,[],test
01618103-4a76-4eea-8cab-2ada3d29e3e4,Kaggle,C:\Users\ESSAKKI RAJA T  EV\OneDrive\Desktop\DB PAWPHILE\archive\valid\Healthy\088_jpg.rf.1394268b2f116ca9ad8e63a2788fd154.jpg,795,d5240daa-7f5d-4059-b52f-cb90d3bd23d1,Healthy,healthy,[],disease-level (provisional),research-only,unsupported,valid,skin,unknown,C,,0.0,0.0,0.0,0.0,0.0,0.0,0.0,0.0,[],test
443bc7ca-a44b-4995-a725-eccaf95c0629,Roboflow,C:\Users\ESSAKKI RAJA T  EV\OneDrive\Desktop\DB PAWPHILE\Dog Skin Disease Dataset.v2i.folder\valid\healthy\healthy_337_jpg.rf.aa3e5451439ad1c3c4bc62e75fff1e2a.jpg,183,55c80e22-f03b-48d7-846c-b6e16eb9ce4b,healthy,healthy,[],disease-level (provisional),research-only,unsupported,valid,skin,unknown,C,,0.0,0.0,0.0,0.0,0.0,0.0,0.0,0.0,[],test
13266024-26d3-430e-b929-bd90065f48e5,Roboflow,C:\Users\ESSAKKI RAJA T  EV\OneDrive\Desktop\DB PAWPHILE\Dog Skin Disease Dataset.v2i.folder\valid\healthy\healthy_train_40_jpg.rf.cdd6a05fe6a26b59c8290f912fcf8785.jpg,662,307b07a0-0058-4ae3-a811-3846dcc3252b,healthy,healthy,[],disease-level (provisional),research-only,unsupported,valid,skin,unknown,C,,0.0,0.0,0.0,0.0,0.0,0.0,0.0,0.0,[],test
0a2cda03-ce3d-48fd-86b0-ed1a4c7901d8,Kaggle,C:\Users\ESSAKKI RAJA T  EV\OneDrive\Desktop\DB PAWPHILE\archive\valid\Dermatitis\May-is-allergy-awareness-month-here-at-The-Shot-Spot_00688_jpg.rf.1b3b116aa125b0643850323ba517d1ad.jpg,1162,bcb44d3d-d79b-4cbb-9623-9003d0bd4def,Dermatitis,nonspecific dermatitis,"[""erythema"", ""scaling""]",disease-level (provisional),research-only,unsupported,valid,skin,unknown,C,,1.0,0.0,0.0,1.0,0.0,0.0,0.0,0.0,"['erythema', 'scaling']",test
155bf632-37c1-47f4-b7f2-6f10d5949447,Kaggle,C:\Users\ESSAKKI RAJA T  EV\OneDrive\Desktop\DB PAWPHILE\archive\valid\Healthy\Image_1_jpg.rf.8f39858cc077ae4c7f5ea8d8cf681d53.jpg,832,24b7b8c9-3af2-4ff2-950e-3f8de6f1ff36,Healthy,healthy,[],disease-level (provisional),research-only,unsupported,valid,skin,unknown,C,,0.0,0.0,0.0,0.0,0.0,0.0,0.0,0.0,[],test
f2913131-6377-491e-86e5-4768ad5a1667,Roboflow,C:\Users\ESSAKKI RAJA T  EV\OneDrive\Desktop\DB PAWPHILE\Dog Skin Disease Dataset.v2i.folder\train\bacterial dermatosis\bacterial_212_jpg.rf.310b03c4b6baf898b080a1972a1e7a12.jpg,226,463ba8bc-3c42-4433-bfc0-a1fd73cf56b7,bacterial dermatosis,bacterial dermatosis,"[""erythema"", ""pustule"", ""crust""]",disease-level (provisional),research-only,unsupported,train,skin,unknown,C,,1.0,0.0,1.0,0.0,0.0,0.0,1.0,0.0,"['erythema', 'pustule', 'crust']",test
6b081065-09ea-4221-9d94-f3f988c3bcc3,Roboflow,C:\Users\ESSAKKI RAJA T  EV\OneDrive\Desktop\DB PAWPHILE\Dog Skin Disease Dataset.v2i.folder\train\fungal infection\fungal_239_jpg.rf.c948089efccda246c2335f3ef1374ec0.jpg,1562,6eb30cfb-8026-4389-b1bd-a556657659a7,fungal infection,fungal infection,"[""alopecia"", ""scaling""]",disease-level (provisional),research-only,unsupported,train,skin,unknown,C,,0.0,1.0,0.0,1.0,0.0,0.0,0.0,0.0,"['alopecia', 'scaling']",test
f0d6cc5e-4512-41e6-a62e-b09bcd765f93,Roboflow,C:\Users\ESSAKKI RAJA T  EV\OneDrive\Desktop\DB PAWPHILE\Dog Skin Disease Dataset.v2i.folder\valid\healthy\healthy_367_jpg.rf.1764298c70813658a3d04ad240dd6654.jpg,1467,7bcf494d-2503-44dc-b22b-0f57f854e4f3,healthy,healthy,[],disease-level (provisional),research-only,unsupported,valid,skin,unknown,C,,0.0,0.0,0.0,0.0,0.0,0.0,0.0,0.0,[],test
85923d2d-fdb4-4ea7-ab7c-547f8f356b36,Kaggle,C:\Users\ESSAKKI RAJA T  EV\OneDrive\Desktop\DB PAWPHILE\archive\valid\demodicosis\IMG_5267_jpeg_jpg.rf.be8e45b97d5431be1fc926c5d1ab72b2.jpg,391,81b15a26-8679-47b2-a788-0f0b1f7c696c,demodicosis,demodicosis,"[""alopecia"", ""erythema"", ""crust""]",disease-level (provisional),research-only,unsupported,valid,skin,unknown,C,,1.0,1.0,1.0,0.0,0.0,0.0,0.0,0.0,"['alopecia', 'erythema', 'crust']",test
8907d2f2-7ebb-49ca-a10d-6d85f5e0bbb1,Multispectral,C:\Users\ESSAKKI RAJA T  EV\OneDrive\Desktop\DB PAWPHILE\Classification of pet dog skin diseases using deep learning with images captured from multispectral imaging device\5dbht54kw7-1\Dog210929_05_01_19\pic5.jpg,1463,1f3b3c83-b62d-47b4-aab4-8f33b47435f7,unknown,unknown,[],disease-level (provisional),research-only,unsupported,none,skin,pic5.jpg,B,,0.0,0.0,0.0,0.0,0.0,0.0,0.0,0.0,[],test
05834870-2913-40ff-85ee-47580407c393,Kaggle,C:\Users\ESSAKKI RAJA T  EV\OneDrive\Desktop\DB PAWPHILE\archive\test\ringworm\R11_png_jpg.rf.9ed4a97897a0625204625e76e246fd10.jpg,1620,2e5a5999-29bb-4a7f-b253-dd134b0a50d6,ringworm,fungal infection,"[""alopecia"", ""scaling""]",disease-level (provisional),research-only,unsupported,test,skin,unknown,C,,0.0,1.0,0.0,1.0,0.0,0.0,0.0,0.0,"['alopecia', 'scaling']",test
27021427-6205-4d56-b605-43a927045115,Roboflow,C:\Users\ESSAKKI RAJA T  EV\OneDrive\Desktop\DB PAWPHILE\Dog Skin Disease Dataset.v2i.folder\train\healthy\healthy_train_14_jpg.rf.8de98ba145c764c39a46894e93d50980.jpg,1567,00b12365-6120-47d7-bda2-53129c6f3dcc,healthy,healthy,[],disease-level (provisional),research-only,unsupported,train,skin,unknown,C,,0.0,0.0,0.0,0.0,0.0,0.0,0.0,0.0,[],test
0ee1e734-b8d3-4a46-8577-67e416e8959d,Roboflow,C:\Users\ESSAKKI RAJA T  EV\OneDrive\Desktop\DB PAWPHILE\Dog Skin Disease Dataset.v2i.folder\train\bacterial dermatosis\bacterial_313_jpg.rf.ac36adbf2fbb24e74dfcc4bb6c82dd77.jpg,1687,a5aa8b0d-0db3-46c8-b5d6-7b3d4e0a8d3c,bacterial dermatosis,bacterial dermatosis,"[""erythema"", ""pustule"", ""crust""]",disease-level (provisional),research-only,unsupported,train,skin,unknown,C,,1.0,0.0,1.0,0.0,0.0,0.0,1.0,0.0,"['erythema', 'pustule', 'crust']",test
171ba2be-57c8-4db0-961e-30437edde9fc,Roboflow,C:\Users\ESSAKKI RAJA T  EV\OneDrive\Desktop\DB PAWPHILE\Dog Skin Disease Dataset.v2i.folder\train\fungal infection\fungal_422_jpg.rf.51a2c4cb8deda5d3f00e393963c8fac7.jpg,950,e5f083e7-5aef-4a88-8a27-97ee0e9088ab,fungal infection,fungal infection,"[""alopecia"", ""scaling""]",disease-level (provisional),research-only,unsupported,train,skin,unknown,C,,0.0,1.0,0.0,1.0,0.0,0.0,0.0,0.0,"['alopecia', 'scaling']",test
5dab733b-d2b8-4716-9b60-db9510bab2c9,Kaggle,C:\Users\ESSAKKI RAJA T  EV\OneDrive\Desktop\DB PAWPHILE\archive\valid\Fungal_infections\FUNGAL-INFECTION_067_jpg.rf.6b5fffe6d2ec3bbc05abcbb1d8e37918.jpg,472,72aceb14-33e7-4555-a4f2-d0d35e332b1d,Fungal_infections,fungal infection,"[""alopecia"", ""scaling""]",disease-level (provisional),research-only,unsupported,valid,skin,unknown,C,,0.0,1.0,0.0,1.0,0.0,0.0,0.0,0.0,"['alopecia', 'scaling']",test
dada4c9d-8960-4721-a127-61c8cfcefbb2,Roboflow,C:\Users\ESSAKKI RAJA T  EV\OneDrive\Desktop\DB PAWPHILE\Dog Skin Disease Dataset.v2i.folder\train\fungal infection\fungal_229_jpg.rf.65826f610ec0beacc1ee74976f53de2a.jpg,1152,32baa6a8-761f-493d-9323-e2c7006ec027,fungal infection,fungal infection,"[""alopecia"", ""scaling""]",disease-level (provisional),research-only,unsupported,train,skin,unknown,C,,0.0,1.0,0.0,1.0,0.0,0.0,0.0,0.0,"['alopecia', 'scaling']",test
38301784-d380-424d-b057-33196394179b,Roboflow,C:\Users\ESSAKKI RAJA T  EV\OneDrive\Desktop\DB PAWPHILE\Dog Skin Disease Dataset.v2i.folder\test\hypersensitivity dermatitis\hypersensitivity_379_jpg.rf.2595a376e93ba68eaf73aecd1ac160fd.jpg,912,c10012a6-7946-4912-a6dc-5113505f63a7,hypersensitivity dermatitis,hypersensitivity / allergic dermatitis,"[""erythema"", ""lichenification""]",disease-level (provisional),research-only,unsupported,test,skin,unknown,C,,1.0,0.0,0.0,0.0,0.0,0.0,0.0,1.0,"['erythema', 'lichenification']",test
6d9ab7c2-437c-4988-b6c1-33edbb2e4e7d,Roboflow,C:\Users\ESSAKKI RAJA T  EV\OneDrive\Desktop\DB PAWPHILE\Dog Skin Disease Dataset.v2i.folder\train\fungal infection\fungal_95_jpg.rf.21a1e402f1261933e2dc55a34cc455ab.jpg,1487,8fe6fe1a-c8c3-4385-9849-e6c022ece627,fungal infection,fungal infection,"[""alopecia"", ""scaling""]",disease-level (provisional),research-only,unsupported,train,skin,unknown,C,,0.0,1.0,0.0,1.0,0.0,0.0,0.0,0.0,"['alopecia', 'scaling']",test
2fc1a37a-0110-45f5-9e22-1038ef630d6f,Kaggle,C:\Users\ESSAKKI RAJA T  EV\OneDrive\Desktop\DB PAWPHILE\archive\test\demodicosis\IMG_5218_jpeg_jpg.rf.e0008b635658f9092ae7e20a82d2c7d3.jpg,1276,e0f34d7e-4e06-4577-ab19-426583f601f5,demodicosis,demodicosis,"[""alopecia"", ""erythema"", ""crust""]",disease-level (provisional),research-only,unsupported,test,skin,unknown,C,,1.0,1.0,1.0,0.0,0.0,0.0,0.0,0.0,"['alopecia', 'erythema', 'crust']",test
36a3f8ed-69af-4ea5-a0ff-4873606f498a,Kaggle,C:\Users\ESSAKKI RAJA T  EV\OneDrive\Desktop\DB PAWPHILE\archive\valid\Hypersensitivity\1525_jpg.rf.d022c178eaf2529327c5644844418e86.jpg,1031,5d44a186-014f-4650-8313-2daeb4c59767,Hypersensitivity,hypersensitivity / allergic dermatitis,"[""erythema"", ""lichenification""]",disease-level (provisional),research-only,unsupported,valid,skin,unknown,C,,1.0,0.0,0.0,0.0,0.0,0.0,0.0,1.0,"['erythema', 'lichenification']",test
cfa750ed-527b-4813-8afc-45020f90d7e3,Roboflow,C:\Users\ESSAKKI RAJA T  EV\OneDrive\Desktop\DB PAWPHILE\Dog Skin Disease Dataset.v2i.folder\valid\healthy\healthy_79_jpg.rf.7c1618a6759f2adaa939440d04c87d2d.jpg,1399,8c11b442-73ef-4556-b0e1-ade88e72a562,healthy,healthy,[],disease-level (provisional),research-only,unsupported,valid,skin,unknown,C,,0.0,0.0,0.0,0.0,0.0,0.0,0.0,0.0,[],test
ec5a8730-29fb-4343-9391-1bf9ddaff7fa,Kaggle,C:\Users\ESSAKKI RAJA T  EV\OneDrive\Desktop\DB PAWPHILE\archive\test\Healthy\pic47_jpg.rf.fbb0edd32864af711a4cf2ee5ddfb1b0.jpg,399,4ece40d2-cc68-48e6-a69c-bb967b4e5a12,Healthy,healthy,[],disease-level (provisional),research-only,unsupported,test,skin,unknown,C,,0.0,0.0,0.0,0.0,0.0,0.0,0.0,0.0,[],test
6b999271-1190-4f4c-914e-f21c623381ee,Roboflow,C:\Users\ESSAKKI RAJA T  EV\OneDrive\Desktop\DB PAWPHILE\Dog Skin Disease Dataset.v2i.folder\valid\bacterial dermatosis\bacterial_92_jpg.rf.288c76e202503fa5a3c71f5a3f24d95a.jpg,400,dd0704f8-ae0a-4921-aba2-b2627ee909fb,bacterial dermatosis,bacterial dermatosis,"[""erythema"", ""pustule"", ""crust""]",disease-level (provisional),research-only,unsupported,valid,skin,unknown,C,,1.0,0.0,1.0,0.0,0.0,0.0,1.0,0.0,"['erythema', 'pustule', 'crust']",test
6f2003ce-1797-4532-a12b-1b00c1227b89,Roboflow,C:\Users\ESSAKKI RAJA T  EV\OneDrive\Desktop\DB PAWPHILE\Dog Skin Disease Dataset.v2i.folder\train\bacterial dermatosis\bacterial_96_jpg.rf.864469fadd8c1b887458d3e292008b35.jpg,1044,3a5e2f81-8759-4361-8734-56d892fe3010,bacterial dermatosis,bacterial dermatosis,"[""erythema"", ""pustule"", ""crust""]",disease-level (provisional),research-only,unsupported,train,skin,unknown,C,,1.0,0.0,1.0,0.0,0.0,0.0,1.0,0.0,"['erythema', 'pustule', 'crust']",test
4dc8a8de-b962-4eac-9aa5-bddf3a8a68a4,Roboflow,C:\Users\ESSAKKI RAJA T  EV\OneDrive\Desktop\DB PAWPHILE\Dog Skin Disease Dataset.v2i.folder\train\bacterial dermatosis\bacterial_404_jpg.rf.1ed5d8b13236feb149aa8cd0389a050b.jpg,1210,b29632f3-bcab-4442-b958-d4de5b86042f,bacterial dermatosis,bacterial dermatosis,"[""erythema"", ""pustule"", ""crust""]",disease-level (provisional),research-only,unsupported,train,skin,unknown,C,,1.0,0.0,1.0,0.0,0.0,0.0,1.0,0.0,"['erythema', 'pustule', 'crust']",test
3ae0b093-50df-466e-918d-6a163ab418f6,Kaggle,C:\Users\ESSAKKI RAJA T  EV\OneDrive\Desktop\DB PAWPHILE\archive\valid\Healthy\dogs_041_jpg.rf.1b26300c8a13838b90dbe655ea80a73d.jpg,1685,3a1a06f1-7e5a-4a41-9891-6d0d38838324,Healthy,healthy,[],disease-level (provisional),research-only,unsupported,valid,skin,unknown,C,,0.0,0.0,0.0,0.0,0.0,0.0,0.0,0.0,[],test
019f4036-d92e-40bd-ba06-e75230b66a1b,Roboflow,C:\Users\ESSAKKI RAJA T  EV\OneDrive\Desktop\DB PAWPHILE\Dog Skin Disease Dataset.v2i.folder\valid\bacterial dermatosis\bacterial_125_jpg.rf.9d6e2828275b596e9c37702a4864fd96.jpg,1752,d3131a24-e462-42b2-9c6a-ab17171e2fec,bacterial dermatosis,bacterial dermatosis,"[""erythema"", ""pustule"", ""crust""]",disease-level (provisional),research-only,unsupported,valid,skin,unknown,C,,1.0,0.0,1.0,0.0,0.0,0.0,1.0,0.0,"['erythema', 'pustule', 'crust']",test
4463b012-a01a-4d78-ae26-575076b0bc23,Kaggle,C:\Users\ESSAKKI RAJA T  EV\OneDrive\Desktop\DB PAWPHILE\archive\valid\Healthy\images-38_jpg.rf.fdfdf8083b4a168337f7da4194cb15a1.jpg,304,81c71ca6-7400-47af-8fa6-ddb1076f430b,Healthy,healthy,[],disease-level (provisional),research-only,unsupported,valid,skin,unknown,C,,0.0,0.0,0.0,0.0,0.0,0.0,0.0,0.0,[],test
002e7091-7a88-4272-9f53-689bde5a90cc,Roboflow,C:\Users\ESSAKKI RAJA T  EV\OneDrive\Desktop\DB PAWPHILE\Dog Skin Disease Dataset.v2i.folder\valid\hypersensitivity dermatitis\hypersensitivity_336_jpg.rf.022615043a4c48a0a1592077487b8340.jpg,1394,c5118854-6d98-46ff-a16f-7a501110e6bf,hypersensitivity dermatitis,hypersensitivity / allergic dermatitis,"[""erythema"", ""lichenification""]",disease-level (provisional),research-only,unsupported,valid,skin,unknown,C,,1.0,0.0,0.0,0.0,0.0,0.0,0.0,1.0,"['erythema', 'lichenification']",test
1d8f2da1-eb26-4d7a-8113-e029ae0c70ec,Roboflow,C:\Users\ESSAKKI RAJA T  EV\OneDrive\Desktop\DB PAWPHILE\Dog Skin Disease Dataset.v2i.folder\train\fungal infection\fungal_375_jpg.rf.678caf3b215e62db51a715c4f6945f99.jpg,542,1df3d51f-daff-4209-b20b-730bcc8d8b69,fungal infection,fungal infection,"[""alopecia"", ""scaling""]",disease-level (provisional),research-only,unsupported,train,skin,unknown,C,,0.0,1.0,0.0,1.0,0.0,0.0,0.0,0.0,"['alopecia', 'scaling']",test
6316bd5c-b384-4393-9f59-a67b24cec28b,Roboflow,C:\Users\ESSAKKI RAJA T  EV\OneDrive\Desktop\DB PAWPHILE\Dog Skin Disease Dataset.v2i.folder\train\hypersensitivity dermatitis\hypersensitivity_316_jpg.rf.ce14071279037c347dba38d4d537bf5a.jpg,1036,a2773e45-1c22-4bbc-809d-6f13d1d22f7c,hypersensitivity dermatitis,hypersensitivity / allergic dermatitis,"[""erythema"", ""lichenification""]",disease-level (provisional),research-only,unsupported,train,skin,unknown,C,,1.0,0.0,0.0,0.0,0.0,0.0,0.0,1.0,"['erythema', 'lichenification']",test
d2660fc2-9e58-4e07-964b-056e2e0814e6,Kaggle,C:\Users\ESSAKKI RAJA T  EV\OneDrive\Desktop\DB PAWPHILE\archive\test\Fungal_infections\FUNGAL-INFECTION_068_jpg.rf.7d762b073c3274ea2ac2df5c3c7b79fb.jpg,1404,f802a540-a7ef-4141-bcb7-9d157bd17905,Fungal_infections,fungal infection,"[""alopecia"", ""scaling""]",disease-level (provisional),research-only,unsupported,test,skin,unknown,C,,0.0,1.0,0.0,1.0,0.0,0.0,0.0,0.0,"['alopecia', 'scaling']",test
89a39078-ea9d-497f-ac90-a24a2d6eb574,Kaggle,C:\Users\ESSAKKI RAJA T  EV\OneDrive\Desktop\DB PAWPHILE\archive\train\Healthy\vet-skin-issues-s_1667594728-678x381_jpg.rf.5a4d945784d18b5cbaa6bbdbd0738517.jpg,278,41ef9971-f886-4a5a-9038-81db2154fcc3,Healthy,healthy,[],disease-level (provisional),research-only,unsupported,train,skin,unknown,C,,0.0,0.0,0.0,0.0,0.0,0.0,0.0,0.0,[],test
eddfd830-3bb2-45e3-96aa-13dc4ccfa6a7,Roboflow,C:\Users\ESSAKKI RAJA T  EV\OneDrive\Desktop\DB PAWPHILE\Dog Skin Disease Dataset.v2i.folder\train\bacterial dermatosis\bacterial_28_jpg.rf.fb0578cee85a6a2ed345740ec997c497.jpg,893,1124945c-17e0-48a0-a5c4-27608b33439e,bacterial dermatosis,bacterial dermatosis,"[""erythema"", ""pustule"", ""crust""]",disease-level (provisional),research-only,unsupported,train,skin,unknown,C,,1.0,0.0,1.0,0.0,0.0,0.0,1.0,0.0,"['erythema', 'pustule', 'crust']",test
723b4d03-15cf-406c-a84e-629b1b05135d,Kaggle,C:\Users\ESSAKKI RAJA T  EV\OneDrive\Desktop\DB PAWPHILE\archive\valid\Fungal_infections\1555_jpg.rf.eefe5038e0bddbb4c50542029d30a486.jpg,1115,7b98a0d4-b309-4c19-9a4c-47fa92c0098c,Fungal_infections,fungal infection,"[""alopecia"", ""scaling""]",disease-level (provisional),research-only,unsupported,valid,skin,unknown,C,,0.0,1.0,0.0,1.0,0.0,0.0,0.0,0.0,"['alopecia', 'scaling']",test
7f51c024-09d2-4741-b32b-4f03f9e97b6e,Multispectral,C:\Users\ESSAKKI RAJA T  EV\OneDrive\Desktop\DB PAWPHILE\Classification of pet dog skin diseases using deep learning with images captured from multispectral imaging device\5dbht54kw7-1\Dog210622_01_01_40\pic5.jpg,369,27fe97ad-0948-4fd6-a99c-05e8881a5767,unknown,unknown,[],disease-level (provisional),research-only,unsupported,none,skin,pic5.jpg,B,,0.0,0.0,0.0,0.0,0.0,0.0,0.0,0.0,[],test
107fcf40-2bb9-4b6a-a26c-ef996f6c76d1,Roboflow,C:\Users\ESSAKKI RAJA T  EV\OneDrive\Desktop\DB PAWPHILE\Dog Skin Disease Dataset.v2i.folder\train\fungal infection\fungal_397_jpg.rf.88e91513e53b0d9efb0a8a3856ef4ce4.jpg,690,13ac6222-43d3-419e-abd0-10d3f6bde94a,fungal infection,fungal infection,"[""alopecia"", ""scaling""]",disease-level (provisional),research-only,unsupported,train,skin,unknown,C,,0.0,1.0,0.0,1.0,0.0,0.0,0.0,0.0,"['alopecia', 'scaling']",test
af157dd0-986b-40dc-910b-0886def0e5c8,Kaggle,C:\Users\ESSAKKI RAJA T  EV\OneDrive\Desktop\DB PAWPHILE\archive\train\demodicosis\2024-05-13-134130_3_jpg.rf.4da65d68c268e27488a983897a94a260.jpg,1770,b0e46ed8-2857-49d0-9771-eaac6ea5b4f3,demodicosis,demodicosis,"[""alopecia"", ""erythema"", ""crust""]",disease-level (provisional),research-only,unsupported,train,skin,unknown,C,,1.0,1.0,1.0,0.0,0.0,0.0,0.0,0.0,"['alopecia', 'erythema', 'crust']",test
0cde7f17-014e-4e47-857b-90b330686029,Kaggle,C:\Users\ESSAKKI RAJA T  EV\OneDrive\Desktop\DB PAWPHILE\archive\test\Healthy\HEALTHY_024_jpg.rf.a48896b653c5e1a66c07dc934d253dd5.jpg,1417,3bde7742-ad61-4b60-9492-0353d3f71736,Healthy,healthy,[],disease-level (provisional),research-only,unsupported,test,skin,unknown,C,,0.0,0.0,0.0,0.0,0.0,0.0,0.0,0.0,[],test
7fdca06d-ec3d-4a27-8592-a6a15af5dc5e,Roboflow,C:\Users\ESSAKKI RAJA T  EV\OneDrive\Desktop\DB PAWPHILE\Dog Skin Disease Dataset.v2i.folder\train\hypersensitivity dermatitis\hypersensitivity_245_jpg.rf.33fbf6138d6b5ca8e528ae4b8a800262.jpg,187,32297a04-c5bf-42d6-94a0-d9e0a5357360,hypersensitivity dermatitis,hypersensitivity / allergic dermatitis,"[""erythema"", ""lichenification""]",disease-level (provisional),research-only,unsupported,train,skin,unknown,C,,1.0,0.0,0.0,0.0,0.0,0.0,0.0,1.0,"['erythema', 'lichenification']",test
81842be5-c7df-4519-abf6-598b8e3019cb,Roboflow,C:\Users\ESSAKKI RAJA T  EV\OneDrive\Desktop\DB PAWPHILE\Dog Skin Disease Dataset.v2i.folder\train\bacterial dermatosis\bacterial_395_jpg.rf.fc2b5adef40b5e98ea75f7cf53b6ac86.jpg,1520,d2146196-c328-464d-9e1c-ecd2471980df,bacterial dermatosis,bacterial dermatosis,"[""erythema"", ""pustule"", ""crust""]",disease-level (provisional),research-only,unsupported,train,skin,unknown,C,,1.0,0.0,1.0,0.0,0.0,0.0,1.0,0.0,"['erythema', 'pustule', 'crust']",test
a66b5523-31f5-4a95-b1da-38365c2954e5,Kaggle,C:\Users\ESSAKKI RAJA T  EV\OneDrive\Desktop\DB PAWPHILE\archive\valid\demodicosis\2024-05-13-165432_jpg.rf.ed3b0398dcd6ec8e19981e9354379f3f.jpg,1574,ae3a503f-ab47-4363-8d16-2bb69aaae06d,demodicosis,demodicosis,"[""alopecia"", ""erythema"", ""crust""]",disease-level (provisional),research-only,unsupported,valid,skin,unknown,C,,1.0,1.0,1.0,0.0,0.0,0.0,0.0,0.0,"['alopecia', 'erythema', 'crust']",test
a92af7a2-24ea-44e2-9723-f878bf2ff31d,Kaggle,C:\Users\ESSAKKI RAJA T  EV\OneDrive\Desktop\DB PAWPHILE\archive\valid\demodicosis\scabies_115_png_jpg.rf.2aa628ba8697fd136e773794276b9423.jpg,1403,a0aa2988-cfcd-4106-9eae-28baded403ba,demodicosis,demodicosis,"[""alopecia"", ""erythema"", ""crust""]",disease-level (provisional),research-only,unsupported,valid,skin,unknown,C,,1.0,1.0,1.0,0.0,0.0,0.0,0.0,0.0,"['alopecia', 'erythema', 'crust']",test
2b273bcd-bbcf-46b8-855a-3ee9ab43cf49,Roboflow,C:\Users\ESSAKKI RAJA T  EV\OneDrive\Desktop\DB PAWPHILE\Dog Skin Disease Dataset.v2i.folder\valid\bacterial dermatosis\bacterial_350_jpg.rf.973a10e5af57b0ef6a79ee8600231978.jpg,247,b8d39bbc-51b1-466d-993a-95d54fbfa6c3,bacterial dermatosis,bacterial dermatosis,"[""erythema"", ""pustule"", ""crust""]",disease-level (provisional),research-only,unsupported,valid,skin,unknown,C,,1.0,0.0,1.0,0.0,0.0,0.0,1.0,0.0,"['erythema', 'pustule', 'crust']",test
0e76e7eb-1eef-46c1-9f25-6bee6529c17f,Kaggle,C:\Users\ESSAKKI RAJA T  EV\OneDrive\Desktop\DB PAWPHILE\archive\test\demodicosis\2024-05-13-134130_3_jpg.rf.a9626f14a97791c0b73b1baa97eeb972.jpg,1128,df568dfa-3cde-4610-bbf1-f049c810c21d,demodicosis,demodicosis,"[""alopecia"", ""erythema"", ""crust""]",disease-level (provisional),research-only,unsupported,test,skin,unknown,C,,1.0,1.0,1.0,0.0,0.0,0.0,0.0,0.0,"['alopecia', 'erythema', 'crust']",test
6efff5ce-7c18-48ed-ae17-8251a2d62799,Kaggle,C:\Users\ESSAKKI RAJA T  EV\OneDrive\Desktop\DB PAWPHILE\archive\train\ringworm\ringworm-69-_jpg.rf.1bc1651a944573b93607f4078f7fc687.jpg,1285,77f97fa2-8b5a-4131-8f3a-73e33dd0f17c,ringworm,fungal infection,"[""alopecia"", ""scaling""]",disease-level (provisional),research-only,unsupported,train,skin,unknown,C,,0.0,1.0,0.0,1.0,0.0,0.0,0.0,0.0,"['alopecia', 'scaling']",test
f94f1430-5e79-4681-827a-b5ff32c3eb89,Kaggle,C:\Users\ESSAKKI RAJA T  EV\OneDrive\Desktop\DB PAWPHILE\archive\train\demodicosis\1-46-_png_jpg.rf.b4b210cad708e96b7e752f4df74dba42.jpg,1812,9b0d7122-3c94-4c02-aaec-0d1934040e52,demodicosis,demodicosis,"[""alopecia"", ""erythema"", ""crust""]",disease-level (provisional),research-only,unsupported,train,skin,unknown,C,,1.0,1.0,1.0,0.0,0.0,0.0,0.0,0.0,"['alopecia', 'erythema', 'crust']",test
e34c5e9f-b346-432a-9dfa-3cd1eb1aa0d4,Kaggle,C:\Users\ESSAKKI RAJA T  EV\OneDrive\Desktop\DB PAWPHILE\archive\test\ringworm\WIN_20240514_17_41_29_Pro_jpg.rf.5a03d8726b09e446e1db2e8debf20e03.jpg,586,09ca8604-a076-4cae-8546-0c965e1b8305,ringworm,fungal infection,"[""alopecia"", ""scaling""]",disease-level (provisional),research-only,unsupported,test,skin,unknown,C,,0.0,1.0,0.0,1.0,0.0,0.0,0.0,0.0,"['alopecia', 'scaling']",test
bf0d1fd7-4c3d-41b2-80eb-226cc4495580,Kaggle,C:\Users\ESSAKKI RAJA T  EV\OneDrive\Desktop\DB PAWPHILE\archive\train\demodicosis\2024-05-13-134529_2_jpg.rf.b0e8664b94d657c808b711918b129923.jpg,207,2feb827e-7ef8-4d57-b26a-cc0121b67eb2,demodicosis,demodicosis,"[""alopecia"", ""erythema"", ""crust""]",disease-level (provisional),research-only,unsupported,train,skin,unknown,C,,1.0,1.0,1.0,0.0,0.0,0.0,0.0,0.0,"['alopecia', 'erythema', 'crust']",test
3946e37f-784d-4ba6-8e31-a965a05db9aa,Roboflow,C:\Users\ESSAKKI RAJA T  EV\OneDrive\Desktop\DB PAWPHILE\Dog Skin Disease Dataset.v2i.folder\train\fungal infection\fungal_inf_13_jpg.rf.29988c5727ab1e882bc6c055bb156a18.jpg,415,a67b5c68-1110-4e6a-bcbd-ca94744a8aed,fungal infection,fungal infection,"[""alopecia"", ""scaling""]",disease-level (provisional),research-only,unsupported,train,skin,unknown,C,,0.0,1.0,0.0,1.0,0.0,0.0,0.0,0.0,"['alopecia', 'scaling']",test
b4434df8-aec3-4c49-b2b7-1be6820150ac,Kaggle,C:\Users\ESSAKKI RAJA T  EV\OneDrive\Desktop\DB PAWPHILE\archive\test\ringworm\R28_png_jpg.rf.fbe00de902b48ac981c03e3c77417644.jpg,1346,a14eccb9-f93b-4c47-86d4-cc152dbb3e64,ringworm,fungal infection,"[""alopecia"", ""scaling""]",disease-level (provisional),research-only,unsupported,test,skin,unknown,C,,0.0,1.0,0.0,1.0,0.0,0.0,0.0,0.0,"['alopecia', 'scaling']",test
b309e3d8-83d2-4ec0-8a5b-c8379a9f00ff,Kaggle,C:\Users\ESSAKKI RAJA T  EV\OneDrive\Desktop\DB PAWPHILE\archive\test\ringworm\NEWR24_png_jpg.rf.9cc922b08f48dc72257ad3c4b9c3e9b3.jpg,1441,8e39bcc7-622b-4711-8242-6b0bda6deaf1,ringworm,fungal infection,"[""alopecia"", ""scaling""]",disease-level (provisional),research-only,unsupported,test,skin,unknown,C,,0.0,1.0,0.0,1.0,0.0,0.0,0.0,0.0,"['alopecia', 'scaling']",test
753cd25c-726d-435a-83ea-75746c202744,Kaggle,C:\Users\ESSAKKI RAJA T  EV\OneDrive\Desktop\DB PAWPHILE\archive\test\Healthy\26_jpg.rf.f16e845b0a00d04dca0434116d76281c.jpg,1526,c8a3dbe9-4ade-45a1-86bc-75ef383c154d,Healthy,healthy,[],disease-level (provisional),research-only,unsupported,test,skin,unknown,C,,0.0,0.0,0.0,0.0,0.0,0.0,0.0,0.0,[],test
ff5d082a-b55c-43b7-ade1-5a616397f9cf,Kaggle,C:\Users\ESSAKKI RAJA T  EV\OneDrive\Desktop\DB PAWPHILE\archive\test\ringworm\R2_png_jpg.rf.6072c9dfcb53be6f533ca3511f1748a0.jpg,1207,bc5fdd14-acfc-488e-843b-fa3a9a7b35db,ringworm,fungal infection,"[""alopecia"", ""scaling""]",disease-level (provisional),research-only,unsupported,test,skin,unknown,C,,0.0,1.0,0.0,1.0,0.0,0.0,0.0,0.0,"['alopecia', 'scaling']",test
8eb9f6fa-bf8e-425d-9c60-bf7140fea958,Roboflow,C:\Users\ESSAKKI RAJA T  EV\OneDrive\Desktop\DB PAWPHILE\Dog Skin Disease Dataset.v2i.folder\train\healthy\healthy_392_jpg.rf.b295a95bb9d3c63a753bca2ab4b7de7e.jpg,1414,98cde53d-0c19-4a64-99c5-b6d5ba3f7a39,healthy,healthy,[],disease-level (provisional),research-only,unsupported,train,skin,unknown,C,,0.0,0.0,0.0,0.0,0.0,0.0,0.0,0.0,[],test
4f946aa2-95a3-4ee6-bc0b-5630eed46b2c,Roboflow,C:\Users\ESSAKKI RAJA T  EV\OneDrive\Desktop\DB PAWPHILE\Dog Skin Disease Dataset.v2i.folder\valid\bacterial dermatosis\bacterial_derm_42_jpg.rf.dd96c87308d0fab2b6a825ff8fef7159.jpg,842,3b74e6a2-9e52-4b26-ab0f-ffc92f6d0e6c,bacterial dermatosis,bacterial dermatosis,"[""erythema"", ""pustule"", ""crust""]",disease-level (provisional),research-only,unsupported,valid,skin,unknown,C,,1.0,0.0,1.0,0.0,0.0,0.0,1.0,0.0,"['erythema', 'pustule', 'crust']",test
3983610c-9fb0-427c-bb1d-c60798244cb2,Kaggle,C:\Users\ESSAKKI RAJA T  EV\OneDrive\Desktop\DB PAWPHILE\archive\valid\Dermatitis\Reply-to-don-t-let-your-dog-suffer-in-silence_00005_jpg.rf.511163d24819e3783d011c8453c62f52.jpg,1499,49832573-4fcf-4bd2-8e1b-9939fa359a69,Dermatitis,nonspecific dermatitis,"[""erythema"", ""scaling""]",disease-level (provisional),research-only,unsupported,valid,skin,unknown,C,,1.0,0.0,0.0,1.0,0.0,0.0,0.0,0.0,"['erythema', 'scaling']",test
25797bfd-61ae-406d-8b30-78dd0611df14,Roboflow,C:\Users\ESSAKKI RAJA T  EV\OneDrive\Desktop\DB PAWPHILE\Dog Skin Disease Dataset.v2i.folder\train\bacterial dermatosis\bacterial_derm_13_jpg.rf.f2f634fe9ed58e576f3d61e386c6fde9.jpg,461,3393420d-afa3-4a1f-ba17-67b3392b4e34,bacterial dermatosis,bacterial dermatosis,"[""erythema"", ""pustule"", ""crust""]",disease-level (provisional),research-only,unsupported,train,skin,unknown,C,,1.0,0.0,1.0,0.0,0.0,0.0,1.0,0.0,"['erythema', 'pustule', 'crust']",test
31a31269-6c94-4cad-83e3-4593c9881dc7,Kaggle,C:\Users\ESSAKKI RAJA T  EV\OneDrive\Desktop\DB PAWPHILE\archive\train\Dermatitis\1000010774_x4_jpg.rf.bf9295609bfbe9d1bf665b2131dd9bee.jpg,421,dde7dd1f-7391-42b6-850b-aa338a45896a,Dermatitis,nonspecific dermatitis,"[""erythema"", ""scaling""]",disease-level (provisional),research-only,unsupported,train,skin,unknown,C,,1.0,0.0,0.0,1.0,0.0,0.0,0.0,0.0,"['erythema', 'scaling']",test
4819a155-9623-48f5-b178-a237b317c8b5,Roboflow,C:\Users\ESSAKKI RAJA T  EV\OneDrive\Desktop\DB PAWPHILE\Dog Skin Disease Dataset.v2i.folder\train\fungal infection\fungal_23_jpg.rf.56866c5eea8370c006655c11650a5e02.jpg,70,13119606-0685-4a3d-b596-b0545538d788,fungal infection,fungal infection,"[""alopecia"", ""scaling""]",disease-level (provisional),research-only,unsupported,train,skin,unknown,C,,0.0,1.0,0.0,1.0,0.0,0.0,0.0,0.0,"['alopecia', 'scaling']",test
b28c6050-3dcb-4b06-a11a-ce68e7d4bc0e,Kaggle,C:\Users\ESSAKKI RAJA T  EV\OneDrive\Desktop\DB PAWPHILE\archive\train\demodicosis\IMG_5219_jpeg_jpg.rf.b1a72b1525a0336ab97c1e6aa3d7b709.jpg,1658,dc31ae1f-a755-4e94-9ee5-6f1ca6d1c7cd,demodicosis,demodicosis,"[""alopecia"", ""erythema"", ""crust""]",disease-level (provisional),research-only,unsupported,train,skin,unknown,C,,1.0,1.0,1.0,0.0,0.0,0.0,0.0,0.0,"['alopecia', 'erythema', 'crust']",test
61a59e68-6810-40c7-bcc8-352ea559bf36,Kaggle,C:\Users\ESSAKKI RAJA T  EV\OneDrive\Desktop\DB PAWPHILE\archive\train\Healthy\Best-Dog-Collar-for-Sensitive-Skin-review_jpg.rf.d3d99996bc2589d76af7d5524d696422.jpg,1676,b37a2f57-c1d2-4327-bbb0-90da9304e924,Healthy,healthy,[],disease-level (provisional),research-only,unsupported,train,skin,unknown,C,,0.0,0.0,0.0,0.0,0.0,0.0,0.0,0.0,[],test
ea1374b0-3c1f-4716-94fd-77f7e1807e9e,Kaggle,C:\Users\ESSAKKI RAJA T  EV\OneDrive\Desktop\DB PAWPHILE\archive\test\Dermatitis\HOT-SPOT-IN-DOG-HOW-vet-treated-symptom-prevention_-flea-bite-moist-eczema_dog-itching-000498_png_jpg.rf.0cb84762276225d2fb20954245218a39.jpg,1052,17f2443b-6d61-4e1f-9381-3160301b38ee,Dermatitis,nonspecific dermatitis,"[""erythema"", ""scaling""]",disease-level (provisional),research-only,unsupported,test,skin,unknown,C,,1.0,0.0,0.0,1.0,0.0,0.0,0.0,0.0,"['erythema', 'scaling']",test
22baa300-8a43-4d1e-b550-4875f018059d,Roboflow,C:\Users\ESSAKKI RAJA T  EV\OneDrive\Desktop\DB PAWPHILE\Dog Skin Disease Dataset.v2i.folder\train\hypersensitivity dermatitis\hypersensitivity_374_jpg.rf.ede45937f01047037cb6c2019bb4bdec.jpg,1365,c5c0f648-c7d4-49f7-b74a-0ce7da150b75,hypersensitivity dermatitis,hypersensitivity / allergic dermatitis,"[""erythema"", ""lichenification""]",disease-level (provisional),research-only,unsupported,train,skin,unknown,C,,1.0,0.0,0.0,0.0,0.0,0.0,0.0,1.0,"['erythema', 'lichenification']",test
cc4eae47-7dea-4460-9947-246525c075c2,Kaggle,C:\Users\ESSAKKI RAJA T  EV\OneDrive\Desktop\DB PAWPHILE\archive\test\Healthy\dogs_112_jpg.rf.cdc2f406623b62c39f5a155e19406f52.jpg,1229,9f83aec3-466b-4475-999d-b29412d238e6,Healthy,healthy,[],disease-level (provisional),research-only,unsupported,test,skin,unknown,C,,0.0,0.0,0.0,0.0,0.0,0.0,0.0,0.0,[],test
1dbbdef0-2cbf-497e-a4b7-84fadfcc8e56,Kaggle,C:\Users\ESSAKKI RAJA T  EV\OneDrive\Desktop\DB PAWPHILE\archive\test\ringworm\436638693_826239035984778_764987017093970170_n_jpg.rf.b5942e0bfc7e9605c9c1eac3a4a74d3a.jpg,502,5a38c177-e060-4ad7-b601-c297d71f6789,ringworm,fungal infection,"[""alopecia"", ""scaling""]",disease-level (provisional),research-only,unsupported,test,skin,unknown,C,,0.0,1.0,0.0,1.0,0.0,0.0,0.0,0.0,"['alopecia', 'scaling']",test
ff0322dc-9569-4db3-b5c4-8e738bd5465d,Kaggle,C:\Users\ESSAKKI RAJA T  EV\OneDrive\Desktop\DB PAWPHILE\archive\train\demodicosis\2024-05-13-165649_jpg.rf.fb2a8b2005ab8c774d67f649e7b933ea.jpg,1661,0302105e-48f6-45f6-9aca-8422fc30c968,demodicosis,demodicosis,"[""alopecia"", ""erythema"", ""crust""]",disease-level (provisional),research-only,unsupported,train,skin,unknown,C,,1.0,1.0,1.0,0.0,0.0,0.0,0.0,0.0,"['alopecia', 'erythema', 'crust']",test
51cb3ab3-6376-4c3d-aa9c-13ab912f3b62,Roboflow,C:\Users\ESSAKKI RAJA T  EV\OneDrive\Desktop\DB PAWPHILE\Dog Skin Disease Dataset.v2i.folder\train\bacterial dermatosis\bacterial_264_jpg.rf.464a397a772dd0e639c1f0b302c803b7.jpg,1433,14cf03cd-f2da-411f-8748-6ebe61f0c50f,bacterial dermatosis,bacterial dermatosis,"[""erythema"", ""pustule"", ""crust""]",disease-level (provisional),research-only,unsupported,train,skin,unknown,C,,1.0,0.0,1.0,0.0,0.0,0.0,1.0,0.0,"['erythema', 'pustule', 'crust']",test
b03aebb0-9ce6-445d-8866-ca5f02d20640,Roboflow,C:\Users\ESSAKKI RAJA T  EV\OneDrive\Desktop\DB PAWPHILE\Dog Skin Disease Dataset.v2i.folder\test\healthy\healthy_train_33_jpg.rf.6b03a94b2cb45a7a328e0a353a34acbc.jpg,812,8739cd86-1946-427f-ba9d-99e88eba77b7,healthy,healthy,[],disease-level (provisional),research-only,unsupported,test,skin,unknown,C,,0.0,0.0,0.0,0.0,0.0,0.0,0.0,0.0,[],test
4b185b52-3ddf-4ae0-95e5-35487bc2a8df,Roboflow,C:\Users\ESSAKKI RAJA T  EV\OneDrive\Desktop\DB PAWPHILE\Dog Skin Disease Dataset.v2i.folder\valid\bacterial dermatosis\bacterial_150_jpg.rf.b6a58ec6902a14ea1628fcbdacbbf512.jpg,840,b487c845-9a0a-406b-9cb4-70a5b3da5d8e,bacterial dermatosis,bacterial dermatosis,"[""erythema"", ""pustule"", ""crust""]",disease-level (provisional),research-only,unsupported,valid,skin,unknown,C,,1.0,0.0,1.0,0.0,0.0,0.0,1.0,0.0,"['erythema', 'pustule', 'crust']",test
1ddda221-3a89-4f45-90c9-40bce27626f6,Kaggle,C:\Users\ESSAKKI RAJA T  EV\OneDrive\Desktop\DB PAWPHILE\archive\valid\Dermatitis\1000_F_266925987_GoNkiLNIUXfRzYXf96Ngo00leArxL72S_jpg.rf.e7169b137a5c7d4458dfd3801c180a3c.jpg,891,7d2bdff8-657e-4082-beb6-be2106f7cf5a,Dermatitis,nonspecific dermatitis,"[""erythema"", ""scaling""]",disease-level (provisional),research-only,unsupported,valid,skin,unknown,C,,1.0,0.0,0.0,1.0,0.0,0.0,0.0,0.0,"['erythema', 'scaling']",test
50977033-2c32-4e84-8acc-004d46373cb5,Roboflow,C:\Users\ESSAKKI RAJA T  EV\OneDrive\Desktop\DB PAWPHILE\Dog Skin Disease Dataset.v2i.folder\test\hypersensitivity dermatitis\hypersensitivity_59_jpg.rf.cc45fcc40e0d954f6a5ff1c2dfc3a255.jpg,920,6b7caa05-764f-4030-844b-e1cb67ed10ab,hypersensitivity dermatitis,hypersensitivity / allergic dermatitis,"[""erythema"", ""lichenification""]",disease-level (provisional),research-only,unsupported,test,skin,unknown,C,,1.0,0.0,0.0,0.0,0.0,0.0,0.0,1.0,"['erythema', 'lichenification']",test
891baa9a-4915-4be3-a918-0d8a48169e5d,Roboflow,C:\Users\ESSAKKI RAJA T  EV\OneDrive\Desktop\DB PAWPHILE\Dog Skin Disease Dataset.v2i.folder\valid\bacterial dermatosis\bacterial_79_jpg.rf.d00b97eed69ba19309ebb769a4881a8a.jpg,1228,ea329819-7f5c-4f5d-8570-49b2458b61c5,bacterial dermatosis,bacterial dermatosis,"[""erythema"", ""pustule"", ""crust""]",disease-level (provisional),research-only,unsupported,valid,skin,unknown,C,,1.0,0.0,1.0,0.0,0.0,0.0,1.0,0.0,"['erythema', 'pustule', 'crust']",test
49fc8458-9e55-41f6-8627-144f823b594b,Kaggle,C:\Users\ESSAKKI RAJA T  EV\OneDrive\Desktop\DB PAWPHILE\archive\train\Fungal_infections\pic43_jpg.rf.c39e9c9de92d42e49fa09fb47991ee87.jpg,698,05b4b4d3-3e33-491b-b8e1-a1277d33b1c8,Fungal_infections,fungal infection,"[""alopecia"", ""scaling""]",disease-level (provisional),research-only,unsupported,train,skin,unknown,C,,0.0,1.0,0.0,1.0,0.0,0.0,0.0,0.0,"['alopecia', 'scaling']",test
13c97f3a-cd02-4041-bc12-873e5ac67634,Kaggle,C:\Users\ESSAKKI RAJA T  EV\OneDrive\Desktop\DB PAWPHILE\archive\test\demodicosis\1-67-_png_jpg.rf.e574073e4ad35fde3880401bd415eeb3.jpg,1101,8863bf47-56e2-44fb-995d-8312fc63a1b0,demodicosis,demodicosis,"[""alopecia"", ""erythema"", ""crust""]",disease-level (provisional),research-only,unsupported,test,skin,unknown,C,,1.0,1.0,1.0,0.0,0.0,0.0,0.0,0.0,"['alopecia', 'erythema', 'crust']",test
a54d4d87-4aa1-44de-9357-6d24f74a398c,Kaggle,C:\Users\ESSAKKI RAJA T  EV\OneDrive\Desktop\DB PAWPHILE\archive\valid\Hypersensitivity\B9781416056638000070_f007-012-9781416056638_jpg.rf.232391067cbe3597e2f4f6cb4fe6ac56.jpg,276,da7de384-a73e-41cb-9ced-f8b62ea72e9d,Hypersensitivity,hypersensitivity / allergic dermatitis,"[""erythema"", ""lichenification""]",disease-level (provisional),research-only,unsupported,valid,skin,unknown,C,,1.0,0.0,0.0,0.0,0.0,0.0,0.0,1.0,"['erythema', 'lichenification']",test
b972b9a9-749f-411e-af73-6cbf522af664,Roboflow,C:\Users\ESSAKKI RAJA T  EV\OneDrive\Desktop\DB PAWPHILE\Dog Skin Disease Dataset.v2i.folder\train\healthy\healhty6_jpg.rf.568b9cba61130060f950308e7ae7e5e0.jpg,1427,5116e804-6d37-4df4-a2b1-852d4e477f92,healthy,healthy,[],disease-level (provisional),research-only,unsupported,train,skin,unknown,C,,0.0,0.0,0.0,0.0,0.0,0.0,0.0,0.0,[],test
87d444c4-409d-4d72-b5d2-c0034993561b,Roboflow,C:\Users\ESSAKKI RAJA T  EV\OneDrive\Desktop\DB PAWPHILE\Dog Skin Disease Dataset.v2i.folder\train\bacterial dermatosis\bacterial_341_jpg.rf.76199980d051983ef693df7019e3b7e2.jpg,531,39b3d5d6-1b7c-4346-9ab3-292d3c6b0cf9,bacterial dermatosis,bacterial dermatosis,"[""erythema"", ""pustule"", ""crust""]",disease-level (provisional),research-only,unsupported,train,skin,unknown,C,,1.0,0.0,1.0,0.0,0.0,0.0,1.0,0.0,"['erythema', 'pustule', 'crust']",test
238d439f-0d47-482e-939d-650528662e0c,Roboflow,C:\Users\ESSAKKI RAJA T  EV\OneDrive\Desktop\DB PAWPHILE\Dog Skin Disease Dataset.v2i.folder\test\fungal infection\fungal_86_jpg.rf.33b663cdf41c306891cfc7b22a31336d.jpg,967,8c06e6cc-78fc-4123-96c3-b416861b9b2a,fungal infection,fungal infection,"[""alopecia"", ""scaling""]",disease-level (provisional),research-only,unsupported,test,skin,unknown,C,,0.0,1.0,0.0,1.0,0.0,0.0,0.0,0.0,"['alopecia', 'scaling']",test
b6663d33-1839-4274-ba82-10a94d773725,Roboflow,C:\Users\ESSAKKI RAJA T  EV\OneDrive\Desktop\DB PAWPHILE\Dog Skin Disease Dataset.v2i.folder\train\fungal infection\fungal_151_jpg.rf.4715465963dbc5f57c523a4688ebf11f.jpg,626,bc9f9454-9733-4603-be9a-9d1d1cc41b32,fungal infection,fungal infection,"[""alopecia"", ""scaling""]",disease-level (provisional),research-only,unsupported,train,skin,unknown,C,,0.0,1.0,0.0,1.0,0.0,0.0,0.0,0.0,"['alopecia', 'scaling']",test
ac8bf101-131f-4064-8bfe-1b448da9a65a,Kaggle,C:\Users\ESSAKKI RAJA T  EV\OneDrive\Desktop\DB PAWPHILE\archive\train\ringworm\WIN_20240514_17_38_52_Pro_jpg.rf.a0787472e06f43e1591dfc668a969ff1.jpg,1690,40310761-8d6c-4ca7-9314-db5d8651a4d2,ringworm,fungal infection,"[""alopecia"", ""scaling""]",disease-level (provisional),research-only,unsupported,train,skin,unknown,C,,0.0,1.0,0.0,1.0,0.0,0.0,0.0,0.0,"['alopecia', 'scaling']",test
ec713038-12aa-4a99-89e9-a4ec3c9f786d,Roboflow,C:\Users\ESSAKKI RAJA T  EV\OneDrive\Desktop\DB PAWPHILE\Dog Skin Disease Dataset.v2i.folder\train\bacterial dermatosis\bacterial_derm_34_jpg.rf.298a8103e6c017b6c000c62d806e906e.jpg,1369,5e80e291-8c94-419f-8e5f-c516aa716a49,bacterial dermatosis,bacterial dermatosis,"[""erythema"", ""pustule"", ""crust""]",disease-level (provisional),research-only,unsupported,train,skin,unknown,C,,1.0,0.0,1.0,0.0,0.0,0.0,1.0,0.0,"['erythema', 'pustule', 'crust']",test
c0bf214e-501e-46f8-9859-3cea63fcfc28,Roboflow,C:\Users\ESSAKKI RAJA T  EV\OneDrive\Desktop\DB PAWPHILE\Dog Skin Disease Dataset.v2i.folder\valid\fungal infection\fungal_290_jpg.rf.a432af72cf17f58f3a360eb40dec752d.jpg,154,2dd0de67-14ca-4433-897a-6d1de87f8cf5,fungal infection,fungal infection,"[""alopecia"", ""scaling""]",disease-level (provisional),research-only,unsupported,valid,skin,unknown,C,,0.0,1.0,0.0,1.0,0.0,0.0,0.0,0.0,"['alopecia', 'scaling']",test
b7131f5e-fed0-4d92-b15e-df309edcb6e0,Roboflow,C:\Users\ESSAKKI RAJA T  EV\OneDrive\Desktop\DB PAWPHILE\Dog Skin Disease Dataset.v2i.folder\train\bacterial dermatosis\bacterial22_jpg.rf.0e83496d6e3d640f79cd372da7e09259.jpg,1426,5de165dd-04ef-428b-87c2-981ea2e03361,bacterial dermatosis,bacterial dermatosis,"[""erythema"", ""pustule"", ""crust""]",disease-level (provisional),research-only,unsupported,train,skin,unknown,C,,1.0,0.0,1.0,0.0,0.0,0.0,1.0,0.0,"['erythema', 'pustule', 'crust']",test
10c5afdd-8b3c-4faf-9088-bdfd98a5c7ff,Kaggle,C:\Users\ESSAKKI RAJA T  EV\OneDrive\Desktop\DB PAWPHILE\archive\train\Hypersensitivity\1337_jpg.rf.8c653e23ffa15dcd7d3e5e8d35b1920c.jpg,449,873f32ee-d1f1-416f-b162-55e213bab961,Hypersensitivity,hypersensitivity / allergic dermatitis,"[""erythema"", ""lichenification""]",disease-level (provisional),research-only,unsupported,train,skin,unknown,C,,1.0,0.0,0.0,0.0,0.0,0.0,0.0,1.0,"['erythema', 'lichenification']",test
230f301e-bc26-453e-a040-74bbeaec45ec,Kaggle,C:\Users\ESSAKKI RAJA T  EV\OneDrive\Desktop\DB PAWPHILE\archive\train\Healthy\GettyImages-665692493-93a3738e52764fbda4e65a509230d470_jpg.rf.0ff89eb0143ad01c3671e36d53a594c0.jpg,1237,f469c919-835c-4fd6-a6a1-8d1c8b5061c7,Healthy,healthy,[],disease-level (provisional),research-only,unsupported,train,skin,unknown,C,,0.0,0.0,0.0,0.0,0.0,0.0,0.0,0.0,[],test
e2cada28-e9e4-4bd4-b8fe-42a78ad437eb,Kaggle,C:\Users\ESSAKKI RAJA T  EV\OneDrive\Desktop\DB PAWPHILE\archive\train\ringworm\F6C9DE00-6537-4BBA-9190-139E3276427E_jpeg_jpg.rf.c0b81e6645e6e9790ccd1d434c7266f0.jpg,1845,cb32e777-435b-4fc5-b888-e9c5ec0c0e99,ringworm,fungal infection,"[""alopecia"", ""scaling""]",disease-level (provisional),research-only,unsupported,train,skin,unknown,C,,0.0,1.0,0.0,1.0,0.0,0.0,0.0,0.0,"['alopecia', 'scaling']",test
9a626b95-4ca0-4a70-bfd8-eb2e4deb6343,Roboflow,C:\Users\ESSAKKI RAJA T  EV\OneDrive\Desktop\DB PAWPHILE\Dog Skin Disease Dataset.v2i.folder\train\healthy\healthy_283_jpg.rf.55e403ff8b38e6a3ddf19a5afcad6413.jpg,1732,c91d7c45-3f62-4633-8c81-242718b22966,healthy,healthy,[],disease-level (provisional),research-only,unsupported,train,skin,unknown,C,,0.0,0.0,0.0,0.0,0.0,0.0,0.0,0.0,[],test
b33e4751-8c9b-46e9-9bfd-befa241ce227,Roboflow,C:\Users\ESSAKKI RAJA T  EV\OneDrive\Desktop\DB PAWPHILE\Dog Skin Disease Dataset.v2i.folder\test\healthy\healthy_221_jpg.rf.35d066a5aa9b862bdeb8c64f45c5ed0f.jpg,1570,9770b21c-8412-483f-b45e-201392843223,healthy,healthy,[],disease-level (provisional),research-only,unsupported,test,skin,unknown,C,,0.0,0.0,0.0,0.0,0.0,0.0,0.0,0.0,[],test
f7054f9d-aefa-4d98-a53e-650f0ef148af,Kaggle,C:\Users\ESSAKKI RAJA T  EV\OneDrive\Desktop\DB PAWPHILE\archive\train\Dermatitis\hotspot-4-_jpg.rf.b38919acd30f2f7dca9fb1ba9628c7c2.jpg,1105,5116eca7-ab13-4384-9131-a1a1551fb61d,Dermatitis,nonspecific dermatitis,"[""erythema"", ""scaling""]",disease-level (provisional),research-only,unsupported,train,skin,unknown,C,,1.0,0.0,0.0,1.0,0.0,0.0,0.0,0.0,"['erythema', 'scaling']",test
9fad1c7f-7671-4dfa-b18d-95160031163e,Kaggle,C:\Users\ESSAKKI RAJA T  EV\OneDrive\Desktop\DB PAWPHILE\archive\valid\Healthy\dogs_003_jpg.rf.c0a90539ee27d074ef096f53f859fe76.jpg,749,215af707-eb2c-4db0-993e-d0d644d93ef1,Healthy,healthy,[],disease-level (provisional),research-only,unsupported,valid,skin,unknown,C,,0.0,0.0,0.0,0.0,0.0,0.0,0.0,0.0,[],test
85a77de7-1745-40dd-a0d2-31c96484faf7,Kaggle,C:\Users\ESSAKKI RAJA T  EV\OneDrive\Desktop\DB PAWPHILE\archive\test\Fungal_infections\FUNGAL-INFECTION_049_jpg.rf.afc6f6964c0c81a28ba7369058573975.jpg,733,2e58d030-1697-49b5-aaa1-237cb9b13592,Fungal_infections,fungal infection,"[""alopecia"", ""scaling""]",disease-level (provisional),research-only,unsupported,test,skin,unknown,C,,0.0,1.0,0.0,1.0,0.0,0.0,0.0,0.0,"['alopecia', 'scaling']",test
d859bfd5-7c18-4c73-aad8-ef2ffa3a14ef,Roboflow,C:\Users\ESSAKKI RAJA T  EV\OneDrive\Desktop\DB PAWPHILE\Dog Skin Disease Dataset.v2i.folder\test\bacterial dermatosis\bacterial_117_jpg.rf.c1e4fe1a70c2baadae763af6dd996f27.jpg,88,4896255a-d094-4746-a057-595ee1f12327,bacterial dermatosis,bacterial dermatosis,"[""erythema"", ""pustule"", ""crust""]",disease-level (provisional),research-only,unsupported,test,skin,unknown,C,,1.0,0.0,1.0,0.0,0.0,0.0,1.0,0.0,"['erythema', 'pustule', 'crust']",test
a1240e69-14c3-448d-8028-1ff6d2eab34b,Kaggle,C:\Users\ESSAKKI RAJA T  EV\OneDrive\Desktop\DB PAWPHILE\archive\test\Healthy\HEALTHY_028_jpg.rf.ce744333a45fc35ae0dd50b27531273d.jpg,1028,a1f5c9a1-42b8-45c4-8033-030812a71db6,Healthy,healthy,[],disease-level (provisional),research-only,unsupported,test,skin,unknown,C,,0.0,0.0,0.0,0.0,0.0,0.0,0.0,0.0,[],test
9c09755e-96a9-44d7-ada8-1260422bc2ab,Kaggle,C:\Users\ESSAKKI RAJA T  EV\OneDrive\Desktop\DB PAWPHILE\archive\test\Dermatitis\hotspot-105-_jpg.rf.7592aced9502690ea31425f628eef6b2.jpg,224,8db27f8d-700c-445d-bb5a-472f41d46d89,Dermatitis,nonspecific dermatitis,"[""erythema"", ""scaling""]",disease-level (provisional),research-only,unsupported,test,skin,unknown,C,,1.0,0.0,0.0,1.0,0.0,0.0,0.0,0.0,"['erythema', 'scaling']",test
75eed7be-05bd-498b-ad9a-508914ce8f16,Kaggle,C:\Users\ESSAKKI RAJA T  EV\OneDrive\Desktop\DB PAWPHILE\archive\train\Fungal_infections\pic29_jpg.rf.c0ac9a1518ed0cbc04af74af519d4b9c.jpg,346,101174d3-71d3-4a6f-b12a-8aa476ed0b85,Fungal_infections,fungal infection,"[""alopecia"", ""scaling""]",disease-level (provisional),research-only,unsupported,train,skin,unknown,C,,0.0,1.0,0.0,1.0,0.0,0.0,0.0,0.0,"['alopecia', 'scaling']",test
e70320bb-24cf-4950-b0eb-59c50d74048d,Kaggle,C:\Users\ESSAKKI RAJA T  EV\OneDrive\Desktop\DB PAWPHILE\archive\valid\demodicosis\2024-05-13-133853_2_jpg.rf.a8c8637160a0d18ecb99985690957de3.jpg,753,637d18ba-6aec-4454-b0ec-b62cc42347fb,demodicosis,demodicosis,"[""alopecia"", ""erythema"", ""crust""]",disease-level (provisional),research-only,unsupported,valid,skin,unknown,C,,1.0,1.0,1.0,0.0,0.0,0.0,0.0,0.0,"['alopecia', 'erythema', 'crust']",test
cdb978f7-8eaa-436d-a21e-eeb5035c895c,Kaggle,C:\Users\ESSAKKI RAJA T  EV\OneDrive\Desktop\DB PAWPHILE\archive\test\demodicosis\IMG_5178_jpeg_jpg.rf.0ce91e7de181050285b871b19bee5bd7.jpg,1282,93da48da-1056-47f1-83c2-02c1a0d8aa76,demodicosis,demodicosis,"[""alopecia"", ""erythema"", ""crust""]",disease-level (provisional),research-only,unsupported,test,skin,unknown,C,,1.0,1.0,1.0,0.0,0.0,0.0,0.0,0.0,"['alopecia', 'erythema', 'crust']",test
104bf4a6-51ae-40d1-a916-145c393bdeea,Roboflow,C:\Users\ESSAKKI RAJA T  EV\OneDrive\Desktop\DB PAWPHILE\Dog Skin Disease Dataset.v2i.folder\test\fungal infection\fungal_24_jpg.rf.6fe01d3e1fd151a8f3273c9a3e8d9286.jpg,78,f06530df-1f12-430e-bd5a-860f93208ba6,fungal infection,fungal infection,"[""alopecia"", ""scaling""]",disease-level (provisional),research-only,unsupported,test,skin,unknown,C,,0.0,1.0,0.0,1.0,0.0,0.0,0.0,0.0,"['alopecia', 'scaling']",test
ffc470db-a782-4342-81bf-66ecbf332b70,Kaggle,C:\Users\ESSAKKI RAJA T  EV\OneDrive\Desktop\DB PAWPHILE\archive\test\ringworm\R30_png_jpg.rf.ef0d3534fb59be625aa6ff9410ca446d.jpg,644,4ef279c3-ad06-49a0-b77b-d10d304cbaa9,ringworm,fungal infection,"[""alopecia"", ""scaling""]",disease-level (provisional),research-only,unsupported,test,skin,unknown,C,,0.0,1.0,0.0,1.0,0.0,0.0,0.0,0.0,"['alopecia', 'scaling']",test
0ef41cb4-d3d7-4f84-b20e-78f64f05c23d,Kaggle,C:\Users\ESSAKKI RAJA T  EV\OneDrive\Desktop\DB PAWPHILE\archive\valid\demodicosis\scabies_127_png_jpg.rf.2b730b950c92f22ad4760aae0e33adf4.jpg,1477,04ab7c04-6999-4fd4-b9df-9d8edfa7d85a,demodicosis,demodicosis,"[""alopecia"", ""erythema"", ""crust""]",disease-level (provisional),research-only,unsupported,valid,skin,unknown,C,,1.0,1.0,1.0,0.0,0.0,0.0,0.0,0.0,"['alopecia', 'erythema', 'crust']",test
e0b7e306-774c-4eb9-b48f-9d3815fb7142,Kaggle,C:\Users\ESSAKKI RAJA T  EV\OneDrive\Desktop\DB PAWPHILE\archive\test\Dermatitis\Bacteria4_png_jpg.rf.5b54ba6bae20ce42f42ad8cd1c2d4f51.jpg,1126,8389fe2d-68fc-4164-8a33-6892e788f1e5,Dermatitis,nonspecific dermatitis,"[""erythema"", ""scaling""]",disease-level (provisional),research-only,unsupported,test,skin,unknown,C,,1.0,0.0,0.0,1.0,0.0,0.0,0.0,0.0,"['erythema', 'scaling']",test
5c54bae4-bf1f-476c-8b51-e892ab06eef3,Roboflow,C:\Users\ESSAKKI RAJA T  EV\OneDrive\Desktop\DB PAWPHILE\Dog Skin Disease Dataset.v2i.folder\train\fungal infection\fungal_17_jpg.rf.29d761fa05b7998fbf9ecd3cb98e97e6.jpg,1852,78b56bfb-bdb7-4b64-9499-394c45a8f959,fungal infection,fungal infection,"[""alopecia"", ""scaling""]",disease-level (provisional),research-only,unsupported,train,skin,unknown,C,,0.0,1.0,0.0,1.0,0.0,0.0,0.0,0.0,"['alopecia', 'scaling']",test
44dfb10c-3170-4fe7-a400-d483bd31783b,Kaggle,C:\Users\ESSAKKI RAJA T  EV\OneDrive\Desktop\DB PAWPHILE\archive\valid\Healthy\pic52_jpg.rf.658430b894f653db37ef7db132d769c5.jpg,638,9859824b-9615-4fef-90fe-946b160eb210,Healthy,healthy,[],disease-level (provisional),research-only,unsupported,valid,skin,unknown,C,,0.0,0.0,0.0,0.0,0.0,0.0,0.0,0.0,[],test
82432f16-e406-4ecd-bbc4-a9164f30c7a7,Roboflow,C:\Users\ESSAKKI RAJA T  EV\OneDrive\Desktop\DB PAWPHILE\Dog Skin Disease Dataset.v2i.folder\valid\bacterial dermatosis\bacterial_4_jpg.rf.561ad75207adc21678fedd72d4e42426.jpg,1493,87b96cd9-bc60-45bd-8094-794edde96137,bacterial dermatosis,bacterial dermatosis,"[""erythema"", ""pustule"", ""crust""]",disease-level (provisional),research-only,unsupported,valid,skin,unknown,C,,1.0,0.0,1.0,0.0,0.0,0.0,1.0,0.0,"['erythema', 'pustule', 'crust']",test
45508566-698c-4e18-874a-2088809c4e6f,Kaggle,C:\Users\ESSAKKI RAJA T  EV\OneDrive\Desktop\DB PAWPHILE\archive\valid\ringworm\R36_png_jpg.rf.b5a6e896d07a483ba2889fe6dafaa7eb.jpg,1171,c1439d63-e626-4f13-8ffc-b9b6a085408c,ringworm,fungal infection,"[""alopecia"", ""scaling""]",disease-level (provisional),research-only,unsupported,valid,skin,unknown,C,,0.0,1.0,0.0,1.0,0.0,0.0,0.0,0.0,"['alopecia', 'scaling']",test
b35908e3-86ec-468c-b543-0d3d88572022,Roboflow,C:\Users\ESSAKKI RAJA T  EV\OneDrive\Desktop\DB PAWPHILE\Dog Skin Disease Dataset.v2i.folder\valid\bacterial dermatosis\bacterial_154_jpg.rf.1aa6f9dda681665ce1454a28ade40be4.jpg,922,6bf5d1a8-e6f8-4bc6-9c7a-87d46a77e775,bacterial dermatosis,bacterial dermatosis,"[""erythema"", ""pustule"", ""crust""]",disease-level (provisional),research-only,unsupported,valid,skin,unknown,C,,1.0,0.0,1.0,0.0,0.0,0.0,1.0,0.0,"['erythema', 'pustule', 'crust']",test
23d07b88-292e-44b4-9d8d-e0b3adc6654f,Kaggle,C:\Users\ESSAKKI RAJA T  EV\OneDrive\Desktop\DB PAWPHILE\archive\valid\demodicosis\IMG_5264_jpeg_jpg.rf.a171bd5912afe4cc1e6871f8f76916ff.jpg,817,a5e44af9-16a2-45d1-ae70-3caceff7a7c5,demodicosis,demodicosis,"[""alopecia"", ""erythema"", ""crust""]",disease-level (provisional),research-only,unsupported,valid,skin,unknown,C,,1.0,1.0,1.0,0.0,0.0,0.0,0.0,0.0,"['alopecia', 'erythema', 'crust']",test
018ab54d-050e-450a-88b0-999d8c28c534,Roboflow,C:\Users\ESSAKKI RAJA T  EV\OneDrive\Desktop\DB PAWPHILE\Dog Skin Disease Dataset.v2i.folder\valid\fungal infection\fungal_309_jpg.rf.a4950a6ca786d8573ffcff0283bcad1f.jpg,510,cd68fd30-fb0b-49ce-b9e2-667566adbdb9,fungal infection,fungal infection,"[""alopecia"", ""scaling""]",disease-level (provisional),research-only,unsupported,valid,skin,unknown,C,,0.0,1.0,0.0,1.0,0.0,0.0,0.0,0.0,"['alopecia', 'scaling']",test
e5e8f010-cdbc-441c-af59-b926afcc31da,Kaggle,C:\Users\ESSAKKI RAJA T  EV\OneDrive\Desktop\DB PAWPHILE\archive\valid\Dermatitis\1000010634_x4_jpg.rf.701df39a44e33a596c53111a0fa6e1fc.jpg,1718,62eee4c5-b940-43ca-80cb-f0cdddbc51a5,Dermatitis,nonspecific dermatitis,"[""erythema"", ""scaling""]",disease-level (provisional),research-only,unsupported,valid,skin,unknown,C,,1.0,0.0,0.0,1.0,0.0,0.0,0.0,0.0,"['erythema', 'scaling']",test
24a83a61-9702-4407-8b6f-081a79d21ef3,Kaggle,C:\Users\ESSAKKI RAJA T  EV\OneDrive\Desktop\DB PAWPHILE\archive\valid\demodicosis\2024-05-13-165037_jpg.rf.d752d94ae54782e01131a101617b56b2.jpg,1590,7d6d6ea6-3a3f-4180-a9cd-d0b00a37b6f4,demodicosis,demodicosis,"[""alopecia"", ""erythema"", ""crust""]",disease-level (provisional),research-only,unsupported,valid,skin,unknown,C,,1.0,1.0,1.0,0.0,0.0,0.0,0.0,0.0,"['alopecia', 'erythema', 'crust']",test
73c72076-d9e4-4c85-9702-8fa073be525b,Roboflow,C:\Users\ESSAKKI RAJA T  EV\OneDrive\Desktop\DB PAWPHILE\Dog Skin Disease Dataset.v2i.folder\train\healthy\healthy_316_jpg.rf.6091809754d9b417b02da84a3dc7943a.jpg,969,26e3dfbb-85d8-4faf-9216-4b2a5f52ab01,healthy,healthy,[],disease-level (provisional),research-only,unsupported,train,skin,unknown,C,,0.0,0.0,0.0,0.0,0.0,0.0,0.0,0.0,[],test
89149a5f-5108-44cf-b593-678af3368c90,Kaggle,C:\Users\ESSAKKI RAJA T  EV\OneDrive\Desktop\DB PAWPHILE\archive\train\demodicosis\2024-05-13-163733_jpg.rf.c50e58ad640229480fe3d1f35978e121.jpg,978,e4fde46a-fd82-450b-bd4e-512bdf1149ef,demodicosis,demodicosis,"[""alopecia"", ""erythema"", ""crust""]",disease-level (provisional),research-only,unsupported,train,skin,unknown,C,,1.0,1.0,1.0,0.0,0.0,0.0,0.0,0.0,"['alopecia', 'erythema', 'crust']",test
5c58b73a-bad7-4a9c-9c85-83e3c270b189,Roboflow,C:\Users\ESSAKKI RAJA T  EV\OneDrive\Desktop\DB PAWPHILE\Dog Skin Disease Dataset.v2i.folder\valid\fungal infection\fungal_287_jpg.rf.f032203838c8140401b70aad2b7a7a1b.jpg,299,7594dc96-6436-49b5-ad12-2b842d10da2b,fungal infection,fungal infection,"[""alopecia"", ""scaling""]",disease-level (provisional),research-only,unsupported,valid,skin,unknown,C,,0.0,1.0,0.0,1.0,0.0,0.0,0.0,0.0,"['alopecia', 'scaling']",test
c92662f9-69dc-45c6-9c26-f75acdec3f52,Roboflow,C:\Users\ESSAKKI RAJA T  EV\OneDrive\Desktop\DB PAWPHILE\Dog Skin Disease Dataset.v2i.folder\train\hypersensitivity dermatitis\hypersensitivity_179_jpg.rf.83eebcfefee8927de62747c9cc7d13b1.jpg,1588,69bbdae4-fa31-4873-980e-471e72cd1eef,hypersensitivity dermatitis,hypersensitivity / allergic dermatitis,"[""erythema"", ""lichenification""]",disease-level (provisional),research-only,unsupported,train,skin,unknown,C,,1.0,0.0,0.0,0.0,0.0,0.0,0.0,1.0,"['erythema', 'lichenification']",test
330405c7-0bdb-499f-a1f6-71e73aa4e834,Kaggle,C:\Users\ESSAKKI RAJA T  EV\OneDrive\Desktop\DB PAWPHILE\archive\valid\Dermatitis\HOT-SPOT-IN-DOG-HOW-vet-treated-symptom-prevention_-flea-bite-moist-eczema_dog-itching-000499_png_jpg.rf.2cea4cfe09658cf441e7c7e378940dc1.jpg,515,bc78d4c6-0464-4ca8-8991-840e29002196,Dermatitis,nonspecific dermatitis,"[""erythema"", ""scaling""]",disease-level (provisional),research-only,unsupported,valid,skin,unknown,C,,1.0,0.0,0.0,1.0,0.0,0.0,0.0,0.0,"['erythema', 'scaling']",test
3f6bb05f-d796-4383-a98b-ae078a115425,Roboflow,C:\Users\ESSAKKI RAJA T  EV\OneDrive\Desktop\DB PAWPHILE\Dog Skin Disease Dataset.v2i.folder\train\healthy\healthy_272_jpg.rf.8cfb7e6a3ea48b0276eed40d0806d15a.jpg,618,e8847c08-2a30-401c-9ce6-feebaa54b6dd,healthy,healthy,[],disease-level (provisional),research-only,unsupported,train,skin,unknown,C,,0.0,0.0,0.0,0.0,0.0,0.0,0.0,0.0,[],test
2417d482-dcd3-48b5-a3d5-abc9cb07037d,Roboflow,C:\Users\ESSAKKI RAJA T  EV\OneDrive\Desktop\DB PAWPHILE\Dog Skin Disease Dataset.v2i.folder\train\hypersensitivity dermatitis\hypersensitivity_derm1_jpg.rf.29cf728edadb93401000f22514a6ab38.jpg,1464,f3aa8a05-bf92-4686-baee-6b4bf2503c16,hypersensitivity dermatitis,hypersensitivity / allergic dermatitis,"[""erythema"", ""lichenification""]",disease-level (provisional),research-only,unsupported,train,skin,unknown,C,,1.0,0.0,0.0,0.0,0.0,0.0,0.0,1.0,"['erythema', 'lichenification']",test
7825942c-7d4e-48d5-aab8-a8c39a6204dc,Kaggle,C:\Users\ESSAKKI RAJA T  EV\OneDrive\Desktop\DB PAWPHILE\archive\valid\demodicosis\IMG_5167_jpeg_jpg.rf.49460d5d9bda368833521a4d7d1466ea.jpg,483,f7297b8d-6335-43d2-9405-d65df2d8517e,demodicosis,demodicosis,"[""alopecia"", ""erythema"", ""crust""]",disease-level (provisional),research-only,unsupported,valid,skin,unknown,C,,1.0,1.0,1.0,0.0,0.0,0.0,0.0,0.0,"['alopecia', 'erythema', 'crust']",test
757eed15-17cd-436e-ac6d-a019bf2d3900,Roboflow,C:\Users\ESSAKKI RAJA T  EV\OneDrive\Desktop\DB PAWPHILE\Dog Skin Disease Dataset.v2i.folder\train\bacterial dermatosis\bacterial_395_jpg.rf.07a34af308c90f3ea00c28b893f0b429.jpg,1584,66e73fa5-8718-40f4-936d-2ceb236a7558,bacterial dermatosis,bacterial dermatosis,"[""erythema"", ""pustule"", ""crust""]",disease-level (provisional),research-only,unsupported,train,skin,unknown,C,,1.0,0.0,1.0,0.0,0.0,0.0,1.0,0.0,"['erythema', 'pustule', 'crust']",test
e4d0fc99-6695-4ad3-9f2b-925a95a88aee,Kaggle,C:\Users\ESSAKKI RAJA T  EV\OneDrive\Desktop\DB PAWPHILE\archive\test\ringworm\ringworm-21-_jpg.rf.97c36f9567318c0f93793417910477e1.jpg,80,0f39f790-0a77-4041-9d58-547e464147e8,ringworm,fungal infection,"[""alopecia"", ""scaling""]",disease-level (provisional),research-only,unsupported,test,skin,unknown,C,,0.0,1.0,0.0,1.0,0.0,0.0,0.0,0.0,"['alopecia', 'scaling']",test
aa7ff1c1-2fad-4e8c-bc0d-1680f3f5e1c6,Roboflow,C:\Users\ESSAKKI RAJA T  EV\OneDrive\Desktop\DB PAWPHILE\Dog Skin Disease Dataset.v2i.folder\train\hypersensitivity dermatitis\hypersensitivity_116_jpg.rf.210fb99a2214b6489d2b7005b9a44e4a.jpg,1085,6814f881-491a-493a-adad-389fb983fc8d,hypersensitivity dermatitis,hypersensitivity / allergic dermatitis,"[""erythema"", ""lichenification""]",disease-level (provisional),research-only,unsupported,train,skin,unknown,C,,1.0,0.0,0.0,0.0,0.0,0.0,0.0,1.0,"['erythema', 'lichenification']",test
09a44019-d32a-4abe-91e7-b5b95c525492,Roboflow,C:\Users\ESSAKKI RAJA T  EV\OneDrive\Desktop\DB PAWPHILE\Dog Skin Disease Dataset.v2i.folder\train\bacterial dermatosis\bacterial_248_jpg.rf.2186f8cba233fac91cbe11b40645a682.jpg,1249,d94b8449-5c30-477d-a634-a2143f5d39db,bacterial dermatosis,bacterial dermatosis,"[""erythema"", ""pustule"", ""crust""]",disease-level (provisional),research-only,unsupported,train,skin,unknown,C,,1.0,0.0,1.0,0.0,0.0,0.0,1.0,0.0,"['erythema', 'pustule', 'crust']",test
15dcc24c-7a68-4fe3-bf17-90b41e0c1846,Roboflow,C:\Users\ESSAKKI RAJA T  EV\OneDrive\Desktop\DB PAWPHILE\Dog Skin Disease Dataset.v2i.folder\train\bacterial dermatosis\bacterial_199_jpg.rf.73adde6f6d9e4cd533afb85a4d1c6840.jpg,970,fda4d11c-61c6-4416-852f-e5d74e4d273c,bacterial dermatosis,bacterial dermatosis,"[""erythema"", ""pustule"", ""crust""]",disease-level (provisional),research-only,unsupported,train,skin,unknown,C,,1.0,0.0,1.0,0.0,0.0,0.0,1.0,0.0,"['erythema', 'pustule', 'crust']",test
6860aa4a-1ef8-48de-b9d4-6d388817a514,Roboflow,C:\Users\ESSAKKI RAJA T  EV\OneDrive\Desktop\DB PAWPHILE\Dog Skin Disease Dataset.v2i.folder\train\healthy\healthy_132_jpg.rf.da3e94ec198ab61725a64dad9b27f12b.jpg,1491,9f9b096e-4ea5-48be-a833-635c6ab29c8b,healthy,healthy,[],disease-level (provisional),research-only,unsupported,train,skin,unknown,C,,0.0,0.0,0.0,0.0,0.0,0.0,0.0,0.0,[],test
513d7039-cd7f-4510-8110-838532756cad,Kaggle,C:\Users\ESSAKKI RAJA T  EV\OneDrive\Desktop\DB PAWPHILE\archive\valid\Fungal_infections\pic68_jpg.rf.bac900586b8d91c3655a4825edf602f7.jpg,1225,0595a884-ce0a-4440-9fc6-3a56a0ff5dd7,Fungal_infections,fungal infection,"[""alopecia"", ""scaling""]",disease-level (provisional),research-only,unsupported,valid,skin,unknown,C,,0.0,1.0,0.0,1.0,0.0,0.0,0.0,0.0,"['alopecia', 'scaling']",test
e66e623a-8f3b-42b3-bdac-dfec5beabfd3,Kaggle,C:\Users\ESSAKKI RAJA T  EV\OneDrive\Desktop\DB PAWPHILE\archive\test\demodicosis\1-24-_png_jpg.rf.65a1621038afa97de3b9f24d1cf9f4e4.jpg,924,e7fc0f0a-ebbb-4466-903b-9b1eca0b02ab,demodicosis,demodicosis,"[""alopecia"", ""erythema"", ""crust""]",disease-level (provisional),research-only,unsupported,test,skin,unknown,C,,1.0,1.0,1.0,0.0,0.0,0.0,0.0,0.0,"['alopecia', 'erythema', 'crust']",test
c5d3413c-22e7-4612-a090-da5ad5f23260,Roboflow,C:\Users\ESSAKKI RAJA T  EV\OneDrive\Desktop\DB PAWPHILE\Dog Skin Disease Dataset.v2i.folder\train\fungal infection\fungal_185_jpg.rf.2071b994e8686b14d9799eb744fb97ae.jpg,270,cc0e99c2-1781-4d19-8ddf-2b20716e0237,fungal infection,fungal infection,"[""alopecia"", ""scaling""]",disease-level (provisional),research-only,unsupported,train,skin,unknown,C,,0.0,1.0,0.0,1.0,0.0,0.0,0.0,0.0,"['alopecia', 'scaling']",test
0df20775-8709-4339-af94-548b449a85d5,Roboflow,C:\Users\ESSAKKI RAJA T  EV\OneDrive\Desktop\DB PAWPHILE\Dog Skin Disease Dataset.v2i.folder\train\fungal infection\fungal_291_jpg.rf.98b609eb0c86b06f5ddd483ff7c0ef43.jpg,1524,4fe4f518-f8b6-4dbe-a959-80ac66edaa50,fungal infection,fungal infection,"[""alopecia"", ""scaling""]",disease-level (provisional),research-only,unsupported,train,skin,unknown,C,,0.0,1.0,0.0,1.0,0.0,0.0,0.0,0.0,"['alopecia', 'scaling']",test
f56344e2-7043-4115-807a-4974c86434ef,Roboflow,C:\Users\ESSAKKI RAJA T  EV\OneDrive\Desktop\DB PAWPHILE\Dog Skin Disease Dataset.v2i.folder\train\bacterial dermatosis\bacterial_derm_13_jpg.rf.dbd6e77249d24f8dc787232c6bd050f8.jpg,393,0d250179-0d69-4d88-a467-919d38fe4d52,bacterial dermatosis,bacterial dermatosis,"[""erythema"", ""pustule"", ""crust""]",disease-level (provisional),research-only,unsupported,train,skin,unknown,C,,1.0,0.0,1.0,0.0,0.0,0.0,1.0,0.0,"['erythema', 'pustule', 'crust']",test
64d05d81-031c-4210-861f-3ebf6d7e2f28,Kaggle,C:\Users\ESSAKKI RAJA T  EV\OneDrive\Desktop\DB PAWPHILE\archive\valid\ringworm\ringworm-136-_jpg.rf.880b50a547dc1ff17032d332e7d3f321.jpg,300,2027c80d-fe86-41e9-8c60-dbcff7b387a4,ringworm,fungal infection,"[""alopecia"", ""scaling""]",disease-level (provisional),research-only,unsupported,valid,skin,unknown,C,,0.0,1.0,0.0,1.0,0.0,0.0,0.0,0.0,"['alopecia', 'scaling']",test
36f249e8-34bf-4e54-a63d-fdeb3eb5c218,Kaggle,C:\Users\ESSAKKI RAJA T  EV\OneDrive\Desktop\DB PAWPHILE\archive\test\ringworm\436685073_799772981646313_4606726835859676318_n_jpg.rf.939eecbd5ab17556cca103dc01a3214e.jpg,693,7d5e7f22-1e9c-4ffa-9798-c0d514a11f71,ringworm,fungal infection,"[""alopecia"", ""scaling""]",disease-level (provisional),research-only,unsupported,test,skin,unknown,C,,0.0,1.0,0.0,1.0,0.0,0.0,0.0,0.0,"['alopecia', 'scaling']",test
9c5d65c7-30f0-4637-8016-ccb5774c03ed,Roboflow,C:\Users\ESSAKKI RAJA T  EV\OneDrive\Desktop\DB PAWPHILE\Dog Skin Disease Dataset.v2i.folder\valid\hypersensitivity dermatitis\hypersensitivity_376_jpg.rf.bb608d9bf632d0d0150fad93d8717144.jpg,830,0225b68e-cde8-4adb-9a28-5fb6b47d9efe,hypersensitivity dermatitis,hypersensitivity / allergic dermatitis,"[""erythema"", ""lichenification""]",disease-level (provisional),research-only,unsupported,valid,skin,unknown,C,,1.0,0.0,0.0,0.0,0.0,0.0,0.0,1.0,"['erythema', 'lichenification']",test
12e5ea57-9cdd-4a75-9931-31daf25f6707,Roboflow,C:\Users\ESSAKKI RAJA T  EV\OneDrive\Desktop\DB PAWPHILE\Dog Skin Disease Dataset.v2i.folder\valid\bacterial dermatosis\bacterial_338_jpg.rf.72ba66fd131073921bd22a2bec3e27ee.jpg,1872,67b14fcd-c757-404a-9321-339c997bc448,bacterial dermatosis,bacterial dermatosis,"[""erythema"", ""pustule"", ""crust""]",disease-level (provisional),research-only,unsupported,valid,skin,unknown,C,,1.0,0.0,1.0,0.0,0.0,0.0,1.0,0.0,"['erythema', 'pustule', 'crust']",test
13743c8a-e0a0-4e89-b7f4-a914cfd595cc,Kaggle,C:\Users\ESSAKKI RAJA T  EV\OneDrive\Desktop\DB PAWPHILE\archive\test\ringworm\R48_png_jpg.rf.dfda436b343a5864fa0c3f2c75ac9a54.jpg,594,8ba5fe14-e918-4caa-9e9d-ceb46a32c9f3,ringworm,fungal infection,"[""alopecia"", ""scaling""]",disease-level (provisional),research-only,unsupported,test,skin,unknown,C,,0.0,1.0,0.0,1.0,0.0,0.0,0.0,0.0,"['alopecia', 'scaling']",test
0069b909-9326-4a7b-a0ab-9c9e3260825d,Kaggle,C:\Users\ESSAKKI RAJA T  EV\OneDrive\Desktop\DB PAWPHILE\archive\valid\Dermatitis\May-is-allergy-awareness-month-here-at-The-Shot-Spot_00139_jpg.rf.6688747a7af963ce9e6e66ea954068de.jpg,897,809e7c54-8982-45a5-ae5a-bbf54535b261,Dermatitis,nonspecific dermatitis,"[""erythema"", ""scaling""]",disease-level (provisional),research-only,unsupported,valid,skin,unknown,C,,1.0,0.0,0.0,1.0,0.0,0.0,0.0,0.0,"['erythema', 'scaling']",test
4e6aa708-8a1e-4637-af03-3fa5a5d83a69,Roboflow,C:\Users\ESSAKKI RAJA T  EV\OneDrive\Desktop\DB PAWPHILE\Dog Skin Disease Dataset.v2i.folder\train\hypersensitivity dermatitis\hypersensitivity_350_jpg.rf.0298ef0896d02e9dd1f4323135fcb5b1.jpg,846,37fa7f68-f188-42a9-8758-1b60b0e9cd1c,hypersensitivity dermatitis,hypersensitivity / allergic dermatitis,"[""erythema"", ""lichenification""]",disease-level (provisional),research-only,unsupported,train,skin,unknown,C,,1.0,0.0,0.0,0.0,0.0,0.0,0.0,1.0,"['erythema', 'lichenification']",test
f6a455e9-3f71-4237-9138-c17eedc9e108,Kaggle,C:\Users\ESSAKKI RAJA T  EV\OneDrive\Desktop\DB PAWPHILE\archive\test\Fungal_infections\FUNGAL-INFECTION_018_jpg.rf.8de28511efc9648045c6479618df75f5.jpg,723,d7246cc6-47b8-40fb-9cc9-2d5b6d524f59,Fungal_infections,fungal infection,"[""alopecia"", ""scaling""]",disease-level (provisional),research-only,unsupported,test,skin,unknown,C,,0.0,1.0,0.0,1.0,0.0,0.0,0.0,0.0,"['alopecia', 'scaling']",test
0d40dfbd-118a-43b2-a86a-7f4e5b5e1ab6,Roboflow,C:\Users\ESSAKKI RAJA T  EV\OneDrive\Desktop\DB PAWPHILE\Dog Skin Disease Dataset.v2i.folder\test\fungal infection\fungal_inf_49_jpg.rf.58108a87307e03ecee2b6e5e1bbc6da0.jpg,652,dd0bf04f-2b8f-4288-9e38-5dfa3a262bb7,fungal infection,fungal infection,"[""alopecia"", ""scaling""]",disease-level (provisional),research-only,unsupported,test,skin,unknown,C,,0.0,1.0,0.0,1.0,0.0,0.0,0.0,0.0,"['alopecia', 'scaling']",test
e9715d1a-3284-452c-b29c-021a7e34e59d,Kaggle,C:\Users\ESSAKKI RAJA T  EV\OneDrive\Desktop\DB PAWPHILE\archive\test\ringworm\WIN_20240514_17_28_43_Pro_jpg.rf.cfa0da19be1be19b7458ffb2cc2dd2c4.jpg,364,cb4120cd-b671-43eb-828b-540c20f18831,ringworm,fungal infection,"[""alopecia"", ""scaling""]",disease-level (provisional),research-only,unsupported,test,skin,unknown,C,,0.0,1.0,0.0,1.0,0.0,0.0,0.0,0.0,"['alopecia', 'scaling']",test
4e8bc909-5fe7-406b-bec8-8cce0ee823f5,Kaggle,C:\Users\ESSAKKI RAJA T  EV\OneDrive\Desktop\DB PAWPHILE\archive\valid\demodicosis\2024-05-13-165649_jpg.rf.04e313c34b7577518d1fde13ed9fd9e0.jpg,1272,299380c1-bbe9-48cb-8f6e-b86e6cd9cf89,demodicosis,demodicosis,"[""alopecia"", ""erythema"", ""crust""]",disease-level (provisional),research-only,unsupported,valid,skin,unknown,C,,1.0,1.0,1.0,0.0,0.0,0.0,0.0,0.0,"['alopecia', 'erythema', 'crust']",test
cf9422ec-ba96-42f7-b1c3-6e9f6c0cf33b,Kaggle,C:\Users\ESSAKKI RAJA T  EV\OneDrive\Desktop\DB PAWPHILE\archive\train\Fungal_infections\1147_jpg.rf.9a4dfe6b7933144ae78b9a0fb059cc6b.jpg,1548,ac7ba49d-c2a6-4cd0-b134-2d453b14a183,Fungal_infections,fungal infection,"[""alopecia"", ""scaling""]",disease-level (provisional),research-only,unsupported,train,skin,unknown,C,,0.0,1.0,0.0,1.0,0.0,0.0,0.0,0.0,"['alopecia', 'scaling']",test
9819034a-20cc-4e55-a72f-132023b96e94,Kaggle,C:\Users\ESSAKKI RAJA T  EV\OneDrive\Desktop\DB PAWPHILE\archive\valid\Dermatitis\May-is-allergy-awareness-month-here-at-The-Shot-Spot_00022_jpg.rf.6050a3b1b3087aa579940fb416fa8e48.jpg,990,13345704-cf83-4d94-a134-b799a4a14944,Dermatitis,nonspecific dermatitis,"[""erythema"", ""scaling""]",disease-level (provisional),research-only,unsupported,valid,skin,unknown,C,,1.0,0.0,0.0,1.0,0.0,0.0,0.0,0.0,"['erythema', 'scaling']",test
7a862f5f-0948-4421-a060-fd26aae5ce81,Kaggle,C:\Users\ESSAKKI RAJA T  EV\OneDrive\Desktop\DB PAWPHILE\archive\test\Dermatitis\Thank-you-all-for-your-support_00007_jpg.rf.3a78cd0989b9de443bb48ed6fc963afa.jpg,1038,06442eeb-bc52-4b4c-be32-071548ed7ac7,Dermatitis,nonspecific dermatitis,"[""erythema"", ""scaling""]",disease-level (provisional),research-only,unsupported,test,skin,unknown,C,,1.0,0.0,0.0,1.0,0.0,0.0,0.0,0.0,"['erythema', 'scaling']",test
839855dc-f88a-43f1-92dc-3697130b965d,Kaggle,C:\Users\ESSAKKI RAJA T  EV\OneDrive\Desktop\DB PAWPHILE\archive\train\Hypersensitivity\B9781416056638000070_f007-034-9781416056638_jpg.rf.20ec00866700436fd991eed693823e53.jpg,1627,b071ad0a-ea23-4d64-b692-08467b28be93,Hypersensitivity,hypersensitivity / allergic dermatitis,"[""erythema"", ""lichenification""]",disease-level (provisional),research-only,unsupported,train,skin,unknown,C,,1.0,0.0,0.0,0.0,0.0,0.0,0.0,1.0,"['erythema', 'lichenification']",test
d7ffb313-a4f8-47d8-96ef-5ce16437e41a,Kaggle,C:\Users\ESSAKKI RAJA T  EV\OneDrive\Desktop\DB PAWPHILE\archive\valid\demodicosis\1-71-_png_jpg.rf.ace6d6b4f198036cb817844ff0d519d1.jpg,1780,a5d09641-991b-4083-a787-ec859be42a8d,demodicosis,demodicosis,"[""alopecia"", ""erythema"", ""crust""]",disease-level (provisional),research-only,unsupported,valid,skin,unknown,C,,1.0,1.0,1.0,0.0,0.0,0.0,0.0,0.0,"['alopecia', 'erythema', 'crust']",test
9a1f51be-6391-40dc-9806-eefd14cdc2dc,Kaggle,C:\Users\ESSAKKI RAJA T  EV\OneDrive\Desktop\DB PAWPHILE\archive\valid\Fungal_infections\1116_jpg.rf.6d0126a4f1c52c2cf03a30cc5fd86d34.jpg,956,373f1a0a-115a-47eb-b207-08c29bfd1543,Fungal_infections,fungal infection,"[""alopecia"", ""scaling""]",disease-level (provisional),research-only,unsupported,valid,skin,unknown,C,,0.0,1.0,0.0,1.0,0.0,0.0,0.0,0.0,"['alopecia', 'scaling']",test
4e863274-77e0-4403-928f-baa0116f076d,Roboflow,C:\Users\ESSAKKI RAJA T  EV\OneDrive\Desktop\DB PAWPHILE\Dog Skin Disease Dataset.v2i.folder\train\bacterial dermatosis\bacterial_derm_31_jpg.rf.6d59542f2db4783f008fc872f61b1cb4.jpg,687,3b9ff034-5ccf-4810-9bdf-e091c48b633e,bacterial dermatosis,bacterial dermatosis,"[""erythema"", ""pustule"", ""crust""]",disease-level (provisional),research-only,unsupported,train,skin,unknown,C,,1.0,0.0,1.0,0.0,0.0,0.0,1.0,0.0,"['erythema', 'pustule', 'crust']",test
316b73bc-424e-4df6-a6ec-509374965184,Roboflow,C:\Users\ESSAKKI RAJA T  EV\OneDrive\Desktop\DB PAWPHILE\Dog Skin Disease Dataset.v2i.folder\train\fungal infection\fungal_328_jpg.rf.23fd70d083b846b30fd276297dd6ccde.jpg,378,f428f148-da49-4965-8d51-5e2c1ce8f110,fungal infection,fungal infection,"[""alopecia"", ""scaling""]",disease-level (provisional),research-only,unsupported,train,skin,unknown,C,,0.0,1.0,0.0,1.0,0.0,0.0,0.0,0.0,"['alopecia', 'scaling']",test
33e393b9-15d9-43e8-a62a-39a7fbd1af44,Roboflow,C:\Users\ESSAKKI RAJA T  EV\OneDrive\Desktop\DB PAWPHILE\Dog Skin Disease Dataset.v2i.folder\train\healthy\healthy_train_25_jpg.rf.cb5ce2c956a66280e25aecf35e70edfa.jpg,870,904196e0-cc1d-477b-be35-938b0395a0c9,healthy,healthy,[],disease-level (provisional),research-only,unsupported,train,skin,unknown,C,,0.0,0.0,0.0,0.0,0.0,0.0,0.0,0.0,[],test
db0292b3-c81c-4e85-a55d-2d7ec23095fc,Roboflow,C:\Users\ESSAKKI RAJA T  EV\OneDrive\Desktop\DB PAWPHILE\Dog Skin Disease Dataset.v2i.folder\test\fungal infection\fungal_125_jpg.rf.84684bfcb44fb8884afcdb0a77cbb71a.jpg,928,e3b2108f-fb3c-4392-a5ba-8ae23574be79,fungal infection,fungal infection,"[""alopecia"", ""scaling""]",disease-level (provisional),research-only,unsupported,test,skin,unknown,C,,0.0,1.0,0.0,1.0,0.0,0.0,0.0,0.0,"['alopecia', 'scaling']",test
b16627c6-49bd-4564-b20e-2b9631f01eb3,Roboflow,C:\Users\ESSAKKI RAJA T  EV\OneDrive\Desktop\DB PAWPHILE\Dog Skin Disease Dataset.v2i.folder\train\fungal infection\fungal_271_jpg.rf.a2ee26290eee1e772fe6a498c0d2bd8d.jpg,350,5fc71752-4f02-4626-851a-37f354200b0c,fungal infection,fungal infection,"[""alopecia"", ""scaling""]",disease-level (provisional),research-only,unsupported,train,skin,unknown,C,,0.0,1.0,0.0,1.0,0.0,0.0,0.0,0.0,"['alopecia', 'scaling']",test
79e729e2-de1e-4dfa-aeb6-14ce6f2d58e0,Roboflow,C:\Users\ESSAKKI RAJA T  EV\OneDrive\Desktop\DB PAWPHILE\Dog Skin Disease Dataset.v2i.folder\train\bacterial dermatosis\bacterial_66_jpg.rf.9d6603bbcfd0e9c43a254a89bb52b1d1.jpg,1756,7456e509-5b87-4ec1-a91f-d0017812d029,bacterial dermatosis,bacterial dermatosis,"[""erythema"", ""pustule"", ""crust""]",disease-level (provisional),research-only,unsupported,train,skin,unknown,C,,1.0,0.0,1.0,0.0,0.0,0.0,1.0,0.0,"['erythema', 'pustule', 'crust']",test
ff28d69d-4110-438a-ab86-cb9ebdcbeeb1,Roboflow,C:\Users\ESSAKKI RAJA T  EV\OneDrive\Desktop\DB PAWPHILE\Dog Skin Disease Dataset.v2i.folder\test\hypersensitivity dermatitis\hypersensitivity_353_jpg.rf.acc20bbb25fc2bda46bbf79d091678fc.jpg,732,faf8a310-00f9-4ed1-acb1-84ce6b408444,hypersensitivity dermatitis,hypersensitivity / allergic dermatitis,"[""erythema"", ""lichenification""]",disease-level (provisional),research-only,unsupported,test,skin,unknown,C,,1.0,0.0,0.0,0.0,0.0,0.0,0.0,1.0,"['erythema', 'lichenification']",test
059f1b91-5cbc-4fc9-bbb7-ad54166e0f07,Kaggle,C:\Users\ESSAKKI RAJA T  EV\OneDrive\Desktop\DB PAWPHILE\archive\valid\Fungal_infections\FUNGAL-INFECTION_045_jpg.rf.ca1117f02294eafc5edb21633b266ab4.jpg,1035,7f860532-a060-4184-a104-990a7e87bcef,Fungal_infections,fungal infection,"[""alopecia"", ""scaling""]",disease-level (provisional),research-only,unsupported,valid,skin,unknown,C,,0.0,1.0,0.0,1.0,0.0,0.0,0.0,0.0,"['alopecia', 'scaling']",test
973e4af7-ab4a-4408-8739-fbf671320dd6,Roboflow,C:\Users\ESSAKKI RAJA T  EV\OneDrive\Desktop\DB PAWPHILE\Dog Skin Disease Dataset.v2i.folder\valid\hypersensitivity dermatitis\hypersensitivity_414_jpg.rf.74042192d0b0e0d8490ba666eab7d7fe.jpg,877,080f123d-b1e8-4063-9c6c-29302bb486d3,hypersensitivity dermatitis,hypersensitivity / allergic dermatitis,"[""erythema"", ""lichenification""]",disease-level (provisional),research-only,unsupported,valid,skin,unknown,C,,1.0,0.0,0.0,0.0,0.0,0.0,0.0,1.0,"['erythema', 'lichenification']",test
d953017d-1e45-4065-ab58-db32d03f7a47,Roboflow,C:\Users\ESSAKKI RAJA T  EV\OneDrive\Desktop\DB PAWPHILE\Dog Skin Disease Dataset.v2i.folder\train\fungal infection\fungal_247_jpg.rf.55a8698770526e64fe87386c78348b31.jpg,678,f4b87095-047b-4a0f-b54f-ef4cfb1f5cc0,fungal infection,fungal infection,"[""alopecia"", ""scaling""]",disease-level (provisional),research-only,unsupported,train,skin,unknown,C,,0.0,1.0,0.0,1.0,0.0,0.0,0.0,0.0,"['alopecia', 'scaling']",test
7bab412d-7211-492d-8993-f6dad51e5bb3,Kaggle,C:\Users\ESSAKKI RAJA T  EV\OneDrive\Desktop\DB PAWPHILE\archive\valid\Healthy\Image_23_jpg.rf.6395b6d2ed22f4005217b672a739169a.jpg,1539,85db9364-dcf9-4ac8-82e7-8eef4198391e,Healthy,healthy,[],disease-level (provisional),research-only,unsupported,valid,skin,unknown,C,,0.0,0.0,0.0,0.0,0.0,0.0,0.0,0.0,[],test
398f6aed-046a-440e-85d7-70d40ed22709,Roboflow,C:\Users\ESSAKKI RAJA T  EV\OneDrive\Desktop\DB PAWPHILE\Dog Skin Disease Dataset.v2i.folder\test\hypersensitivity dermatitis\hypersensitivity_73_jpg.rf.36bd25646676e47f693d1dcd0d2605ce.jpg,1006,82a7f1df-e3c7-492e-bc14-97e844541d3c,hypersensitivity dermatitis,hypersensitivity / allergic dermatitis,"[""erythema"", ""lichenification""]",disease-level (provisional),research-only,unsupported,test,skin,unknown,C,,1.0,0.0,0.0,0.0,0.0,0.0,0.0,1.0,"['erythema', 'lichenification']",test
678dc913-1655-45cf-bd88-a8b9d11bc445,Kaggle,C:\Users\ESSAKKI RAJA T  EV\OneDrive\Desktop\DB PAWPHILE\archive\train\Dermatitis\black-spots-infection-191861127511_jpg.rf.83912f44adce81bdcd65c855d61a640c.jpg,1510,efdd105c-1f6b-4f70-a994-b724bcc3be7d,Dermatitis,nonspecific dermatitis,"[""erythema"", ""scaling""]",disease-level (provisional),research-only,unsupported,train,skin,unknown,C,,1.0,0.0,0.0,1.0,0.0,0.0,0.0,0.0,"['erythema', 'scaling']",test
d2010f80-7c7c-4fa1-91e6-1cc4fe3dadcf,Kaggle,C:\Users\ESSAKKI RAJA T  EV\OneDrive\Desktop\DB PAWPHILE\archive\valid\demodicosis\1-45-_png_jpg.rf.666c2ed2f510b63396e60130a44aad86.jpg,351,caddfec2-189c-4d9f-8e4b-cb1c5ef7c84c,demodicosis,demodicosis,"[""alopecia"", ""erythema"", ""crust""]",disease-level (provisional),research-only,unsupported,valid,skin,unknown,C,,1.0,1.0,1.0,0.0,0.0,0.0,0.0,0.0,"['alopecia', 'erythema', 'crust']",test
9450366c-dd18-4172-9866-d27d93d972a6,Kaggle,C:\Users\ESSAKKI RAJA T  EV\OneDrive\Desktop\DB PAWPHILE\archive\valid\ringworm\436636046_360111827071591_750719804675544335_n_jpg.rf.d94a267d6b7d14b5e14a76cf6fadc34a.jpg,177,8dcd1b4a-e7c0-437d-a4f2-196a4e1c4bc5,ringworm,fungal infection,"[""alopecia"", ""scaling""]",disease-level (provisional),research-only,unsupported,valid,skin,unknown,C,,0.0,1.0,0.0,1.0,0.0,0.0,0.0,0.0,"['alopecia', 'scaling']",test
7acd83a1-c8e0-4948-8e88-4d52b14b8744,Roboflow,C:\Users\ESSAKKI RAJA T  EV\OneDrive\Desktop\DB PAWPHILE\Dog Skin Disease Dataset.v2i.folder\train\fungal infection\fungal_inf_39_jpg.rf.66dc9bf9d049846fdb66ffd74311c1c7.jpg,1622,8dbd27e5-d520-4d7c-b90a-7db9e1faadfc,fungal infection,fungal infection,"[""alopecia"", ""scaling""]",disease-level (provisional),research-only,unsupported,train,skin,unknown,C,,0.0,1.0,0.0,1.0,0.0,0.0,0.0,0.0,"['alopecia', 'scaling']",test
8681da99-41fb-4669-820e-fb1e6ac255f8,Roboflow,C:\Users\ESSAKKI RAJA T  EV\OneDrive\Desktop\DB PAWPHILE\Dog Skin Disease Dataset.v2i.folder\valid\bacterial dermatosis\bacterial_38_jpg.rf.b674db23977e015e65265ef03f84e774.jpg,375,0902e019-1611-4cfb-b8a9-d7377e61a9d8,bacterial dermatosis,bacterial dermatosis,"[""erythema"", ""pustule"", ""crust""]",disease-level (provisional),research-only,unsupported,valid,skin,unknown,C,,1.0,0.0,1.0,0.0,0.0,0.0,1.0,0.0,"['erythema', 'pustule', 'crust']",test
76e47016-9c13-4a02-a18a-9e23ab7cc021,Roboflow,C:\Users\ESSAKKI RAJA T  EV\OneDrive\Desktop\DB PAWPHILE\Dog Skin Disease Dataset.v2i.folder\train\fungal infection\fungal_92_jpg.rf.2470b8750d3bb6041061ddba143395b6.jpg,1629,7b51ce53-dd03-4b44-9db1-32e6341cfc92,fungal infection,fungal infection,"[""alopecia"", ""scaling""]",disease-level (provisional),research-only,unsupported,train,skin,unknown,C,,0.0,1.0,0.0,1.0,0.0,0.0,0.0,0.0,"['alopecia', 'scaling']",test
48113126-8bec-43b7-aeae-b46b80c9f07d,Kaggle,C:\Users\ESSAKKI RAJA T  EV\OneDrive\Desktop\DB PAWPHILE\archive\valid\Dermatitis\1000010765_x4_jpg.rf.8edce96e6a4b519e65b50a27a9ebacee.jpg,1040,f144b8a1-5974-4500-9bfb-250b04ea033a,Dermatitis,nonspecific dermatitis,"[""erythema"", ""scaling""]",disease-level (provisional),research-only,unsupported,valid,skin,unknown,C,,1.0,0.0,0.0,1.0,0.0,0.0,0.0,0.0,"['erythema', 'scaling']",test
318943f8-cd52-4e68-9224-5899128b3d4b,Roboflow,C:\Users\ESSAKKI RAJA T  EV\OneDrive\Desktop\DB PAWPHILE\Dog Skin Disease Dataset.v2i.folder\valid\hypersensitivity dermatitis\hypersensitivity_131_jpg.rf.95c9ac7bbc4a0531454950346adbe218.jpg,1304,db3af3bd-574c-441d-b940-0e551567dd18,hypersensitivity dermatitis,hypersensitivity / allergic dermatitis,"[""erythema"", ""lichenification""]",disease-level (provisional),research-only,unsupported,valid,skin,unknown,C,,1.0,0.0,0.0,0.0,0.0,0.0,0.0,1.0,"['erythema', 'lichenification']",test
f4a88893-fcf5-4f6b-a69d-dff110080540,Kaggle,C:\Users\ESSAKKI RAJA T  EV\OneDrive\Desktop\DB PAWPHILE\archive\test\demodicosis\IMG_5149_jpeg_jpg.rf.0bf7ef820a889627d0f23bdfab2415aa.jpg,1009,a7eff080-e301-4c4e-9b17-a84a907629a7,demodicosis,demodicosis,"[""alopecia"", ""erythema"", ""crust""]",disease-level (provisional),research-only,unsupported,test,skin,unknown,C,,1.0,1.0,1.0,0.0,0.0,0.0,0.0,0.0,"['alopecia', 'erythema', 'crust']",test
2b284b27-299c-4498-8669-a63cf6d806b3,Kaggle,C:\Users\ESSAKKI RAJA T  EV\OneDrive\Desktop\DB PAWPHILE\archive\valid\Healthy\Image_10_jpeg_jpg.rf.3f58d3e7ea3f0e0176fe516b923d6fa2.jpg,1058,bb7446ce-5a91-4423-a753-d29630f94b9e,Healthy,healthy,[],disease-level (provisional),research-only,unsupported,valid,skin,unknown,C,,0.0,0.0,0.0,0.0,0.0,0.0,0.0,0.0,[],test
d02b40a7-73f9-4f76-9a13-7d3a0982c2b9,Roboflow,C:\Users\ESSAKKI RAJA T  EV\OneDrive\Desktop\DB PAWPHILE\Dog Skin Disease Dataset.v2i.folder\train\fungal infection\fungal_248_jpg.rf.fd1a6ebcb2877c250d623ebe09b495fb.jpg,750,39135209-a5e4-4241-8a24-67ec6d1e9ee8,fungal infection,fungal infection,"[""alopecia"", ""scaling""]",disease-level (provisional),research-only,unsupported,train,skin,unknown,C,,0.0,1.0,0.0,1.0,0.0,0.0,0.0,0.0,"['alopecia', 'scaling']",test
b7628891-e9f7-4dce-aac3-4213438128dd,Roboflow,C:\Users\ESSAKKI RAJA T  EV\OneDrive\Desktop\DB PAWPHILE\Dog Skin Disease Dataset.v2i.folder\train\healthy\healthy_283_jpg.rf.c7cc9a3281827b1de546d061702ad2d3.jpg,1736,0a84f4fb-3272-409e-b977-7f54e5a0464b,healthy,healthy,[],disease-level (provisional),research-only,unsupported,train,skin,unknown,C,,0.0,0.0,0.0,0.0,0.0,0.0,0.0,0.0,[],test
d64a579b-36d4-4312-9244-d0bcb74c73ee,Kaggle,C:\Users\ESSAKKI RAJA T  EV\OneDrive\Desktop\DB PAWPHILE\archive\test\ringworm\NEWR45_png_jpg.rf.5e4d54ddcd59e023e8a6b8f1d6d75e9c.jpg,128,6e1fa972-3f1d-4d10-8e8f-87f9b858ecf7,ringworm,fungal infection,"[""alopecia"", ""scaling""]",disease-level (provisional),research-only,unsupported,test,skin,unknown,C,,0.0,1.0,0.0,1.0,0.0,0.0,0.0,0.0,"['alopecia', 'scaling']",test
3c9d50de-82b0-495f-87ee-91cfccc8c883,Kaggle,C:\Users\ESSAKKI RAJA T  EV\OneDrive\Desktop\DB PAWPHILE\archive\valid\demodicosis\2024-05-13-163733_jpg.rf.60d120471335b21f77b61a6ce6b47095.jpg,1246,bbf2e54f-51d9-4d31-8d13-16a1af2edfaf,demodicosis,demodicosis,"[""alopecia"", ""erythema"", ""crust""]",disease-level (provisional),research-only,unsupported,valid,skin,unknown,C,,1.0,1.0,1.0,0.0,0.0,0.0,0.0,0.0,"['alopecia', 'erythema', 'crust']",test
e4e2afee-4e73-4df3-b3a2-128cf2377ebf,Roboflow,C:\Users\ESSAKKI RAJA T  EV\OneDrive\Desktop\DB PAWPHILE\Dog Skin Disease Dataset.v2i.folder\test\fungal infection\fungal_19_jpg.rf.5a09116b671fb5951e2c79413269ebb8.jpg,604,196007ae-e423-4c0d-bd16-6912f5f72e6b,fungal infection,fungal infection,"[""alopecia"", ""scaling""]",disease-level (provisional),research-only,unsupported,test,skin,unknown,C,,0.0,1.0,0.0,1.0,0.0,0.0,0.0,0.0,"['alopecia', 'scaling']",test
95a5118a-acb8-418b-b24c-b81dc3fed667,Kaggle,C:\Users\ESSAKKI RAJA T  EV\OneDrive\Desktop\DB PAWPHILE\archive\test\Dermatitis\May-is-allergy-awareness-month-here-at-The-Shot-Spot_01972_jpg.rf.ddad1e401d21fd680baa4df32e803fc0.jpg,983,3fc91c0f-f52c-40f3-9334-b779a303f69e,Dermatitis,nonspecific dermatitis,"[""erythema"", ""scaling""]",disease-level (provisional),research-only,unsupported,test,skin,unknown,C,,1.0,0.0,0.0,1.0,0.0,0.0,0.0,0.0,"['erythema', 'scaling']",test
fcaf0f9d-c49a-4d58-8b60-3ace6a4d6c5a,Roboflow,C:\Users\ESSAKKI RAJA T  EV\OneDrive\Desktop\DB PAWPHILE\Dog Skin Disease Dataset.v2i.folder\train\healthy\healthy_136_jpg.rf.b3693ae570b8b1d9d022504746637f1a.jpg,341,7167abbc-a258-4a50-91d1-5ccc2ceafb22,healthy,healthy,[],disease-level (provisional),research-only,unsupported,train,skin,unknown,C,,0.0,0.0,0.0,0.0,0.0,0.0,0.0,0.0,[],test
4676c5ce-418d-4ca3-a27c-08de78db2f5d,Kaggle,C:\Users\ESSAKKI RAJA T  EV\OneDrive\Desktop\DB PAWPHILE\archive\train\demodicosis\scabies_102_png_jpg.rf.c1e1ede21759b8de9a0743a14371408b.jpg,1716,51666748-9e5c-449c-a26d-844b52d8db0e,demodicosis,demodicosis,"[""alopecia"", ""erythema"", ""crust""]",disease-level (provisional),research-only,unsupported,train,skin,unknown,C,,1.0,1.0,1.0,0.0,0.0,0.0,0.0,0.0,"['alopecia', 'erythema', 'crust']",test
e0711e13-684b-4ee1-9286-048b22f344ae,Kaggle,C:\Users\ESSAKKI RAJA T  EV\OneDrive\Desktop\DB PAWPHILE\archive\test\Fungal_infections\FUNGAL-INFECTION_070_jpg.rf.b547f03f7fcd26a0331f62e65aa55689.jpg,771,45372254-ad1b-411f-bc95-9e1a7eacc89f,Fungal_infections,fungal infection,"[""alopecia"", ""scaling""]",disease-level (provisional),research-only,unsupported,test,skin,unknown,C,,0.0,1.0,0.0,1.0,0.0,0.0,0.0,0.0,"['alopecia', 'scaling']",test
e6cfaf88-3cde-408b-949f-68a2e9b73645,Kaggle,C:\Users\ESSAKKI RAJA T  EV\OneDrive\Desktop\DB PAWPHILE\archive\valid\Dermatitis\HOT-SPOT-IN-DOG-HOW-vet-treated-symptom-prevention_-flea-bite-moist-eczema_dog-itching-000497_png_jpg.rf.f3b30b95855c5cfe297d76c3f9f3f64b.jpg,705,f1618f7b-73ee-4868-89fd-17bcb7e8f1af,Dermatitis,nonspecific dermatitis,"[""erythema"", ""scaling""]",disease-level (provisional),research-only,unsupported,valid,skin,unknown,C,,1.0,0.0,0.0,1.0,0.0,0.0,0.0,0.0,"['erythema', 'scaling']",test
7d439eee-bbc5-40f8-b92e-507b650318ba,Kaggle,C:\Users\ESSAKKI RAJA T  EV\OneDrive\Desktop\DB PAWPHILE\archive\test\demodicosis\P22_png_jpg.rf.0c8268907171bddae0f1975f0c66b96e.jpg,806,eb6ac4b3-b152-44c8-bdd0-2a1d588a2df5,demodicosis,demodicosis,"[""alopecia"", ""erythema"", ""crust""]",disease-level (provisional),research-only,unsupported,test,skin,unknown,C,,1.0,1.0,1.0,0.0,0.0,0.0,0.0,0.0,"['alopecia', 'erythema', 'crust']",test
e633adf5-7829-4d6f-9370-aa15f463dbb4,Kaggle,C:\Users\ESSAKKI RAJA T  EV\OneDrive\Desktop\DB PAWPHILE\archive\valid\Dermatitis\HOT-SPOT-IN-DOG-HOW-vet-treated-symptom-prevention_-flea-bite-moist-eczema_dog-itching-000454_png_jpg.rf.eb4f4348e1e0b3118d4e6bf604d2fc32.jpg,1254,a1c6360b-887b-4904-9fd0-e5fb5d2b4bda,Dermatitis,nonspecific dermatitis,"[""erythema"", ""scaling""]",disease-level (provisional),research-only,unsupported,valid,skin,unknown,C,,1.0,0.0,0.0,1.0,0.0,0.0,0.0,0.0,"['erythema', 'scaling']",test
f3ce0504-df60-4cf0-ba72-e06c73054a09,Kaggle,C:\Users\ESSAKKI RAJA T  EV\OneDrive\Desktop\DB PAWPHILE\archive\train\demodicosis\2024-05-13-164158_jpg.rf.199832d6cb4bace81c8e03c5206d9c2a.jpg,1743,833f8cda-87a5-4b89-a2bd-58daaa920ce9,demodicosis,demodicosis,"[""alopecia"", ""erythema"", ""crust""]",disease-level (provisional),research-only,unsupported,train,skin,unknown,C,,1.0,1.0,1.0,0.0,0.0,0.0,0.0,0.0,"['alopecia', 'erythema', 'crust']",test
f85fd887-ad11-4e80-b8a7-530958557f92,Roboflow,C:\Users\ESSAKKI RAJA T  EV\OneDrive\Desktop\DB PAWPHILE\Dog Skin Disease Dataset.v2i.folder\train\bacterial dermatosis\bacterial_225_jpg.rf.634eeaaea7db5ee5227739f84d4b6cb0.jpg,208,01e4d782-5e66-430d-a702-6d72e558c333,bacterial dermatosis,bacterial dermatosis,"[""erythema"", ""pustule"", ""crust""]",disease-level (provisional),research-only,unsupported,train,skin,unknown,C,,1.0,0.0,1.0,0.0,0.0,0.0,1.0,0.0,"['erythema', 'pustule', 'crust']",test
858ec0f4-232f-4652-b1f1-42200053720c,Kaggle,C:\Users\ESSAKKI RAJA T  EV\OneDrive\Desktop\DB PAWPHILE\archive\test\demodicosis\IMG_5319_jpeg_jpg.rf.ed6f97f3c707135fff0023dd82cd194e.jpg,1328,16aa361b-5280-40ed-830a-0132fd387b12,demodicosis,demodicosis,"[""alopecia"", ""erythema"", ""crust""]",disease-level (provisional),research-only,unsupported,test,skin,unknown,C,,1.0,1.0,1.0,0.0,0.0,0.0,0.0,0.0,"['alopecia', 'erythema', 'crust']",test
b204c92a-6acd-4771-bfcb-560bd04fdff8,Roboflow,C:\Users\ESSAKKI RAJA T  EV\OneDrive\Desktop\DB PAWPHILE\Dog Skin Disease Dataset.v2i.folder\train\fungal infection\fungal_196_jpg.rf.423845a960da79bf52d269c620e7b4ce.jpg,339,c9edbf83-dad5-47c2-849d-6c8ae1de0890,fungal infection,fungal infection,"[""alopecia"", ""scaling""]",disease-level (provisional),research-only,unsupported,train,skin,unknown,C,,0.0,1.0,0.0,1.0,0.0,0.0,0.0,0.0,"['alopecia', 'scaling']",test
61b4accc-8889-471f-b74e-41d189a5071e,Kaggle,C:\Users\ESSAKKI RAJA T  EV\OneDrive\Desktop\DB PAWPHILE\archive\valid\Dermatitis\1000010516_x16_jpg.rf.957c619749cee2f8d50664286dfbc64b.jpg,1245,e992925c-e46d-473d-98cb-eb65325ab890,Dermatitis,nonspecific dermatitis,"[""erythema"", ""scaling""]",disease-level (provisional),research-only,unsupported,valid,skin,unknown,C,,1.0,0.0,0.0,1.0,0.0,0.0,0.0,0.0,"['erythema', 'scaling']",test
24c37eb9-dcb4-47fc-abf6-49d2626a8fa9,Roboflow,C:\Users\ESSAKKI RAJA T  EV\OneDrive\Desktop\DB PAWPHILE\Dog Skin Disease Dataset.v2i.folder\test\fungal infection\fungal_158_jpg.rf.7eaf73a780159ac66450e6ebe8df16a3.jpg,335,a4cc750a-1a1d-4e47-ba56-2e6810882a91,fungal infection,fungal infection,"[""alopecia"", ""scaling""]",disease-level (provisional),research-only,unsupported,test,skin,unknown,C,,0.0,1.0,0.0,1.0,0.0,0.0,0.0,0.0,"['alopecia', 'scaling']",test
ec005f87-1f56-44c3-b984-ea62d95ecf04,Kaggle,C:\Users\ESSAKKI RAJA T  EV\OneDrive\Desktop\DB PAWPHILE\archive\test\Healthy\HEALTHY_047_jpg.rf.b75efee20d3b42b1aa37739d5c8d5ffc.jpg,1178,eb958f9d-4199-4856-8914-0088c9e4e17d,Healthy,healthy,[],disease-level (provisional),research-only,unsupported,test,skin,unknown,C,,0.0,0.0,0.0,0.0,0.0,0.0,0.0,0.0,[],test
c7013ddf-38ad-4e82-817b-d27df9d2602f,Roboflow,C:\Users\ESSAKKI RAJA T  EV\OneDrive\Desktop\DB PAWPHILE\Dog Skin Disease Dataset.v2i.folder\train\healthy\healthy_57_jpg.rf.305ba3eb11402f07ffa7b1488e9f3a0c.jpg,516,87c2e5da-f6dd-4c25-a480-5f1f1b080128,healthy,healthy,[],disease-level (provisional),research-only,unsupported,train,skin,unknown,C,,0.0,0.0,0.0,0.0,0.0,0.0,0.0,0.0,[],test
7ec93536-db1c-4686-8071-0e10aaeddc2b,Roboflow,C:\Users\ESSAKKI RAJA T  EV\OneDrive\Desktop\DB PAWPHILE\Dog Skin Disease Dataset.v2i.folder\train\healthy\healthy_165_jpg.rf.1eeef4909d0594b507b0a3c780446f6a.jpg,1329,371e953a-f6c1-4f10-92df-2cb82ccfccd8,healthy,healthy,[],disease-level (provisional),research-only,unsupported,train,skin,unknown,C,,0.0,0.0,0.0,0.0,0.0,0.0,0.0,0.0,[],test
5c8618a2-522f-459e-9825-d597c4194d27,Kaggle,C:\Users\ESSAKKI RAJA T  EV\OneDrive\Desktop\DB PAWPHILE\archive\test\demodicosis\IMG_5311_jpeg_jpg.rf.700740965641b434a5fc7e494d01aa74.jpg,796,90c8e80f-187e-4b56-8a16-96aa675604fd,demodicosis,demodicosis,"[""alopecia"", ""erythema"", ""crust""]",disease-level (provisional),research-only,unsupported,test,skin,unknown,C,,1.0,1.0,1.0,0.0,0.0,0.0,0.0,0.0,"['alopecia', 'erythema', 'crust']",test
4fdfeb61-f232-4999-9155-8280b49e3896,Kaggle,C:\Users\ESSAKKI RAJA T  EV\OneDrive\Desktop\DB PAWPHILE\archive\valid\ringworm\436799686_1645755056226653_3055609830143657343_n_jpg.rf.16599349f57b51a99dbe1effbc1eeece.jpg,211,dd6d45fd-453f-4ecb-8630-3b4955cd0b00,ringworm,fungal infection,"[""alopecia"", ""scaling""]",disease-level (provisional),research-only,unsupported,valid,skin,unknown,C,,0.0,1.0,0.0,1.0,0.0,0.0,0.0,0.0,"['alopecia', 'scaling']",test
f553a606-582f-4684-994c-9d66bab278db,Kaggle,C:\Users\ESSAKKI RAJA T  EV\OneDrive\Desktop\DB PAWPHILE\archive\test\Dermatitis\1000010693_x16_jpg.rf.bac3541b5be276ac003e21592bcf099c.jpg,1400,ba6cd13e-fd74-4410-8110-14db5cba52b4,Dermatitis,nonspecific dermatitis,"[""erythema"", ""scaling""]",disease-level (provisional),research-only,unsupported,test,skin,unknown,C,,1.0,0.0,0.0,1.0,0.0,0.0,0.0,0.0,"['erythema', 'scaling']",test
770affff-e8ce-481b-9449-95f7513272aa,Kaggle,C:\Users\ESSAKKI RAJA T  EV\OneDrive\Desktop\DB PAWPHILE\archive\train\ringworm\436859036_407429032244109_5180510937797219633_n_jpg.rf.d7d808b2b27b6e10850655fbbfda4637.jpg,1714,1b6981ff-91af-4c06-a0e6-cc793473da39,ringworm,fungal infection,"[""alopecia"", ""scaling""]",disease-level (provisional),research-only,unsupported,train,skin,unknown,C,,0.0,1.0,0.0,1.0,0.0,0.0,0.0,0.0,"['alopecia', 'scaling']",test
95f7bc6e-2dc5-467e-b621-698398f26dc0,Roboflow,C:\Users\ESSAKKI RAJA T  EV\OneDrive\Desktop\DB PAWPHILE\Dog Skin Disease Dataset.v2i.folder\train\bacterial dermatosis\bacterial_373_jpg.rf.132f9aeedc3353e47f1f4702f33de89b.jpg,1841,6de17acc-ce0a-4109-916d-37b80648b4c8,bacterial dermatosis,bacterial dermatosis,"[""erythema"", ""pustule"", ""crust""]",disease-level (provisional),research-only,unsupported,train,skin,unknown,C,,1.0,0.0,1.0,0.0,0.0,0.0,1.0,0.0,"['erythema', 'pustule', 'crust']",test
e715f57e-54c9-40ca-9d23-93a8404957ea,Roboflow,C:\Users\ESSAKKI RAJA T  EV\OneDrive\Desktop\DB PAWPHILE\Dog Skin Disease Dataset.v2i.folder\train\bacterial dermatosis\bacterial_357_jpg.rf.43799defc3b3a65be738081af75b2832.jpg,1287,c1148d1a-58f2-4e2f-ab9e-f6f65e48e490,bacterial dermatosis,bacterial dermatosis,"[""erythema"", ""pustule"", ""crust""]",disease-level (provisional),research-only,unsupported,train,skin,unknown,C,,1.0,0.0,1.0,0.0,0.0,0.0,1.0,0.0,"['erythema', 'pustule', 'crust']",test
5d4da419-5ee5-4566-bd5b-2b6475f8b42b,Roboflow,C:\Users\ESSAKKI RAJA T  EV\OneDrive\Desktop\DB PAWPHILE\Dog Skin Disease Dataset.v2i.folder\test\fungal infection\fungal_184_jpg.rf.e6053ea6b43acd09aafe332f82ebedff.jpg,716,521c9ea0-3ccb-4adf-b4a1-b41e951a910c,fungal infection,fungal infection,"[""alopecia"", ""scaling""]",disease-level (provisional),research-only,unsupported,test,skin,unknown,C,,0.0,1.0,0.0,1.0,0.0,0.0,0.0,0.0,"['alopecia', 'scaling']",test
a73dc9e1-8af1-47d1-befd-c14661404ffc,Roboflow,C:\Users\ESSAKKI RAJA T  EV\OneDrive\Desktop\DB PAWPHILE\Dog Skin Disease Dataset.v2i.folder\train\hypersensitivity dermatitis\hypersensitivity_253_jpg.rf.12e98932f546d53e33f1131c8202c255.jpg,193,6f60f816-0ba8-4e44-be06-fc95e6fd8b57,hypersensitivity dermatitis,hypersensitivity / allergic dermatitis,"[""erythema"", ""lichenification""]",disease-level (provisional),research-only,unsupported,train,skin,unknown,C,,1.0,0.0,0.0,0.0,0.0,0.0,0.0,1.0,"['erythema', 'lichenification']",test
70593bbd-d067-428e-a831-9bf3a68b2e41,Roboflow,C:\Users\ESSAKKI RAJA T  EV\OneDrive\Desktop\DB PAWPHILE\Dog Skin Disease Dataset.v2i.folder\valid\hypersensitivity dermatitis\hypersensitivity_derm30_jpg.rf.cdd0538fb94a125722b51ce55729654b.jpg,440,5e4048a3-8377-4133-8f44-0fbdcb31d1c4,hypersensitivity dermatitis,hypersensitivity / allergic dermatitis,"[""erythema"", ""lichenification""]",disease-level (provisional),research-only,unsupported,valid,skin,unknown,C,,1.0,0.0,0.0,0.0,0.0,0.0,0.0,1.0,"['erythema', 'lichenification']",test
20209743-72b4-407e-b1f7-83907b619c7b,Roboflow,C:\Users\ESSAKKI RAJA T  EV\OneDrive\Desktop\DB PAWPHILE\Dog Skin Disease Dataset.v2i.folder\train\bacterial dermatosis\bacterial_161_jpg.rf.86fba5681209399eb0fede1fadbf6cf4.jpg,833,33bf4f36-493b-4341-ac01-b26371137168,bacterial dermatosis,bacterial dermatosis,"[""erythema"", ""pustule"", ""crust""]",disease-level (provisional),research-only,unsupported,train,skin,unknown,C,,1.0,0.0,1.0,0.0,0.0,0.0,1.0,0.0,"['erythema', 'pustule', 'crust']",test
a7cd1c56-7bae-4755-ac41-d5708122a311,Multispectral,C:\Users\ESSAKKI RAJA T  EV\OneDrive\Desktop\DB PAWPHILE\Classification of pet dog skin diseases using deep learning with images captured from multispectral imaging device\5dbht54kw7-1\Dog210706_01_02_06\pic8.jpg,201,4f1f066b-83e8-49dc-8506-8dbb4f42e1e5,unknown,unknown,[],disease-level (provisional),research-only,unsupported,none,skin,pic8.jpg,B,,0.0,0.0,0.0,0.0,0.0,0.0,0.0,0.0,[],test
f462319e-9fb3-413c-ad8d-05cc6cb51868,Roboflow,C:\Users\ESSAKKI RAJA T  EV\OneDrive\Desktop\DB PAWPHILE\Dog Skin Disease Dataset.v2i.folder\test\healthy\healthy_393_jpg.rf.2650dff23bcbbd3467c9e5bca0e54c44.jpg,1416,f8f3f803-ec8e-4d14-8c2e-71c14ac75ac9,healthy,healthy,[],disease-level (provisional),research-only,unsupported,test,skin,unknown,C,,0.0,0.0,0.0,0.0,0.0,0.0,0.0,0.0,[],test
eab4cef3-9f57-4b8b-8dc4-2a6cdb5e6139,Kaggle,C:\Users\ESSAKKI RAJA T  EV\OneDrive\Desktop\DB PAWPHILE\archive\train\demodicosis\1-70-_png_jpg.rf.916b7d62891d05ed1ca197d4f81df424.jpg,1705,9503d8b7-4196-47d6-9369-48bff36e4c88,demodicosis,demodicosis,"[""alopecia"", ""erythema"", ""crust""]",disease-level (provisional),research-only,unsupported,train,skin,unknown,C,,1.0,1.0,1.0,0.0,0.0,0.0,0.0,0.0,"['alopecia', 'erythema', 'crust']",test
30657d70-5211-4248-b34c-100d49549cdb,Roboflow,C:\Users\ESSAKKI RAJA T  EV\OneDrive\Desktop\DB PAWPHILE\Dog Skin Disease Dataset.v2i.folder\valid\bacterial dermatosis\bacterial_84_jpg.rf.80de31d882b4aadf241f0bf1a34fa237.jpg,1180,542e426d-0d8c-4a3b-b5ce-dc2e04adeded,bacterial dermatosis,bacterial dermatosis,"[""erythema"", ""pustule"", ""crust""]",disease-level (provisional),research-only,unsupported,valid,skin,unknown,C,,1.0,0.0,1.0,0.0,0.0,0.0,1.0,0.0,"['erythema', 'pustule', 'crust']",test
c3f7f58c-03e3-4b33-afc7-87c7fa522c11,Roboflow,C:\Users\ESSAKKI RAJA T  EV\OneDrive\Desktop\DB PAWPHILE\Dog Skin Disease Dataset.v2i.folder\valid\fungal infection\fungal_313_jpg.rf.9c25afb522e0618cbf3acf3f3d8f139d.jpg,999,61f66d97-ace2-4e0b-9851-208fb342dff6,fungal infection,fungal infection,"[""alopecia"", ""scaling""]",disease-level (provisional),research-only,unsupported,valid,skin,unknown,C,,0.0,1.0,0.0,1.0,0.0,0.0,0.0,0.0,"['alopecia', 'scaling']",test
381962ad-398c-48e4-8be7-ba6fefab7e39,Kaggle,C:\Users\ESSAKKI RAJA T  EV\OneDrive\Desktop\DB PAWPHILE\archive\valid\Hypersensitivity\hs5_jpg.rf.a11b23f2ee6d64eeb4c4b33ad5379289.jpg,543,5013c480-633a-45a0-9930-163a187e032d,Hypersensitivity,hypersensitivity / allergic dermatitis,"[""erythema"", ""lichenification""]",disease-level (provisional),research-only,unsupported,valid,skin,unknown,C,,1.0,0.0,0.0,0.0,0.0,0.0,0.0,1.0,"['erythema', 'lichenification']",test
c993f0b1-f5bf-4ae9-afc4-ee31b7f77ee2,Kaggle,C:\Users\ESSAKKI RAJA T  EV\OneDrive\Desktop\DB PAWPHILE\archive\train\ringworm\WIN_20240514_17_30_48_Pro_jpg.rf.cba9c4aaa62045e044d83b38e2766191.jpg,302,ad0d630f-59a7-4416-bc74-3fc901ff95a9,ringworm,fungal infection,"[""alopecia"", ""scaling""]",disease-level (provisional),research-only,unsupported,train,skin,unknown,C,,0.0,1.0,0.0,1.0,0.0,0.0,0.0,0.0,"['alopecia', 'scaling']",test
1937876e-9659-4962-8a91-7d36ac48395e,Kaggle,C:\Users\ESSAKKI RAJA T  EV\OneDrive\Desktop\DB PAWPHILE\archive\train\Fungal_infections\FUNGAL-INFECTION_029_jpg.rf.137b1bdfb5e012f06a805c3a7953528e.jpg,120,727b8cfa-3ce6-4975-9b63-19d835da5e58,Fungal_infections,fungal infection,"[""alopecia"", ""scaling""]",disease-level (provisional),research-only,unsupported,train,skin,unknown,C,,0.0,1.0,0.0,1.0,0.0,0.0,0.0,0.0,"['alopecia', 'scaling']",test
398ffb22-3646-481a-98a9-cb40929daf54,Kaggle,C:\Users\ESSAKKI RAJA T  EV\OneDrive\Desktop\DB PAWPHILE\archive\test\Fungal_infections\1739_jpg.rf.1f47c042d2728e57c205314f57adaebd.jpg,964,b62d9582-2256-4bdc-8851-7b0f14ac59ce,Fungal_infections,fungal infection,"[""alopecia"", ""scaling""]",disease-level (provisional),research-only,unsupported,test,skin,unknown,C,,0.0,1.0,0.0,1.0,0.0,0.0,0.0,0.0,"['alopecia', 'scaling']",test
fe55964c-09de-435e-ad80-59cdf3a75e46,Kaggle,C:\Users\ESSAKKI RAJA T  EV\OneDrive\Desktop\DB PAWPHILE\archive\valid\Fungal_infections\FUNGAL-INFECTION_047_png_jpg.rf.3e5f48783c885646518f2dfcdf42685a.jpg,1129,4f437cf1-b02c-4f94-a4bb-8db6b137b110,Fungal_infections,fungal infection,"[""alopecia"", ""scaling""]",disease-level (provisional),research-only,unsupported,valid,skin,unknown,C,,0.0,1.0,0.0,1.0,0.0,0.0,0.0,0.0,"['alopecia', 'scaling']",test
60b6151a-8635-43f8-925d-bd1c5c520a36,Kaggle,C:\Users\ESSAKKI RAJA T  EV\OneDrive\Desktop\DB PAWPHILE\archive\valid\Dermatitis\1000010614_x4_jpg.rf.15c6812ad6008d90002e913cc74da03f.jpg,453,a806bd06-180a-4338-b259-605db974c2f2,Dermatitis,nonspecific dermatitis,"[""erythema"", ""scaling""]",disease-level (provisional),research-only,unsupported,valid,skin,unknown,C,,1.0,0.0,0.0,1.0,0.0,0.0,0.0,0.0,"['erythema', 'scaling']",test
80dbf9f6-a59c-421c-bbbf-9ea073547b5e,Kaggle,C:\Users\ESSAKKI RAJA T  EV\OneDrive\Desktop\DB PAWPHILE\archive\valid\Hypersensitivity\B9781416056638000070_f007-044-9781416056638_jpg.rf.e80f87f1a8c4b10a9d96157e95a12276.jpg,746,b14b531e-ad57-40cf-9c2a-c871780b7f80,Hypersensitivity,hypersensitivity / allergic dermatitis,"[""erythema"", ""lichenification""]",disease-level (provisional),research-only,unsupported,valid,skin,unknown,C,,1.0,0.0,0.0,0.0,0.0,0.0,0.0,1.0,"['erythema', 'lichenification']",test
c453b868-be56-42fe-900c-8151e5f9e7c2,Roboflow,C:\Users\ESSAKKI RAJA T  EV\OneDrive\Desktop\DB PAWPHILE\Dog Skin Disease Dataset.v2i.folder\test\healthy\healthy_209_jpg.rf.e24168c0fe0c72a7feeedede7fbeee27.jpg,661,27abc88b-91c6-4b50-9da6-615babd9dbc5,healthy,healthy,[],disease-level (provisional),research-only,unsupported,test,skin,unknown,C,,0.0,0.0,0.0,0.0,0.0,0.0,0.0,0.0,[],test
e983dfbc-dfd8-4370-97c8-06ff42ecb181,Kaggle,C:\Users\ESSAKKI RAJA T  EV\OneDrive\Desktop\DB PAWPHILE\archive\test\demodicosis\1-6-_jpg.rf.b2e6736a754d470ff2617f5a39c3bb9a.jpg,1356,ba458e4d-8abc-4238-bb63-c198b16424e1,demodicosis,demodicosis,"[""alopecia"", ""erythema"", ""crust""]",disease-level (provisional),research-only,unsupported,test,skin,unknown,C,,1.0,1.0,1.0,0.0,0.0,0.0,0.0,0.0,"['alopecia', 'erythema', 'crust']",test
33fbb907-4047-4c87-86f0-b036ebb0cbaa,Roboflow,C:\Users\ESSAKKI RAJA T  EV\OneDrive\Desktop\DB PAWPHILE\Dog Skin Disease Dataset.v2i.folder\test\bacterial dermatosis\bacterial_179_jpg.rf.873dd8f54417a5a503c9922c95ff5382.jpg,1108,a7dea1c5-78aa-4a87-b70e-9e34c1bc0ca0,bacterial dermatosis,bacterial dermatosis,"[""erythema"", ""pustule"", ""crust""]",disease-level (provisional),research-only,unsupported,test,skin,unknown,C,,1.0,0.0,1.0,0.0,0.0,0.0,1.0,0.0,"['erythema', 'pustule', 'crust']",test
0a0cf1d9-0c33-49da-a9f5-923fb3698513,Roboflow,C:\Users\ESSAKKI RAJA T  EV\OneDrive\Desktop\DB PAWPHILE\Dog Skin Disease Dataset.v2i.folder\test\healthy\healthy_342_jpg.rf.fe67431a8d0b884b3f05c5d419f60cfb.jpg,1434,47d6cd37-9baf-4cf5-b05d-7d6e261bb9ae,healthy,healthy,[],disease-level (provisional),research-only,unsupported,test,skin,unknown,C,,0.0,0.0,0.0,0.0,0.0,0.0,0.0,0.0,[],test
7268147a-e002-48c8-a1d0-e419390d1941,Roboflow,C:\Users\ESSAKKI RAJA T  EV\OneDrive\Desktop\DB PAWPHILE\Dog Skin Disease Dataset.v2i.folder\train\bacterial dermatosis\bacterial_285_jpg.rf.e8cb64fea86c441b2e085c452e7fccfe.jpg,1187,db3106c1-ee67-4994-838d-5d87f58e28f5,bacterial dermatosis,bacterial dermatosis,"[""erythema"", ""pustule"", ""crust""]",disease-level (provisional),research-only,unsupported,train,skin,unknown,C,,1.0,0.0,1.0,0.0,0.0,0.0,1.0,0.0,"['erythema', 'pustule', 'crust']",test
55ef0ccf-5eac-4fae-91a5-17b035f72bbc,Roboflow,C:\Users\ESSAKKI RAJA T  EV\OneDrive\Desktop\DB PAWPHILE\Dog Skin Disease Dataset.v2i.folder\train\fungal infection\fungal_246_jpg.rf.f70ce3bbe9a94ce4810c774f7ceeb79d.jpg,310,46fd540b-4beb-4ad4-a745-511b6a16f426,fungal infection,fungal infection,"[""alopecia"", ""scaling""]",disease-level (provisional),research-only,unsupported,train,skin,unknown,C,,0.0,1.0,0.0,1.0,0.0,0.0,0.0,0.0,"['alopecia', 'scaling']",test
800f4e9e-70d4-43c7-81b2-a36ed95b9b74,Roboflow,C:\Users\ESSAKKI RAJA T  EV\OneDrive\Desktop\DB PAWPHILE\Dog Skin Disease Dataset.v2i.folder\train\fungal infection\fungal_247_jpg.rf.8cf0716e3c04a630cd53277728942d97.jpg,743,132ef60e-572f-4a23-859d-258f08700004,fungal infection,fungal infection,"[""alopecia"", ""scaling""]",disease-level (provisional),research-only,unsupported,train,skin,unknown,C,,0.0,1.0,0.0,1.0,0.0,0.0,0.0,0.0,"['alopecia', 'scaling']",test
c345437c-3300-404a-b575-606366583935,Kaggle,C:\Users\ESSAKKI RAJA T  EV\OneDrive\Desktop\DB PAWPHILE\archive\test\Fungal_infections\FUNGAL-INFECTION_007_jpg.rf.2b0e0aad14c7b26bc0aca0f2bd6e8d79.jpg,727,b81170c5-b977-4a96-98ae-008d25317c27,Fungal_infections,fungal infection,"[""alopecia"", ""scaling""]",disease-level (provisional),research-only,unsupported,test,skin,unknown,C,,0.0,1.0,0.0,1.0,0.0,0.0,0.0,0.0,"['alopecia', 'scaling']",test
4ee94be2-e1ac-46dd-b1e6-04d4f9e1a6f9,Kaggle,C:\Users\ESSAKKI RAJA T  EV\OneDrive\Desktop\DB PAWPHILE\archive\valid\Hypersensitivity\B9781416056638000070_f007-044-9781416056638_jpg.rf.6db933461ad5b9afe17e6f325ceb7ae0.jpg,471,295c14ba-a3fc-44fd-8263-c72506d5fc05,Hypersensitivity,hypersensitivity / allergic dermatitis,"[""erythema"", ""lichenification""]",disease-level (provisional),research-only,unsupported,valid,skin,unknown,C,,1.0,0.0,0.0,0.0,0.0,0.0,0.0,1.0,"['erythema', 'lichenification']",test
88d64916-a21d-424a-a972-e3e2018a13c1,Roboflow,C:\Users\ESSAKKI RAJA T  EV\OneDrive\Desktop\DB PAWPHILE\Dog Skin Disease Dataset.v2i.folder\test\hypersensitivity dermatitis\hypersensitivity_97_jpg.rf.01c313286f6e9aeba9f9b29765b3c39e.jpg,984,444052b4-43a1-42db-9923-520dab7e4b68,hypersensitivity dermatitis,hypersensitivity / allergic dermatitis,"[""erythema"", ""lichenification""]",disease-level (provisional),research-only,unsupported,test,skin,unknown,C,,1.0,0.0,0.0,0.0,0.0,0.0,0.0,1.0,"['erythema', 'lichenification']",test
23efc878-6fca-4183-bb8b-879cc0a1173a,Kaggle,C:\Users\ESSAKKI RAJA T  EV\OneDrive\Desktop\DB PAWPHILE\archive\test\Dermatitis\1000010721_x16_jpg.rf.d3bfcecb66b5a40adda22aafd6c99f21.jpg,1385,dc033381-70b8-4c0c-a4cb-84f7b6117158,Dermatitis,nonspecific dermatitis,"[""erythema"", ""scaling""]",disease-level (provisional),research-only,unsupported,test,skin,unknown,C,,1.0,0.0,0.0,1.0,0.0,0.0,0.0,0.0,"['erythema', 'scaling']",test
0d638f0e-07a2-40f0-ae5c-d4f3d9410fb7,Roboflow,C:\Users\ESSAKKI RAJA T  EV\OneDrive\Desktop\DB PAWPHILE\Dog Skin Disease Dataset.v2i.folder\test\bacterial dermatosis\bacterial_316_jpg.rf.66eb249b1651977891d64ef0415939b0.jpg,1280,cbc7d626-b0db-421c-8b27-306fca3bf431,bacterial dermatosis,bacterial dermatosis,"[""erythema"", ""pustule"", ""crust""]",disease-level (provisional),research-only,unsupported,test,skin,unknown,C,,1.0,0.0,1.0,0.0,0.0,0.0,1.0,0.0,"['erythema', 'pustule', 'crust']",test
08ecae77-89d3-4186-bffb-18b0d2e2721c,Kaggle,C:\Users\ESSAKKI RAJA T  EV\OneDrive\Desktop\DB PAWPHILE\archive\valid\demodicosis\1-8-_png_jpg.rf.6a230bd945dbca9af5173007c2fdb2cc.jpg,1516,dd5bbbbb-5972-49a7-b3d2-f8325e59cc9a,demodicosis,demodicosis,"[""alopecia"", ""erythema"", ""crust""]",disease-level (provisional),research-only,unsupported,valid,skin,unknown,C,,1.0,1.0,1.0,0.0,0.0,0.0,0.0,0.0,"['alopecia', 'erythema', 'crust']",test
eafe1bb9-fbbc-4244-981c-ae68df50178e,Kaggle,C:\Users\ESSAKKI RAJA T  EV\OneDrive\Desktop\DB PAWPHILE\archive\test\Healthy\HEALTHY_016_jpg.rf.0b8780593681168ed6dcf211aca897f4.jpg,1167,6c0d38ba-83f8-43e0-92fb-6e0b369507d2,Healthy,healthy,[],disease-level (provisional),research-only,unsupported,test,skin,unknown,C,,0.0,0.0,0.0,0.0,0.0,0.0,0.0,0.0,[],test
032485c2-68e7-4dca-9293-9d3e266eeb53,Kaggle,C:\Users\ESSAKKI RAJA T  EV\OneDrive\Desktop\DB PAWPHILE\archive\valid\Fungal_infections\pic31_jpg.rf.8bba68759411aa403cd88ac2cb4f046a.jpg,1492,d2c693ed-77e3-45c3-8bbc-d8168a6e43ef,Fungal_infections,fungal infection,"[""alopecia"", ""scaling""]",disease-level (provisional),research-only,unsupported,valid,skin,unknown,C,,0.0,1.0,0.0,1.0,0.0,0.0,0.0,0.0,"['alopecia', 'scaling']",test
6b95158e-8a58-48cf-ada4-8c3c9d9270d4,Roboflow,C:\Users\ESSAKKI RAJA T  EV\OneDrive\Desktop\DB PAWPHILE\Dog Skin Disease Dataset.v2i.folder\train\fungal infection\fungal_389_jpg.rf.de1888a8647a8e5401dfc5e724bb8924.jpg,180,f2de7e0e-576c-46b3-84b1-21043e111ec7,fungal infection,fungal infection,"[""alopecia"", ""scaling""]",disease-level (provisional),research-only,unsupported,train,skin,unknown,C,,0.0,1.0,0.0,1.0,0.0,0.0,0.0,0.0,"['alopecia', 'scaling']",test
76ef6dc0-f0a4-479f-b174-793e75645a3e,Kaggle,C:\Users\ESSAKKI RAJA T  EV\OneDrive\Desktop\DB PAWPHILE\archive\test\Fungal_infections\pic88_jpg.rf.4b1707a5f3a36618ea764f43cc1f37ac.jpg,1458,5e844d34-4c37-450c-8b1b-1973714cdb94,Fungal_infections,fungal infection,"[""alopecia"", ""scaling""]",disease-level (provisional),research-only,unsupported,test,skin,unknown,C,,0.0,1.0,0.0,1.0,0.0,0.0,0.0,0.0,"['alopecia', 'scaling']",test
cdbcf94e-7947-4d51-bcdd-c3ac4e83dfb9,Kaggle,C:\Users\ESSAKKI RAJA T  EV\OneDrive\Desktop\DB PAWPHILE\archive\test\ringworm\1000010696_x4_jpg.rf.0b02a58526f2a868949552a8bfbde719.jpg,948,48e7a95e-f42a-4cbe-a21d-a9a4b46692c0,ringworm,fungal infection,"[""alopecia"", ""scaling""]",disease-level (provisional),research-only,unsupported,test,skin,unknown,C,,0.0,1.0,0.0,1.0,0.0,0.0,0.0,0.0,"['alopecia', 'scaling']",test
215cd25e-9f05-4c49-a9a2-167acbe93dc5,Roboflow,C:\Users\ESSAKKI RAJA T  EV\OneDrive\Desktop\DB PAWPHILE\Dog Skin Disease Dataset.v2i.folder\train\healthy\healthy_19_jpg.rf.d6ded208245704fbbcde645625ba8742.jpg,1209,d66084e4-c9ab-45dd-adfc-e03c4bf34844,healthy,healthy,[],disease-level (provisional),research-only,unsupported,train,skin,unknown,C,,0.0,0.0,0.0,0.0,0.0,0.0,0.0,0.0,[],test
5cf3a204-e527-46e0-bfb9-4292e39912ad,Roboflow,C:\Users\ESSAKKI RAJA T  EV\OneDrive\Desktop\DB PAWPHILE\Dog Skin Disease Dataset.v2i.folder\test\hypersensitivity dermatitis\hypersensitivity_49_jpg.rf.8d2f9e1ff79e499756a4b10ae2c762e3.jpg,1813,0a6865fb-33c2-4627-84e4-461ec6620794,hypersensitivity dermatitis,hypersensitivity / allergic dermatitis,"[""erythema"", ""lichenification""]",disease-level (provisional),research-only,unsupported,test,skin,unknown,C,,1.0,0.0,0.0,0.0,0.0,0.0,0.0,1.0,"['erythema', 'lichenification']",test
b4b6288d-c794-4440-aae7-e6609d21d469,Roboflow,C:\Users\ESSAKKI RAJA T  EV\OneDrive\Desktop\DB PAWPHILE\Dog Skin Disease Dataset.v2i.folder\test\healthy\healthy_163_jpg.rf.5546cfb904042ebe6c09b6fbeb02e396.jpg,1192,c47b2f86-edfd-4244-b674-ed573f5d04b6,healthy,healthy,[],disease-level (provisional),research-only,unsupported,test,skin,unknown,C,,0.0,0.0,0.0,0.0,0.0,0.0,0.0,0.0,[],test
