image_path,breed,breed_id,split,image_width,image_height,bbox_x,bbox_y,bbox_width,bbox_height,source_dataset
Images/n02085620-Chihuahua/n02085620_10074.jpg,Chihuahua,n02085620-Chihuahua,test,333,500,25,10,251,488,Stanford Dogs
Images/n02085620-Chihuahua/n02085620_10131.jpg,Chihuahua,n02085620-Chihuahua,test,395,495,49,9,344,484,Stanford Dogs
Images/n02085620-Chihuahua/n02085620_10621.jpg,Chihuahua,n02085620-Chihuahua,train,500,298,142,43,193,207,Stanford Dogs
Images/n02085620-Chihuahua/n02085620_1073.jpg,Chihuahua,n02085620-Chihuahua,test,345,500,0,27,312,471,Stanford Dogs
Images/n02085620-Chihuahua/n02085620_10976.jpg,Chihuahua,n02085620-Chihuahua,train,322,484,90,104,152,348,Stanford Dogs
Images/n02085620-Chihuahua/n02085620_11140.jpg,Chihuahua,n02085620-Chihuahua,train,500,375,17,38,434,215,Stanford Dogs
Images/n02085620-Chihuahua/n02085620_11238.jpg,Chihuahua,n02085620-Chihuahua,train,382,384,39,191,106,192,Stanford Dogs
Images/n02085620-Chihuahua/n02085620_11258.jpg,Chihuahua,n02085620-Chihuahua,train,375,500,76,30,287,345,Stanford Dogs
Images/n02085620-Chihuahua/n02085620_11337.jpg,Chihuahua,n02085620-Chihuahua,test,300,225,59,37,170,142,Stanford Dogs
Images/n02085620-Chihuahua/n02085620_11477.jpg,Chihuahua,n02085620-Chihuahua,test,887,629,317,95,241,364,Stanford Dogs
Images/n02085620-Chihuahua/n02085620_1152.jpg,Chihuahua,n02085620-Chihuahua,train,500,375,3,81,153,144,Stanford Dogs
Images/n02085620-Chihuahua/n02085620_11696.jpg,Chihuahua,n02085620-Chihuahua,test,800,600,211,0,485,516,Stanford Dogs
Images/n02085620-Chihuahua/n02085620_11818.jpg,Chihuahua,n02085620-Chihuahua,test,375,500,121,90,181,253,Stanford Dogs
Images/n02085620-Chihuahua/n02085620_11948.jpg,Chihuahua,n02085620-Chihuahua,train,500,464,0,16,461,420,Stanford Dogs
Images/n02085620-Chihuahua/n02085620_1205.jpg,Chihuahua,n02085620-Chihuahua,test,500,375,146,0,204,239,Stanford Dogs
Images/n02085620-Chihuahua/n02085620_12101.jpg,Chihuahua,n02085620-Chihuahua,train,380,253,5,4,345,248,Stanford Dogs
Images/n02085620-Chihuahua/n02085620_12334.jpg,Chihuahua,n02085620-Chihuahua,train,299,415,159,186,91,144,Stanford Dogs
Images/n02085620-Chihuahua/n02085620_1235.jpg,Chihuahua,n02085620-Chihuahua,test,500,375,194,111,81,188,Stanford Dogs
Images/n02085620-Chihuahua/n02085620_1271.jpg,Chihuahua,n02085620-Chihuahua,test,360,351,19,3,305,347,Stanford Dogs
Images/n02085620-Chihuahua/n02085620_12718.jpg,Chihuahua,n02085620-Chihuahua,test,333,500,26,42,278,445,Stanford Dogs
Images/n02085620-Chihuahua/n02085620_1298.jpg,Chihuahua,n02085620-Chihuahua,train,480,333,151,94,287,136,Stanford Dogs
Images/n02085620-Chihuahua/n02085620_13151.jpg,Chihuahua,n02085620-Chihuahua,train,500,336,176,29,203,304,Stanford Dogs
Images/n02085620-Chihuahua/n02085620_1321.jpg,Chihuahua,n02085620-Chihuahua,test,500,333,111,42,137,272,Stanford Dogs
Images/n02085620-Chihuahua/n02085620_13383.jpg,Chihuahua,n02085620-Chihuahua,test,493,500,156,242,178,256,Stanford Dogs
Images/n02085620-Chihuahua/n02085620_1346.jpg,Chihuahua,n02085620-Chihuahua,train,450,320,1,8,431,308,Stanford Dogs
Images/n02085620-Chihuahua/n02085620_13964.jpg,Chihuahua,n02085620-Chihuahua,test,375,500,96,133,277,362,Stanford Dogs
Images/n02085620-Chihuahua/n02085620_14252.jpg,Chihuahua,n02085620-Chihuahua,test,448,336,166,110,180,138,Stanford Dogs
Images/n02085620-Chihuahua/n02085620_14413.jpg,Chihuahua,n02085620-Chihuahua,train,640,853,142,123,404,727,Stanford Dogs
Images/n02085620-Chihuahua/n02085620_14516.jpg,Chihuahua,n02085620-Chihuahua,train,640,480,51,2,436,476,Stanford Dogs
Images/n02085620-Chihuahua/n02085620_1455.jpg,Chihuahua,n02085620-Chihuahua,train,333,500,60,153,271,345,Stanford Dogs
Images/n02085620-Chihuahua/n02085620_1492.jpg,Chihuahua,n02085620-Chihuahua,test,500,333,58,143,132,189,Stanford Dogs
Images/n02085620-Chihuahua/n02085620_1502.jpg,Chihuahua,n02085620-Chihuahua,train,500,333,51,13,367,318,Stanford Dogs
Images/n02085620-Chihuahua/n02085620_1558.jpg,Chihuahua,n02085620-Chihuahua,train,366,500,0,6,327,487,Stanford Dogs
Images/n02085620-Chihuahua/n02085620_1569.jpg,Chihuahua,n02085620-Chihuahua,train,278,274,24,10,253,263,Stanford Dogs
Images/n02085620-Chihuahua/n02085620_1617.jpg,Chihuahua,n02085620-Chihuahua,train,357,238,2,6,354,231,Stanford Dogs
Images/n02085620-Chihuahua/n02085620_1620.jpg,Chihuahua,n02085620-Chihuahua,test,500,375,25,0,440,374,Stanford Dogs
Images/n02085620-Chihuahua/n02085620_1765.jpg,Chihuahua,n02085620-Chihuahua,test,391,500,55,85,272,352,Stanford Dogs
Images/n02085620-Chihuahua/n02085620_1816.jpg,Chihuahua,n02085620-Chihuahua,train,500,375,0,14,225,311,Stanford Dogs
Images/n02085620-Chihuahua/n02085620_1862.jpg,Chihuahua,n02085620-Chihuahua,test,375,500,152,107,76,140,Stanford Dogs
Images/n02085620-Chihuahua/n02085620_1916.jpg,Chihuahua,n02085620-Chihuahua,train,500,495,8,7,448,390,Stanford Dogs
Images/n02085620-Chihuahua/n02085620_199.jpg,Chihuahua,n02085620-Chihuahua,train,300,430,65,50,184,354,Stanford Dogs
Images/n02085620-Chihuahua/n02085620_2053.jpg,Chihuahua,n02085620-Chihuahua,train,500,375,176,73,265,293,Stanford Dogs
Images/n02085620-Chihuahua/n02085620_2188.jpg,Chihuahua,n02085620-Chihuahua,test,375,500,46,98,281,400,Stanford Dogs
Images/n02085620-Chihuahua/n02085620_2204.jpg,Chihuahua,n02085620-Chihuahua,test,500,337,267,76,83,147,Stanford Dogs
Images/n02085620-Chihuahua/n02085620_2208.jpg,Chihuahua,n02085620-Chihuahua,train,500,375,178,144,53,105,Stanford Dogs
Images/n02085620-Chihuahua/n02085620_242.jpg,Chihuahua,n02085620-Chihuahua,train,400,500,113,45,255,441,Stanford Dogs
Images/n02085620-Chihuahua/n02085620_2479.jpg,Chihuahua,n02085620-Chihuahua,train,330,251,40,16,220,223,Stanford Dogs
Images/n02085620-Chihuahua/n02085620_2507.jpg,Chihuahua,n02085620-Chihuahua,train,500,375,79,35,245,287,Stanford Dogs
Images/n02085620-Chihuahua/n02085620_2517.jpg,Chihuahua,n02085620-Chihuahua,test,500,375,125,26,247,288,Stanford Dogs
Images/n02085620-Chihuahua/n02085620_2590.jpg,Chihuahua,n02085620-Chihuahua,test,448,336,201,88,216,151,Stanford Dogs
Images/n02085620-Chihuahua/n02085620_2614.jpg,Chihuahua,n02085620-Chihuahua,train,500,375,123,2,182,372,Stanford Dogs
Images/n02085620-Chihuahua/n02085620_2650.jpg,Chihuahua,n02085620-Chihuahua,test,500,333,108,87,297,216,Stanford Dogs
Images/n02085620-Chihuahua/n02085620_2693.jpg,Chihuahua,n02085620-Chihuahua,train,500,500,188,140,137,167,Stanford Dogs
Images/n02085620-Chihuahua/n02085620_2706.jpg,Chihuahua,n02085620-Chihuahua,train,320,240,105,39,124,178,Stanford Dogs
Images/n02085620-Chihuahua/n02085620_275.jpg,Chihuahua,n02085620-Chihuahua,train,500,333,179,53,147,138,Stanford Dogs
Images/n02085620-Chihuahua/n02085620_2793.jpg,Chihuahua,n02085620-Chihuahua,train,352,288,23,0,328,287,Stanford Dogs
Images/n02085620-Chihuahua/n02085620_2815.jpg,Chihuahua,n02085620-Chihuahua,test,500,600,60,6,435,591,Stanford Dogs
Images/n02085620-Chihuahua/n02085620_2887.jpg,Chihuahua,n02085620-Chihuahua,train,345,360,16,23,273,332,Stanford Dogs
Images/n02085620-Chihuahua/n02085620_2903.jpg,Chihuahua,n02085620-Chihuahua,train,500,333,210,57,258,275,Stanford Dogs
Images/n02085620-Chihuahua/n02085620_2921.jpg,Chihuahua,n02085620-Chihuahua,train,250,238,30,15,172,209,Stanford Dogs
Images/n02085620-Chihuahua/n02085620_2937.jpg,Chihuahua,n02085620-Chihuahua,test,360,273,121,28,135,164,Stanford Dogs
Images/n02085620-Chihuahua/n02085620_2973.jpg,Chihuahua,n02085620-Chihuahua,train,375,500,71,78,249,372,Stanford Dogs
Images/n02085620-Chihuahua/n02085620_2981.jpg,Chihuahua,n02085620-Chihuahua,train,600,607,399,314,163,211,Stanford Dogs
Images/n02085620-Chihuahua/n02085620_3006.jpg,Chihuahua,n02085620-Chihuahua,test,369,500,86,42,270,450,Stanford Dogs
Images/n02085620-Chihuahua/n02085620_3033.jpg,Chihuahua,n02085620-Chihuahua,test,500,375,164,137,292,198,Stanford Dogs
Images/n02085620-Chihuahua/n02085620_3045.jpg,Chihuahua,n02085620-Chihuahua,test,445,500,101,106,217,237,Stanford Dogs
Images/n02085620-Chihuahua/n02085620_3093.jpg,Chihuahua,n02085620-Chihuahua,train,375,500,155,183,165,244,Stanford Dogs
Images/n02085620-Chihuahua/n02085620_3110.jpg,Chihuahua,n02085620-Chihuahua,train,450,338,98,32,187,226,Stanford Dogs
Images/n02085620-Chihuahua/n02085620_3208.jpg,Chihuahua,n02085620-Chihuahua,train,500,375,100,21,351,353,Stanford Dogs
Images/n02085620-Chihuahua/n02085620_326.jpg,Chihuahua,n02085620-Chihuahua,train,333,500,0,66,264,404,Stanford Dogs
Images/n02085620-Chihuahua/n02085620_3402.jpg,Chihuahua,n02085620-Chihuahua,test,500,375,155,117,311,180,Stanford Dogs
Images/n02085620-Chihuahua/n02085620_3407.jpg,Chihuahua,n02085620-Chihuahua,train,500,375,0,14,478,290,Stanford Dogs
Images/n02085620-Chihuahua/n02085620_3409.jpg,Chihuahua,n02085620-Chihuahua,test,500,333,2,1,387,330,Stanford Dogs
Images/n02085620-Chihuahua/n02085620_3423.jpg,Chihuahua,n02085620-Chihuahua,train,200,262,27,27,147,169,Stanford Dogs
Images/n02085620-Chihuahua/n02085620_3485.jpg,Chihuahua,n02085620-Chihuahua,test,320,319,25,9,257,306,Stanford Dogs
Images/n02085620-Chihuahua/n02085620_3488.jpg,Chihuahua,n02085620-Chihuahua,train,500,375,78,67,346,259,Stanford Dogs
Images/n02085620-Chihuahua/n02085620_3593.jpg,Chihuahua,n02085620-Chihuahua,train,200,229,2,7,197,220,Stanford Dogs
Images/n02085620-Chihuahua/n02085620_3651.jpg,Chihuahua,n02085620-Chihuahua,train,500,375,152,216,123,154,Stanford Dogs
Images/n02085620-Chihuahua/n02085620_3677.jpg,Chihuahua,n02085620-Chihuahua,train,500,375,67,24,432,284,Stanford Dogs
Images/n02085620-Chihuahua/n02085620_368.jpg,Chihuahua,n02085620-Chihuahua,train,500,333,155,24,263,292,Stanford Dogs
Images/n02085620-Chihuahua/n02085620_3681.jpg,Chihuahua,n02085620-Chihuahua,train,500,500,128,26,278,416,Stanford Dogs
Images/n02085620-Chihuahua/n02085620_3742.jpg,Chihuahua,n02085620-Chihuahua,test,599,428,72,24,466,384,Stanford Dogs
Images/n02085620-Chihuahua/n02085620_3763.jpg,Chihuahua,n02085620-Chihuahua,train,157,211,6,0,125,131,Stanford Dogs
Images/n02085620-Chihuahua/n02085620_382.jpg,Chihuahua,n02085620-Chihuahua,train,500,375,134,24,227,349,Stanford Dogs
Images/n02085620-Chihuahua/n02085620_3826.jpg,Chihuahua,n02085620-Chihuahua,test,500,333,2,0,452,332,Stanford Dogs
Images/n02085620-Chihuahua/n02085620_3838.jpg,Chihuahua,n02085620-Chihuahua,train,468,344,75,2,274,322,Stanford Dogs
Images/n02085620-Chihuahua/n02085620_3875.jpg,Chihuahua,n02085620-Chihuahua,test,500,333,125,14,215,318,Stanford Dogs
Images/n02085620-Chihuahua/n02085620_3877.jpg,Chihuahua,n02085620-Chihuahua,test,333,500,0,17,331,481,Stanford Dogs
Images/n02085620-Chihuahua/n02085620_3880.jpg,Chihuahua,n02085620-Chihuahua,train,359,500,1,63,280,435,Stanford Dogs
Images/n02085620-Chihuahua/n02085620_3928.jpg,Chihuahua,n02085620-Chihuahua,train,500,375,75,21,324,353,Stanford Dogs
Images/n02085620-Chihuahua/n02085620_3942.jpg,Chihuahua,n02085620-Chihuahua,train,478,500,10,11,430,487,Stanford Dogs
Images/n02085620-Chihuahua/n02085620_3975.jpg,Chihuahua,n02085620-Chihuahua,train,336,500,45,63,229,400,Stanford Dogs
Images/n02085620-Chihuahua/n02085620_4016.jpg,Chihuahua,n02085620-Chihuahua,train,640,480,2,8,627,470,Stanford Dogs
Images/n02085620-Chihuahua/n02085620_4159.jpg,Chihuahua,n02085620-Chihuahua,test,500,333,167,78,120,241,Stanford Dogs
Images/n02085620-Chihuahua/n02085620_4207.jpg,Chihuahua,n02085620-Chihuahua,test,500,333,19,16,445,301,Stanford Dogs
Images/n02085620-Chihuahua/n02085620_4266.jpg,Chihuahua,n02085620-Chihuahua,train,500,375,0,0,285,374,Stanford Dogs
Images/n02085620-Chihuahua/n02085620_4290.jpg,Chihuahua,n02085620-Chihuahua,train,351,500,36,155,254,303,Stanford Dogs
Images/n02085620-Chihuahua/n02085620_431.jpg,Chihuahua,n02085620-Chihuahua,train,500,375,180,113,207,247,Stanford Dogs
Images/n02085620-Chihuahua/n02085620_4441.jpg,Chihuahua,n02085620-Chihuahua,train,375,500,107,110,189,291,Stanford Dogs
Images/n02085620-Chihuahua/n02085620_4515.jpg,Chihuahua,n02085620-Chihuahua,train,500,385,94,127,128,200,Stanford Dogs
Images/n02085620-Chihuahua/n02085620_4572.jpg,Chihuahua,n02085620-Chihuahua,train,500,405,67,137,155,243,Stanford Dogs
Images/n02085620-Chihuahua/n02085620_4602.jpg,Chihuahua,n02085620-Chihuahua,test,3264,2448,1230,416,1311,2025,Stanford Dogs
Images/n02085620-Chihuahua/n02085620_4673.jpg,Chihuahua,n02085620-Chihuahua,train,500,375,85,78,215,295,Stanford Dogs
Images/n02085620-Chihuahua/n02085620_4700.jpg,Chihuahua,n02085620-Chihuahua,train,375,500,30,32,342,466,Stanford Dogs
Images/n02085620-Chihuahua/n02085620_473.jpg,Chihuahua,n02085620-Chihuahua,train,500,333,173,4,210,238,Stanford Dogs
Images/n02085620-Chihuahua/n02085620_477.jpg,Chihuahua,n02085620-Chihuahua,train,500,334,209,6,243,278,Stanford Dogs
Images/n02085620-Chihuahua/n02085620_4814.jpg,Chihuahua,n02085620-Chihuahua,train,239,252,25,19,196,219,Stanford Dogs
Images/n02085620-Chihuahua/n02085620_4875.jpg,Chihuahua,n02085620-Chihuahua,train,500,467,17,3,477,454,Stanford Dogs
Images/n02085620-Chihuahua/n02085620_4919.jpg,Chihuahua,n02085620-Chihuahua,test,240,206,10,22,170,183,Stanford Dogs
Images/n02085620-Chihuahua/n02085620_4951.jpg,Chihuahua,n02085620-Chihuahua,test,500,375,65,27,376,322,Stanford Dogs
Images/n02085620-Chihuahua/n02085620_4980.jpg,Chihuahua,n02085620-Chihuahua,train,500,334,153,93,170,112,Stanford Dogs
Images/n02085620-Chihuahua/n02085620_4998.jpg,Chihuahua,n02085620-Chihuahua,train,500,375,129,124,194,250,Stanford Dogs
Images/n02085620-Chihuahua/n02085620_500.jpg,Chihuahua,n02085620-Chihuahua,train,500,375,8,87,424,253,Stanford Dogs
Images/n02085620-Chihuahua/n02085620_5093.jpg,Chihuahua,n02085620-Chihuahua,test,280,420,70,91,160,269,Stanford Dogs
Images/n02085620-Chihuahua/n02085620_5312.jpg,Chihuahua,n02085620-Chihuahua,train,500,374,42,11,457,362,Stanford Dogs
Images/n02085620-Chihuahua/n02085620_5496.jpg,Chihuahua,n02085620-Chihuahua,test,500,333,0,9,284,323,Stanford Dogs
Images/n02085620-Chihuahua/n02085620_5661.jpg,Chihuahua,n02085620-Chihuahua,train,500,375,114,180,139,131,Stanford Dogs
Images/n02085620-Chihuahua/n02085620_5713.jpg,Chihuahua,n02085620-Chihuahua,test,500,405,158,14,324,389,Stanford Dogs
Images/n02085620-Chihuahua/n02085620_574.jpg,Chihuahua,n02085620-Chihuahua,train,500,375,61,65,372,309,Stanford Dogs
Images/n02085620-Chihuahua/n02085620_575.jpg,Chihuahua,n02085620-Chihuahua,train,500,377,112,49,174,278,Stanford Dogs
Images/n02085620-Chihuahua/n02085620_5771.jpg,Chihuahua,n02085620-Chihuahua,train,281,500,124,234,128,137,Stanford Dogs
Images/n02085620-Chihuahua/n02085620_588.jpg,Chihuahua,n02085620-Chihuahua,test,334,500,78,117,243,356,Stanford Dogs
Images/n02085620-Chihuahua/n02085620_5927.jpg,Chihuahua,n02085620-Chihuahua,train,360,300,30,14,206,284,Stanford Dogs
Images/n02085620-Chihuahua/n02085620_6295.jpg,Chihuahua,n02085620-Chihuahua,test,338,500,70,148,109,282,Stanford Dogs
Images/n02085620-Chihuahua/n02085620_6399.jpg,Chihuahua,n02085620-Chihuahua,test,300,225,107,70,128,77,Stanford Dogs
Images/n02085620-Chihuahua/n02085620_6931.jpg,Chihuahua,n02085620-Chihuahua,test,500,333,96,87,284,245,Stanford Dogs
Images/n02085620-Chihuahua/n02085620_7.jpg,Chihuahua,n02085620-Chihuahua,train,250,188,71,1,121,179,Stanford Dogs
Images/n02085620-Chihuahua/n02085620_712.jpg,Chihuahua,n02085620-Chihuahua,train,500,375,98,61,251,264,Stanford Dogs
Images/n02085620-Chihuahua/n02085620_7292.jpg,Chihuahua,n02085620-Chihuahua,train,225,168,69,6,105,133,Stanford Dogs
Images/n02085620-Chihuahua/n02085620_730.jpg,Chihuahua,n02085620-Chihuahua,test,500,375,177,134,170,233,Stanford Dogs
Images/n02085620-Chihuahua/n02085620_735.jpg,Chihuahua,n02085620-Chihuahua,train,223,287,92,71,93,215,Stanford Dogs
Images/n02085620-Chihuahua/n02085620_7436.jpg,Chihuahua,n02085620-Chihuahua,test,375,500,0,25,373,473,Stanford Dogs
Images/n02085620-Chihuahua/n02085620_7440.jpg,Chihuahua,n02085620-Chihuahua,train,500,375,21,0,452,374,Stanford Dogs
Images/n02085620-Chihuahua/n02085620_7613.jpg,Chihuahua,n02085620-Chihuahua,train,500,408,159,119,208,223,Stanford Dogs
Images/n02085620-Chihuahua/n02085620_7700.jpg,Chihuahua,n02085620-Chihuahua,train,500,375,0,0,379,374,Stanford Dogs
Images/n02085620-Chihuahua/n02085620_7738.jpg,Chihuahua,n02085620-Chihuahua,train,500,375,119,103,213,252,Stanford Dogs
Images/n02085620-Chihuahua/n02085620_806.jpg,Chihuahua,n02085620-Chihuahua,test,800,534,189,288,275,195,Stanford Dogs
Images/n02085620-Chihuahua/n02085620_8420.jpg,Chihuahua,n02085620-Chihuahua,train,500,332,53,68,259,181,Stanford Dogs
Images/n02085620-Chihuahua/n02085620_8491.jpg,Chihuahua,n02085620-Chihuahua,train,400,359,17,17,369,325,Stanford Dogs
Images/n02085620-Chihuahua/n02085620_8558.jpg,Chihuahua,n02085620-Chihuahua,train,215,214,49,35,122,119,Stanford Dogs
Images/n02085620-Chihuahua/n02085620_8578.jpg,Chihuahua,n02085620-Chihuahua,test,500,353,62,35,274,288,Stanford Dogs
Images/n02085620-Chihuahua/n02085620_8585.jpg,Chihuahua,n02085620-Chihuahua,train,500,332,125,9,196,258,Stanford Dogs
Images/n02085620-Chihuahua/n02085620_8611.jpg,Chihuahua,n02085620-Chihuahua,train,332,332,105,12,149,254,Stanford Dogs
Images/n02085620-Chihuahua/n02085620_8636.jpg,Chihuahua,n02085620-Chihuahua,train,500,375,45,130,159,132,Stanford Dogs
Images/n02085620-Chihuahua/n02085620_8637.jpg,Chihuahua,n02085620-Chihuahua,train,500,375,143,46,314,255,Stanford Dogs
Images/n02085620-Chihuahua/n02085620_9351.jpg,Chihuahua,n02085620-Chihuahua,train,500,375,139,12,220,315,Stanford Dogs
Images/n02085620-Chihuahua/n02085620_9357.jpg,Chihuahua,n02085620-Chihuahua,train,500,319,63,90,355,158,Stanford Dogs
Images/n02085620-Chihuahua/n02085620_9399.jpg,Chihuahua,n02085620-Chihuahua,train,500,375,149,74,137,175,Stanford Dogs
Images/n02085620-Chihuahua/n02085620_9414.jpg,Chihuahua,n02085620-Chihuahua,train,500,375,42,0,301,281,Stanford Dogs
Images/n02085620-Chihuahua/n02085620_949.jpg,Chihuahua,n02085620-Chihuahua,train,401,363,8,16,366,341,Stanford Dogs
Images/n02085620-Chihuahua/n02085620_952.jpg,Chihuahua,n02085620-Chihuahua,train,416,530,107,29,263,469,Stanford Dogs
Images/n02085620-Chihuahua/n02085620_9654.jpg,Chihuahua,n02085620-Chihuahua,train,461,500,0,36,420,462,Stanford Dogs
Images/n02086240-Shih-Tzu/n02086240_1059.jpg,Shih Tzu,n02086240-Shih-Tzu,test,333,500,62,33,269,465,Stanford Dogs
Images/n02086240-Shih-Tzu/n02086240_1078.jpg,Shih Tzu,n02086240-Shih-Tzu,train,333,500,83,153,187,300,Stanford Dogs
Images/n02086240-Shih-Tzu/n02086240_110.jpg,Shih Tzu,n02086240-Shih-Tzu,test,500,375,0,74,445,300,Stanford Dogs
Images/n02086240-Shih-Tzu/n02086240_11085.jpg,Shih Tzu,n02086240-Shih-Tzu,train,500,375,120,65,210,215,Stanford Dogs
Images/n02086240-Shih-Tzu/n02086240_11622.jpg,Shih Tzu,n02086240-Shih-Tzu,train,500,375,125,60,181,267,Stanford Dogs
Images/n02086240-Shih-Tzu/n02086240_1170.jpg,Shih Tzu,n02086240-Shih-Tzu,train,500,375,84,0,331,368,Stanford Dogs
Images/n02086240-Shih-Tzu/n02086240_11766.jpg,Shih Tzu,n02086240-Shih-Tzu,train,500,334,127,32,244,301,Stanford Dogs
Images/n02086240-Shih-Tzu/n02086240_11959.jpg,Shih Tzu,n02086240-Shih-Tzu,train,333,500,2,120,314,297,Stanford Dogs
Images/n02086240-Shih-Tzu/n02086240_12003.jpg,Shih Tzu,n02086240-Shih-Tzu,train,375,500,63,0,310,446,Stanford Dogs
Images/n02086240-Shih-Tzu/n02086240_12057.jpg,Shih Tzu,n02086240-Shih-Tzu,test,500,438,26,25,429,402,Stanford Dogs
Images/n02086240-Shih-Tzu/n02086240_12314.jpg,Shih Tzu,n02086240-Shih-Tzu,test,500,375,144,76,208,225,Stanford Dogs
Images/n02086240-Shih-Tzu/n02086240_12315.jpg,Shih Tzu,n02086240-Shih-Tzu,train,500,375,32,9,465,359,Stanford Dogs
Images/n02086240-Shih-Tzu/n02086240_1259.jpg,Shih Tzu,n02086240-Shih-Tzu,train,500,375,155,71,229,284,Stanford Dogs
Images/n02086240-Shih-Tzu/n02086240_134.jpg,Shih Tzu,n02086240-Shih-Tzu,test,500,335,120,14,326,308,Stanford Dogs
Images/n02086240-Shih-Tzu/n02086240_1445.jpg,Shih Tzu,n02086240-Shih-Tzu,test,500,375,145,65,225,309,Stanford Dogs
Images/n02086240-Shih-Tzu/n02086240_1602.jpg,Shih Tzu,n02086240-Shih-Tzu,test,500,375,107,12,392,362,Stanford Dogs
Images/n02086240-Shih-Tzu/n02086240_1687.jpg,Shih Tzu,n02086240-Shih-Tzu,test,500,333,123,3,249,326,Stanford Dogs
Images/n02086240-Shih-Tzu/n02086240_1690.jpg,Shih Tzu,n02086240-Shih-Tzu,test,320,240,63,27,256,173,Stanford Dogs
Images/n02086240-Shih-Tzu/n02086240_1779.jpg,Shih Tzu,n02086240-Shih-Tzu,train,500,375,212,119,151,199,Stanford Dogs
Images/n02086240-Shih-Tzu/n02086240_1843.jpg,Shih Tzu,n02086240-Shih-Tzu,test,500,390,30,11,281,293,Stanford Dogs
Images/n02086240-Shih-Tzu/n02086240_1859.jpg,Shih Tzu,n02086240-Shih-Tzu,train,376,500,57,72,256,379,Stanford Dogs
Images/n02086240-Shih-Tzu/n02086240_1874.jpg,Shih Tzu,n02086240-Shih-Tzu,train,497,500,160,50,173,366,Stanford Dogs
Images/n02086240-Shih-Tzu/n02086240_1927.jpg,Shih Tzu,n02086240-Shih-Tzu,test,500,375,210,68,140,228,Stanford Dogs
Images/n02086240-Shih-Tzu/n02086240_1958.jpg,Shih Tzu,n02086240-Shih-Tzu,test,375,500,36,17,337,481,Stanford Dogs
Images/n02086240-Shih-Tzu/n02086240_2077.jpg,Shih Tzu,n02086240-Shih-Tzu,test,500,500,0,35,498,401,Stanford Dogs
Images/n02086240-Shih-Tzu/n02086240_2113.jpg,Shih Tzu,n02086240-Shih-Tzu,test,375,500,1,31,372,460,Stanford Dogs
Images/n02086240-Shih-Tzu/n02086240_2211.jpg,Shih Tzu,n02086240-Shih-Tzu,train,360,272,0,36,340,205,Stanford Dogs
Images/n02086240-Shih-Tzu/n02086240_2335.jpg,Shih Tzu,n02086240-Shih-Tzu,train,500,346,175,21,190,283,Stanford Dogs
Images/n02086240-Shih-Tzu/n02086240_2526.jpg,Shih Tzu,n02086240-Shih-Tzu,test,300,225,19,9,159,200,Stanford Dogs
Images/n02086240-Shih-Tzu/n02086240_2710.jpg,Shih Tzu,n02086240-Shih-Tzu,train,500,321,134,63,237,218,Stanford Dogs
Images/n02086240-Shih-Tzu/n02086240_272.jpg,Shih Tzu,n02086240-Shih-Tzu,train,500,378,112,215,276,141,Stanford Dogs
Images/n02086240-Shih-Tzu/n02086240_30.jpg,Shih Tzu,n02086240-Shih-Tzu,train,500,375,2,49,497,325,Stanford Dogs
Images/n02086240-Shih-Tzu/n02086240_3050.jpg,Shih Tzu,n02086240-Shih-Tzu,test,500,374,55,14,362,352,Stanford Dogs
Images/n02086240-Shih-Tzu/n02086240_306.jpg,Shih Tzu,n02086240-Shih-Tzu,test,500,357,39,5,253,351,Stanford Dogs
Images/n02086240-Shih-Tzu/n02086240_3094.jpg,Shih Tzu,n02086240-Shih-Tzu,test,500,375,49,58,442,270,Stanford Dogs
Images/n02086240-Shih-Tzu/n02086240_3186.jpg,Shih Tzu,n02086240-Shih-Tzu,test,500,333,79,19,288,313,Stanford Dogs
Images/n02086240-Shih-Tzu/n02086240_3217.jpg,Shih Tzu,n02086240-Shih-Tzu,test,500,375,141,26,316,341,Stanford Dogs
Images/n02086240-Shih-Tzu/n02086240_323.jpg,Shih Tzu,n02086240-Shih-Tzu,train,500,333,158,39,180,289,Stanford Dogs
Images/n02086240-Shih-Tzu/n02086240_3254.jpg,Shih Tzu,n02086240-Shih-Tzu,train,500,375,203,14,166,225,Stanford Dogs
Images/n02086240-Shih-Tzu/n02086240_34.jpg,Shih Tzu,n02086240-Shih-Tzu,train,500,375,95,50,304,324,Stanford Dogs
Images/n02086240-Shih-Tzu/n02086240_3424.jpg,Shih Tzu,n02086240-Shih-Tzu,test,500,375,65,75,349,299,Stanford Dogs
Images/n02086240-Shih-Tzu/n02086240_3738.jpg,Shih Tzu,n02086240-Shih-Tzu,test,500,400,87,77,140,235,Stanford Dogs
Images/n02086240-Shih-Tzu/n02086240_3802.jpg,Shih Tzu,n02086240-Shih-Tzu,train,394,250,11,2,370,241,Stanford Dogs
Images/n02086240-Shih-Tzu/n02086240_3814.jpg,Shih Tzu,n02086240-Shih-Tzu,train,375,500,153,121,109,129,Stanford Dogs
Images/n02086240-Shih-Tzu/n02086240_3827.jpg,Shih Tzu,n02086240-Shih-Tzu,test,500,333,140,48,171,234,Stanford Dogs
Images/n02086240-Shih-Tzu/n02086240_4013.jpg,Shih Tzu,n02086240-Shih-Tzu,train,500,375,136,5,267,282,Stanford Dogs
Images/n02086240-Shih-Tzu/n02086240_415.jpg,Shih Tzu,n02086240-Shih-Tzu,train,500,375,188,122,128,169,Stanford Dogs
Images/n02086240-Shih-Tzu/n02086240_4255.jpg,Shih Tzu,n02086240-Shih-Tzu,test,500,374,184,53,251,309,Stanford Dogs
Images/n02086240-Shih-Tzu/n02086240_4346.jpg,Shih Tzu,n02086240-Shih-Tzu,train,500,375,185,22,161,232,Stanford Dogs
Images/n02086240-Shih-Tzu/n02086240_4430.jpg,Shih Tzu,n02086240-Shih-Tzu,train,500,375,0,33,286,280,Stanford Dogs
Images/n02086240-Shih-Tzu/n02086240_4449.jpg,Shih Tzu,n02086240-Shih-Tzu,test,500,375,7,23,373,276,Stanford Dogs
Images/n02086240-Shih-Tzu/n02086240_457.jpg,Shih Tzu,n02086240-Shih-Tzu,test,500,375,92,67,129,114,Stanford Dogs
Images/n02086240-Shih-Tzu/n02086240_4570.jpg,Shih Tzu,n02086240-Shih-Tzu,test,500,375,69,154,169,219,Stanford Dogs
Images/n02086240-Shih-Tzu/n02086240_46.jpg,Shih Tzu,n02086240-Shih-Tzu,test,294,220,100,7,193,196,Stanford Dogs
Images/n02086240-Shih-Tzu/n02086240_4608.jpg,Shih Tzu,n02086240-Shih-Tzu,test,500,375,1,94,462,275,Stanford Dogs
Images/n02086240-Shih-Tzu/n02086240_4629.jpg,Shih Tzu,n02086240-Shih-Tzu,test,500,375,32,43,396,331,Stanford Dogs
Images/n02086240-Shih-Tzu/n02086240_4669.jpg,Shih Tzu,n02086240-Shih-Tzu,train,500,334,277,2,147,176,Stanford Dogs
Images/n02086240-Shih-Tzu/n02086240_4751.jpg,Shih Tzu,n02086240-Shih-Tzu,test,416,500,7,56,375,431,Stanford Dogs
Images/n02086240-Shih-Tzu/n02086240_4776.jpg,Shih Tzu,n02086240-Shih-Tzu,train,494,500,91,98,356,400,Stanford Dogs
Images/n02086240-Shih-Tzu/n02086240_4808.jpg,Shih Tzu,n02086240-Shih-Tzu,train,500,375,75,61,343,312,Stanford Dogs
Images/n02086240-Shih-Tzu/n02086240_4865.jpg,Shih Tzu,n02086240-Shih-Tzu,test,410,308,103,50,285,217,Stanford Dogs
Images/n02086240-Shih-Tzu/n02086240_5042.jpg,Shih Tzu,n02086240-Shih-Tzu,test,375,500,56,43,286,365,Stanford Dogs
Images/n02086240-Shih-Tzu/n02086240_5096.jpg,Shih Tzu,n02086240-Shih-Tzu,test,500,345,148,100,260,191,Stanford Dogs
Images/n02086240-Shih-Tzu/n02086240_5140.jpg,Shih Tzu,n02086240-Shih-Tzu,train,500,375,0,45,391,312,Stanford Dogs
Images/n02086240-Shih-Tzu/n02086240_5212.jpg,Shih Tzu,n02086240-Shih-Tzu,train,500,375,201,116,131,137,Stanford Dogs
Images/n02086240-Shih-Tzu/n02086240_5246.jpg,Shih Tzu,n02086240-Shih-Tzu,test,289,243,30,31,240,200,Stanford Dogs
Images/n02086240-Shih-Tzu/n02086240_533.jpg,Shih Tzu,n02086240-Shih-Tzu,test,500,375,0,42,479,332,Stanford Dogs
Images/n02086240-Shih-Tzu/n02086240_5352.jpg,Shih Tzu,n02086240-Shih-Tzu,test,375,500,0,42,373,456,Stanford Dogs
Images/n02086240-Shih-Tzu/n02086240_5541.jpg,Shih Tzu,n02086240-Shih-Tzu,test,500,375,66,116,285,156,Stanford Dogs
Images/n02086240-Shih-Tzu/n02086240_5627.jpg,Shih Tzu,n02086240-Shih-Tzu,train,500,375,37,66,459,295,Stanford Dogs
Images/n02086240-Shih-Tzu/n02086240_5696.jpg,Shih Tzu,n02086240-Shih-Tzu,train,319,480,0,107,287,371,Stanford Dogs
Images/n02086240-Shih-Tzu/n02086240_5703.jpg,Shih Tzu,n02086240-Shih-Tzu,test,333,441,31,80,198,336,Stanford Dogs
Images/n02086240-Shih-Tzu/n02086240_574.jpg,Shih Tzu,n02086240-Shih-Tzu,test,500,374,157,190,277,146,Stanford Dogs
Images/n02086240-Shih-Tzu/n02086240_5957.jpg,Shih Tzu,n02086240-Shih-Tzu,test,500,375,130,100,362,235,Stanford Dogs
Images/n02086240-Shih-Tzu/n02086240_599.jpg,Shih Tzu,n02086240-Shih-Tzu,test,291,267,0,1,271,265,Stanford Dogs
Images/n02086240-Shih-Tzu/n02086240_6032.jpg,Shih Tzu,n02086240-Shih-Tzu,train,400,500,133,130,225,310,Stanford Dogs
Images/n02086240-Shih-Tzu/n02086240_6082.jpg,Shih Tzu,n02086240-Shih-Tzu,train,500,375,46,70,353,273,Stanford Dogs
Images/n02086240-Shih-Tzu/n02086240_6106.jpg,Shih Tzu,n02086240-Shih-Tzu,train,500,375,137,94,200,252,Stanford Dogs
Images/n02086240-Shih-Tzu/n02086240_6116.jpg,Shih Tzu,n02086240-Shih-Tzu,train,500,375,104,73,322,285,Stanford Dogs
Images/n02086240-Shih-Tzu/n02086240_6269.jpg,Shih Tzu,n02086240-Shih-Tzu,train,382,500,28,38,337,434,Stanford Dogs
Images/n02086240-Shih-Tzu/n02086240_646.jpg,Shih Tzu,n02086240-Shih-Tzu,test,500,375,336,95,163,220,Stanford Dogs
Images/n02086240-Shih-Tzu/n02086240_6606.jpg,Shih Tzu,n02086240-Shih-Tzu,test,500,375,61,119,438,255,Stanford Dogs
Images/n02086240-Shih-Tzu/n02086240_6871.jpg,Shih Tzu,n02086240-Shih-Tzu,test,500,375,151,59,348,315,Stanford Dogs
Images/n02086240-Shih-Tzu/n02086240_6882.jpg,Shih Tzu,n02086240-Shih-Tzu,train,500,375,57,1,286,353,Stanford Dogs
Images/n02086240-Shih-Tzu/n02086240_6898.jpg,Shih Tzu,n02086240-Shih-Tzu,train,500,375,109,49,329,322,Stanford Dogs
Images/n02086240-Shih-Tzu/n02086240_707.jpg,Shih Tzu,n02086240-Shih-Tzu,test,455,500,215,123,223,375,Stanford Dogs
Images/n02086240-Shih-Tzu/n02086240_7093.jpg,Shih Tzu,n02086240-Shih-Tzu,test,500,333,72,49,316,283,Stanford Dogs
Images/n02086240-Shih-Tzu/n02086240_7100.jpg,Shih Tzu,n02086240-Shih-Tzu,test,375,500,2,0,325,402,Stanford Dogs
Images/n02086240-Shih-Tzu/n02086240_7123.jpg,Shih Tzu,n02086240-Shih-Tzu,train,500,375,127,46,241,283,Stanford Dogs
Images/n02086240-Shih-Tzu/n02086240_7170.jpg,Shih Tzu,n02086240-Shih-Tzu,test,500,334,1,0,338,333,Stanford Dogs
Images/n02086240-Shih-Tzu/n02086240_7205.jpg,Shih Tzu,n02086240-Shih-Tzu,train,334,250,94,127,105,91,Stanford Dogs
Images/n02086240-Shih-Tzu/n02086240_7209.jpg,Shih Tzu,n02086240-Shih-Tzu,train,400,447,19,56,360,345,Stanford Dogs
Images/n02086240-Shih-Tzu/n02086240_7299.jpg,Shih Tzu,n02086240-Shih-Tzu,train,500,375,123,109,277,218,Stanford Dogs
Images/n02086240-Shih-Tzu/n02086240_7349.jpg,Shih Tzu,n02086240-Shih-Tzu,train,375,344,11,14,351,323,Stanford Dogs
Images/n02086240-Shih-Tzu/n02086240_739.jpg,Shih Tzu,n02086240-Shih-Tzu,test,500,375,77,27,323,268,Stanford Dogs
Images/n02086240-Shih-Tzu/n02086240_745.jpg,Shih Tzu,n02086240-Shih-Tzu,train,500,375,113,38,343,303,Stanford Dogs
Images/n02086240-Shih-Tzu/n02086240_7454.jpg,Shih Tzu,n02086240-Shih-Tzu,test,500,375,35,30,461,344,Stanford Dogs
Images/n02086240-Shih-Tzu/n02086240_756.jpg,Shih Tzu,n02086240-Shih-Tzu,test,500,375,27,53,316,321,Stanford Dogs
Images/n02086240-Shih-Tzu/n02086240_762.jpg,Shih Tzu,n02086240-Shih-Tzu,test,334,500,47,97,225,401,Stanford Dogs
Images/n02086240-Shih-Tzu/n02086240_7728.jpg,Shih Tzu,n02086240-Shih-Tzu,test,500,375,2,2,488,372,Stanford Dogs
Images/n02086240-Shih-Tzu/n02086240_7978.jpg,Shih Tzu,n02086240-Shih-Tzu,train,500,332,264,94,169,237,Stanford Dogs
Images/n02086240-Shih-Tzu/n02086240_8812.jpg,Shih Tzu,n02086240-Shih-Tzu,test,500,332,32,30,381,301,Stanford Dogs
Images/n02086240-Shih-Tzu/n02086240_8825.jpg,Shih Tzu,n02086240-Shih-Tzu,test,467,500,45,18,393,462,Stanford Dogs
Images/n02086240-Shih-Tzu/n02086240_9429.jpg,Shih Tzu,n02086240-Shih-Tzu,train,375,500,17,0,340,476,Stanford Dogs
Images/n02086240-Shih-Tzu/n02086240_963.jpg,Shih Tzu,n02086240-Shih-Tzu,train,325,500,20,13,303,485,Stanford Dogs
Images/n02086240-Shih-Tzu/n02086240_968.jpg,Shih Tzu,n02086240-Shih-Tzu,train,500,333,67,0,362,332,Stanford Dogs
Images/n02086240-Shih-Tzu/n02086240_6587.jpg,Shih Tzu,n02086240-Shih-Tzu,train,500,333,22,59,305,220,Stanford Dogs
Images/n02086240-Shih-Tzu/n02086240_7079.jpg,Shih Tzu,n02086240-Shih-Tzu,test,500,375,111,79,268,248,Stanford Dogs
Images/n02086240-Shih-Tzu/n02086240_3582.jpg,Shih Tzu,n02086240-Shih-Tzu,train,404,270,82,61,192,204,Stanford Dogs
Images/n02086240-Shih-Tzu/n02086240_2254.jpg,Shih Tzu,n02086240-Shih-Tzu,train,500,386,0,55,499,255,Stanford Dogs
Images/n02086240-Shih-Tzu/n02086240_6647.jpg,Shih Tzu,n02086240-Shih-Tzu,test,500,332,155,74,344,257,Stanford Dogs
Images/n02086240-Shih-Tzu/n02086240_4127.jpg,Shih Tzu,n02086240-Shih-Tzu,train,425,480,43,18,305,376,Stanford Dogs
Images/n02086240-Shih-Tzu/n02086240_126.jpg,Shih Tzu,n02086240-Shih-Tzu,test,500,375,90,68,292,216,Stanford Dogs
Images/n02086240-Shih-Tzu/n02086240_3227.jpg,Shih Tzu,n02086240-Shih-Tzu,test,500,334,65,1,427,320,Stanford Dogs
Images/n02086240-Shih-Tzu/n02086240_1205.jpg,Shih Tzu,n02086240-Shih-Tzu,train,338,500,20,91,316,402,Stanford Dogs
Images/n02086240-Shih-Tzu/n02086240_135.jpg,Shih Tzu,n02086240-Shih-Tzu,test,500,375,0,35,397,308,Stanford Dogs
Images/n02086240-Shih-Tzu/n02086240_1333.jpg,Shih Tzu,n02086240-Shih-Tzu,train,500,375,88,55,210,319,Stanford Dogs
Images/n02086240-Shih-Tzu/n02086240_5554.jpg,Shih Tzu,n02086240-Shih-Tzu,train,500,333,119,8,206,307,Stanford Dogs
Images/n02086240-Shih-Tzu/n02086240_4544.jpg,Shih Tzu,n02086240-Shih-Tzu,test,400,409,62,20,285,370,Stanford Dogs
Images/n02086240-Shih-Tzu/n02086240_6911.jpg,Shih Tzu,n02086240-Shih-Tzu,test,500,375,271,46,223,309,Stanford Dogs
Images/n02086240-Shih-Tzu/n02086240_12342.jpg,Shih Tzu,n02086240-Shih-Tzu,train,500,500,50,20,407,426,Stanford Dogs
Images/n02086240-Shih-Tzu/n02086240_4252.jpg,Shih Tzu,n02086240-Shih-Tzu,train,500,375,101,35,378,268,Stanford Dogs
Images/n02086240-Shih-Tzu/n02086240_271.jpg,Shih Tzu,n02086240-Shih-Tzu,test,500,375,288,160,177,214,Stanford Dogs
Images/n02086240-Shih-Tzu/n02086240_12650.jpg,Shih Tzu,n02086240-Shih-Tzu,train,345,500,2,6,341,484,Stanford Dogs
Images/n02086240-Shih-Tzu/n02086240_6463.jpg,Shih Tzu,n02086240-Shih-Tzu,test,332,500,0,172,261,311,Stanford Dogs
Images/n02086240-Shih-Tzu/n02086240_2417.jpg,Shih Tzu,n02086240-Shih-Tzu,test,375,500,52,0,290,498,Stanford Dogs
Images/n02086240-Shih-Tzu/n02086240_1665.jpg,Shih Tzu,n02086240-Shih-Tzu,test,333,500,127,212,109,141,Stanford Dogs
Images/n02086240-Shih-Tzu/n02086240_1770.jpg,Shih Tzu,n02086240-Shih-Tzu,test,500,375,99,1,268,373,Stanford Dogs
Images/n02086240-Shih-Tzu/n02086240_1215.jpg,Shih Tzu,n02086240-Shih-Tzu,test,500,376,4,49,387,326,Stanford Dogs
Images/n02086240-Shih-Tzu/n02086240_1267.jpg,Shih Tzu,n02086240-Shih-Tzu,train,500,375,159,81,305,215,Stanford Dogs
Images/n02086240-Shih-Tzu/n02086240_3961.jpg,Shih Tzu,n02086240-Shih-Tzu,test,500,375,126,81,352,251,Stanford Dogs
Images/n02086240-Shih-Tzu/n02086240_6477.jpg,Shih Tzu,n02086240-Shih-Tzu,train,331,500,18,20,300,371,Stanford Dogs
Images/n02086240-Shih-Tzu/n02086240_12480.jpg,Shih Tzu,n02086240-Shih-Tzu,test,500,243,0,45,491,180,Stanford Dogs
Images/n02086240-Shih-Tzu/n02086240_6222.jpg,Shih Tzu,n02086240-Shih-Tzu,train,500,375,0,90,410,181,Stanford Dogs
Images/n02086240-Shih-Tzu/n02086240_1249.jpg,Shih Tzu,n02086240-Shih-Tzu,test,500,333,111,7,348,325,Stanford Dogs
Images/n02086240-Shih-Tzu/n02086240_5889.jpg,Shih Tzu,n02086240-Shih-Tzu,test,500,375,103,40,134,203,Stanford Dogs
Images/n02086240-Shih-Tzu/n02086240_4999.jpg,Shih Tzu,n02086240-Shih-Tzu,test,500,353,56,109,246,118,Stanford Dogs
Images/n02086240-Shih-Tzu/n02086240_5520.jpg,Shih Tzu,n02086240-Shih-Tzu,train,500,375,180,54,289,320,Stanford Dogs
Images/n02086240-Shih-Tzu/n02086240_6585.jpg,Shih Tzu,n02086240-Shih-Tzu,train,500,375,73,13,346,331,Stanford Dogs
Images/n02086240-Shih-Tzu/n02086240_6131.jpg,Shih Tzu,n02086240-Shih-Tzu,train,500,375,78,6,413,302,Stanford Dogs
Images/n02086240-Shih-Tzu/n02086240_11539.jpg,Shih Tzu,n02086240-Shih-Tzu,train,500,326,247,86,127,193,Stanford Dogs
Images/n02086240-Shih-Tzu/n02086240_2003.jpg,Shih Tzu,n02086240-Shih-Tzu,test,336,500,37,71,283,356,Stanford Dogs
Images/n02086240-Shih-Tzu/n02086240_5976.jpg,Shih Tzu,n02086240-Shih-Tzu,train,500,375,94,6,237,324,Stanford Dogs
Images/n02086240-Shih-Tzu/n02086240_3558.jpg,Shih Tzu,n02086240-Shih-Tzu,train,500,375,41,67,352,226,Stanford Dogs
Images/n02086240-Shih-Tzu/n02086240_11139.jpg,Shih Tzu,n02086240-Shih-Tzu,test,375,500,36,22,337,476,Stanford Dogs
Images/n02086240-Shih-Tzu/n02086240_1366.jpg,Shih Tzu,n02086240-Shih-Tzu,test,375,500,72,120,225,290,Stanford Dogs
Images/n02086240-Shih-Tzu/n02086240_11420.jpg,Shih Tzu,n02086240-Shih-Tzu,train,500,375,100,97,167,166,Stanford Dogs
Images/n02086240-Shih-Tzu/n02086240_447.jpg,Shih Tzu,n02086240-Shih-Tzu,train,375,500,61,0,266,242,Stanford Dogs
Images/n02086240-Shih-Tzu/n02086240_5546.jpg,Shih Tzu,n02086240-Shih-Tzu,train,500,333,302,93,128,169,Stanford Dogs
Images/n02086240-Shih-Tzu/n02086240_12348.jpg,Shih Tzu,n02086240-Shih-Tzu,test,500,375,47,44,374,265,Stanford Dogs
Images/n02086240-Shih-Tzu/n02086240_4625.jpg,Shih Tzu,n02086240-Shih-Tzu,test,500,333,58,0,362,331,Stanford Dogs
Images/n02086240-Shih-Tzu/n02086240_5536.jpg,Shih Tzu,n02086240-Shih-Tzu,test,584,390,76,11,403,355,Stanford Dogs
Images/n02086240-Shih-Tzu/n02086240_6992.jpg,Shih Tzu,n02086240-Shih-Tzu,test,500,444,20,12,476,430,Stanford Dogs
Images/n02086240-Shih-Tzu/n02086240_1295.jpg,Shih Tzu,n02086240-Shih-Tzu,train,375,500,26,53,347,367,Stanford Dogs
Images/n02086240-Shih-Tzu/n02086240_1725.jpg,Shih Tzu,n02086240-Shih-Tzu,train,500,364,255,16,237,240,Stanford Dogs
Images/n02086240-Shih-Tzu/n02086240_3921.jpg,Shih Tzu,n02086240-Shih-Tzu,test,500,375,0,39,475,335,Stanford Dogs
Images/n02086240-Shih-Tzu/n02086240_5316.jpg,Shih Tzu,n02086240-Shih-Tzu,test,500,375,0,0,369,374,Stanford Dogs
Images/n02086240-Shih-Tzu/n02086240_254.jpg,Shih Tzu,n02086240-Shih-Tzu,test,333,500,41,77,284,421,Stanford Dogs
Images/n02086240-Shih-Tzu/n02086240_5994.jpg,Shih Tzu,n02086240-Shih-Tzu,train,500,375,1,68,337,306,Stanford Dogs
Images/n02086240-Shih-Tzu/n02086240_3979.jpg,Shih Tzu,n02086240-Shih-Tzu,train,300,291,86,13,131,200,Stanford Dogs
Images/n02086240-Shih-Tzu/n02086240_3719.jpg,Shih Tzu,n02086240-Shih-Tzu,train,360,270,90,76,150,173,Stanford Dogs
Images/n02086240-Shih-Tzu/n02086240_6322.jpg,Shih Tzu,n02086240-Shih-Tzu,train,500,376,48,63,413,301,Stanford Dogs
Images/n02086240-Shih-Tzu/n02086240_6924.jpg,Shih Tzu,n02086240-Shih-Tzu,train,500,399,70,105,365,263,Stanford Dogs
Images/n02086240-Shih-Tzu/n02086240_11551.jpg,Shih Tzu,n02086240-Shih-Tzu,test,353,500,130,300,104,127,Stanford Dogs
Images/n02086240-Shih-Tzu/n02086240_6833.jpg,Shih Tzu,n02086240-Shih-Tzu,train,500,375,18,29,316,279,Stanford Dogs
Images/n02086240-Shih-Tzu/n02086240_3983.jpg,Shih Tzu,n02086240-Shih-Tzu,test,500,375,1,6,467,368,Stanford Dogs
Images/n02086240-Shih-Tzu/n02086240_1011.jpg,Shih Tzu,n02086240-Shih-Tzu,train,500,375,232,51,219,280,Stanford Dogs
Images/n02086240-Shih-Tzu/n02086240_1082.jpg,Shih Tzu,n02086240-Shih-Tzu,train,500,350,178,146,141,201,Stanford Dogs
Images/n02086240-Shih-Tzu/n02086240_1016.jpg,Shih Tzu,n02086240-Shih-Tzu,train,270,360,0,4,263,347,Stanford Dogs
Images/n02086240-Shih-Tzu/n02086240_3489.jpg,Shih Tzu,n02086240-Shih-Tzu,test,332,500,6,156,263,311,Stanford Dogs
Images/n02086240-Shih-Tzu/n02086240_12796.jpg,Shih Tzu,n02086240-Shih-Tzu,test,500,375,76,96,375,278,Stanford Dogs
Images/n02086240-Shih-Tzu/n02086240_1856.jpg,Shih Tzu,n02086240-Shih-Tzu,test,500,375,50,66,358,287,Stanford Dogs
Images/n02086240-Shih-Tzu/n02086240_3175.jpg,Shih Tzu,n02086240-Shih-Tzu,train,375,500,121,156,234,284,Stanford Dogs
Images/n02086240-Shih-Tzu/n02086240_1621.jpg,Shih Tzu,n02086240-Shih-Tzu,train,360,244,24,32,327,182,Stanford Dogs
Images/n02086240-Shih-Tzu/n02086240_6819.jpg,Shih Tzu,n02086240-Shih-Tzu,train,500,375,78,46,353,185,Stanford Dogs
Images/n02086240-Shih-Tzu/n02086240_1370.jpg,Shih Tzu,n02086240-Shih-Tzu,test,500,375,126,74,302,300,Stanford Dogs
Images/n02086240-Shih-Tzu/n02086240_2961.jpg,Shih Tzu,n02086240-Shih-Tzu,test,375,500,112,0,261,480,Stanford Dogs
Images/n02086240-Shih-Tzu/n02086240_1142.jpg,Shih Tzu,n02086240-Shih-Tzu,train,320,240,118,97,184,106,Stanford Dogs
Images/n02086240-Shih-Tzu/n02086240_11692.jpg,Shih Tzu,n02086240-Shih-Tzu,test,500,375,50,55,409,291,Stanford Dogs
Images/n02086240-Shih-Tzu/n02086240_3862.jpg,Shih Tzu,n02086240-Shih-Tzu,train,500,375,0,29,443,345,Stanford Dogs
Images/n02086240-Shih-Tzu/n02086240_10785.jpg,Shih Tzu,n02086240-Shih-Tzu,train,500,375,31,110,166,223,Stanford Dogs
Images/n02086240-Shih-Tzu/n02086240_4190.jpg,Shih Tzu,n02086240-Shih-Tzu,test,300,225,35,16,212,201,Stanford Dogs
Images/n02086240-Shih-Tzu/n02086240_6323.jpg,Shih Tzu,n02086240-Shih-Tzu,test,500,475,32,65,396,406,Stanford Dogs
Images/n02086240-Shih-Tzu/n02086240_3137.jpg,Shih Tzu,n02086240-Shih-Tzu,test,500,375,84,30,281,222,Stanford Dogs
Images/n02086240-Shih-Tzu/n02086240_6795.jpg,Shih Tzu,n02086240-Shih-Tzu,test,500,375,27,1,397,320,Stanford Dogs
Images/n02086240-Shih-Tzu/n02086240_2705.jpg,Shih Tzu,n02086240-Shih-Tzu,train,500,375,107,67,322,215,Stanford Dogs
Images/n02086240-Shih-Tzu/n02086240_61.jpg,Shih Tzu,n02086240-Shih-Tzu,train,375,500,1,20,372,478,Stanford Dogs
Images/n02086240-Shih-Tzu/n02086240_6849.jpg,Shih Tzu,n02086240-Shih-Tzu,test,360,315,13,0,345,314,Stanford Dogs
Images/n02086240-Shih-Tzu/n02086240_5443.jpg,Shih Tzu,n02086240-Shih-Tzu,train,375,500,66,118,236,192,Stanford Dogs
Images/n02086240-Shih-Tzu/n02086240_3493.jpg,Shih Tzu,n02086240-Shih-Tzu,test,500,333,70,5,429,300,Stanford Dogs
Images/n02086240-Shih-Tzu/n02086240_7110.jpg,Shih Tzu,n02086240-Shih-Tzu,train,500,375,6,0,493,374,Stanford Dogs
Images/n02086240-Shih-Tzu/n02086240_7142.jpg,Shih Tzu,n02086240-Shih-Tzu,train,333,500,0,78,247,344,Stanford Dogs
Images/n02086240-Shih-Tzu/n02086240_7195.jpg,Shih Tzu,n02086240-Shih-Tzu,test,500,375,90,238,147,131,Stanford Dogs
Images/n02086240-Shih-Tzu/n02086240_7207.jpg,Shih Tzu,n02086240-Shih-Tzu,test,500,375,22,12,458,362,Stanford Dogs
Images/n02086240-Shih-Tzu/n02086240_7221.jpg,Shih Tzu,n02086240-Shih-Tzu,test,500,333,170,44,329,210,Stanford Dogs
Images/n02086240-Shih-Tzu/n02086240_7248.jpg,Shih Tzu,n02086240-Shih-Tzu,test,500,330,24,34,457,295,Stanford Dogs
Images/n02086240-Shih-Tzu/n02086240_7266.jpg,Shih Tzu,n02086240-Shih-Tzu,test,374,500,1,62,280,383,Stanford Dogs
Images/n02086240-Shih-Tzu/n02086240_7404.jpg,Shih Tzu,n02086240-Shih-Tzu,test,500,333,83,0,262,332,Stanford Dogs
Images/n02086240-Shih-Tzu/n02086240_788.jpg,Shih Tzu,n02086240-Shih-Tzu,train,332,500,33,184,193,186,Stanford Dogs
Images/n02086240-Shih-Tzu/n02086240_789.jpg,Shih Tzu,n02086240-Shih-Tzu,train,500,375,238,58,176,188,Stanford Dogs
Images/n02086240-Shih-Tzu/n02086240_7954.jpg,Shih Tzu,n02086240-Shih-Tzu,train,500,333,1,0,452,228,Stanford Dogs
Images/n02086240-Shih-Tzu/n02086240_8017.jpg,Shih Tzu,n02086240-Shih-Tzu,test,500,356,123,121,170,182,Stanford Dogs
Images/n02086240-Shih-Tzu/n02086240_8049.jpg,Shih Tzu,n02086240-Shih-Tzu,test,500,375,237,167,131,189,Stanford Dogs
Images/n02086240-Shih-Tzu/n02086240_8108.jpg,Shih Tzu,n02086240-Shih-Tzu,test,480,360,83,61,287,275,Stanford Dogs
Images/n02086240-Shih-Tzu/n02086240_818.jpg,Shih Tzu,n02086240-Shih-Tzu,test,500,375,143,80,356,294,Stanford Dogs
Images/n02086240-Shih-Tzu/n02086240_8205.jpg,Shih Tzu,n02086240-Shih-Tzu,train,500,375,103,3,217,332,Stanford Dogs
Images/n02086240-Shih-Tzu/n02086240_8489.jpg,Shih Tzu,n02086240-Shih-Tzu,test,500,375,67,147,218,181,Stanford Dogs
Images/n02086240-Shih-Tzu/n02086240_9.jpg,Shih Tzu,n02086240-Shih-Tzu,test,500,375,164,62,267,312,Stanford Dogs
Images/n02086240-Shih-Tzu/n02086240_9098.jpg,Shih Tzu,n02086240-Shih-Tzu,train,500,375,145,56,201,306,Stanford Dogs
Images/n02086240-Shih-Tzu/n02086240_9293.jpg,Shih Tzu,n02086240-Shih-Tzu,test,500,375,86,63,412,233,Stanford Dogs
Images/n02086240-Shih-Tzu/n02086240_936.jpg,Shih Tzu,n02086240-Shih-Tzu,test,500,333,20,8,376,324,Stanford Dogs
Images/n02086240-Shih-Tzu/n02086240_9467.jpg,Shih Tzu,n02086240-Shih-Tzu,train,500,476,45,0,401,458,Stanford Dogs
Images/n02086240-Shih-Tzu/n02086240_9551.jpg,Shih Tzu,n02086240-Shih-Tzu,test,334,500,0,48,332,390,Stanford Dogs
Images/n02086240-Shih-Tzu/n02086240_9750.jpg,Shih Tzu,n02086240-Shih-Tzu,test,500,333,125,85,192,246,Stanford Dogs
Images/n02088364-beagle/n02088364_10296.jpg,Beagle,n02088364-beagle,test,500,375,240,140,259,228,Stanford Dogs
Images/n02088364-beagle/n02088364_10354.jpg,Beagle,n02088364-beagle,test,500,375,30,54,428,320,Stanford Dogs
Images/n02088364-beagle/n02088364_10362.jpg,Beagle,n02088364-beagle,train,335,199,165,22,166,166,Stanford Dogs
Images/n02088364-beagle/n02088364_10585.jpg,Beagle,n02088364-beagle,test,500,333,15,70,471,201,Stanford Dogs
Images/n02088364-beagle/n02088364_10731.jpg,Beagle,n02088364-beagle,train,500,396,0,109,248,207,Stanford Dogs
Images/n02088364-beagle/n02088364_10798.jpg,Beagle,n02088364-beagle,test,500,375,183,105,221,171,Stanford Dogs
Images/n02088364-beagle/n02088364_10947.jpg,Beagle,n02088364-beagle,test,250,274,35,47,214,226,Stanford Dogs
Images/n02088364-beagle/n02088364_11130.jpg,Beagle,n02088364-beagle,train,500,375,68,113,161,248,Stanford Dogs
Images/n02088364-beagle/n02088364_1128.jpg,Beagle,n02088364-beagle,train,500,335,126,26,360,308,Stanford Dogs
Images/n02088364-beagle/n02088364_11391.jpg,Beagle,n02088364-beagle,test,375,500,35,32,298,451,Stanford Dogs
Images/n02088364-beagle/n02088364_11509.jpg,Beagle,n02088364-beagle,test,500,375,140,25,175,315,Stanford Dogs
Images/n02088364-beagle/n02088364_12124.jpg,Beagle,n02088364-beagle,test,500,375,69,50,275,324,Stanford Dogs
Images/n02088364-beagle/n02088364_12131.jpg,Beagle,n02088364-beagle,test,375,500,2,58,354,374,Stanford Dogs
Images/n02088364-beagle/n02088364_12154.jpg,Beagle,n02088364-beagle,test,350,316,22,27,294,275,Stanford Dogs
Images/n02088364-beagle/n02088364_12178.jpg,Beagle,n02088364-beagle,test,500,375,105,45,369,266,Stanford Dogs
Images/n02088364-beagle/n02088364_12213.jpg,Beagle,n02088364-beagle,train,452,452,25,9,420,431,Stanford Dogs
Images/n02088364-beagle/n02088364_12334.jpg,Beagle,n02088364-beagle,train,250,188,50,14,156,173,Stanford Dogs
Images/n02088364-beagle/n02088364_12397.jpg,Beagle,n02088364-beagle,train,500,470,106,136,289,332,Stanford Dogs
Images/n02088364-beagle/n02088364_12405.jpg,Beagle,n02088364-beagle,test,500,375,65,24,321,340,Stanford Dogs
Images/n02088364-beagle/n02088364_12440.jpg,Beagle,n02088364-beagle,train,500,333,30,2,365,330,Stanford Dogs
Images/n02088364-beagle/n02088364_12710.jpg,Beagle,n02088364-beagle,train,320,240,165,86,106,145,Stanford Dogs
Images/n02088364-beagle/n02088364_12713.jpg,Beagle,n02088364-beagle,test,500,375,57,46,369,318,Stanford Dogs
Images/n02088364-beagle/n02088364_12745.jpg,Beagle,n02088364-beagle,train,500,332,96,148,257,152,Stanford Dogs
Images/n02088364-beagle/n02088364_129.jpg,Beagle,n02088364-beagle,test,320,360,62,56,180,272,Stanford Dogs
Images/n02088364-beagle/n02088364_12920.jpg,Beagle,n02088364-beagle,train,363,500,8,76,288,415,Stanford Dogs
Images/n02088364-beagle/n02088364_13428.jpg,Beagle,n02088364-beagle,train,400,500,30,28,315,470,Stanford Dogs
Images/n02088364-beagle/n02088364_13477.jpg,Beagle,n02088364-beagle,test,500,332,163,74,295,255,Stanford Dogs
Images/n02088364-beagle/n02088364_13478.jpg,Beagle,n02088364-beagle,train,500,375,0,33,499,312,Stanford Dogs
Images/n02088364-beagle/n02088364_13484.jpg,Beagle,n02088364-beagle,train,500,333,135,21,186,286,Stanford Dogs
Images/n02088364-beagle/n02088364_13630.jpg,Beagle,n02088364-beagle,train,375,500,62,206,225,200,Stanford Dogs
Images/n02088364-beagle/n02088364_13809.jpg,Beagle,n02088364-beagle,test,500,338,9,43,475,272,Stanford Dogs
Images/n02088364-beagle/n02088364_1384.jpg,Beagle,n02088364-beagle,test,500,375,40,35,298,234,Stanford Dogs
Images/n02088364-beagle/n02088364_13981.jpg,Beagle,n02088364-beagle,train,500,281,208,2,291,275,Stanford Dogs
Images/n02088364-beagle/n02088364_14220.jpg,Beagle,n02088364-beagle,train,500,500,21,65,409,410,Stanford Dogs
Images/n02088364-beagle/n02088364_14394.jpg,Beagle,n02088364-beagle,train,500,375,0,94,361,278,Stanford Dogs
Images/n02088364-beagle/n02088364_14431.jpg,Beagle,n02088364-beagle,test,288,291,16,9,254,276,Stanford Dogs
Images/n02088364-beagle/n02088364_14548.jpg,Beagle,n02088364-beagle,test,500,375,11,105,421,174,Stanford Dogs
Images/n02088364-beagle/n02088364_14779.jpg,Beagle,n02088364-beagle,test,500,418,167,74,250,342,Stanford Dogs
Images/n02088364-beagle/n02088364_14863.jpg,Beagle,n02088364-beagle,test,500,375,53,92,426,178,Stanford Dogs
Images/n02088364-beagle/n02088364_14892.jpg,Beagle,n02088364-beagle,train,500,375,86,0,412,319,Stanford Dogs
Images/n02088364-beagle/n02088364_14911.jpg,Beagle,n02088364-beagle,train,500,360,45,157,341,194,Stanford Dogs
Images/n02088364-beagle/n02088364_14968.jpg,Beagle,n02088364-beagle,train,500,375,250,104,249,270,Stanford Dogs
Images/n02088364-beagle/n02088364_15036.jpg,Beagle,n02088364-beagle,test,500,375,69,112,384,144,Stanford Dogs
Images/n02088364-beagle/n02088364_1507.jpg,Beagle,n02088364-beagle,train,427,392,105,56,205,290,Stanford Dogs
Images/n02088364-beagle/n02088364_15082.jpg,Beagle,n02088364-beagle,train,500,375,81,60,371,314,Stanford Dogs
Images/n02088364-beagle/n02088364_15093.jpg,Beagle,n02088364-beagle,train,500,375,196,132,131,167,Stanford Dogs
Images/n02088364-beagle/n02088364_15111.jpg,Beagle,n02088364-beagle,train,400,500,52,71,275,310,Stanford Dogs
Images/n02088364-beagle/n02088364_15315.jpg,Beagle,n02088364-beagle,train,500,332,146,10,233,199,Stanford Dogs
Images/n02088364-beagle/n02088364_15787.jpg,Beagle,n02088364-beagle,test,400,342,16,32,356,277,Stanford Dogs
Images/n02088364-beagle/n02088364_16060.jpg,Beagle,n02088364-beagle,train,500,375,96,187,235,162,Stanford Dogs
Images/n02088364-beagle/n02088364_16165.jpg,Beagle,n02088364-beagle,train,500,382,0,49,471,332,Stanford Dogs
Images/n02088364-beagle/n02088364_16339.jpg,Beagle,n02088364-beagle,train,500,375,137,20,362,331,Stanford Dogs
Images/n02088364-beagle/n02088364_16502.jpg,Beagle,n02088364-beagle,test,360,360,17,15,342,344,Stanford Dogs
Images/n02088364-beagle/n02088364_16588.jpg,Beagle,n02088364-beagle,test,500,386,147,12,307,373,Stanford Dogs
Images/n02088364-beagle/n02088364_16689.jpg,Beagle,n02088364-beagle,test,500,375,26,80,459,240,Stanford Dogs
Images/n02088364-beagle/n02088364_16695.jpg,Beagle,n02088364-beagle,train,500,375,0,36,438,338,Stanford Dogs
Images/n02088364-beagle/n02088364_16704.jpg,Beagle,n02088364-beagle,test,333,500,15,216,190,249,Stanford Dogs
Images/n02088364-beagle/n02088364_17167.jpg,Beagle,n02088364-beagle,test,500,332,140,2,252,279,Stanford Dogs
Images/n02088364-beagle/n02088364_17170.jpg,Beagle,n02088364-beagle,test,500,392,32,0,467,391,Stanford Dogs
Images/n02088364-beagle/n02088364_17294.jpg,Beagle,n02088364-beagle,train,443,498,0,46,400,450,Stanford Dogs
Images/n02088364-beagle/n02088364_17314.jpg,Beagle,n02088364-beagle,train,500,375,63,20,420,354,Stanford Dogs
Images/n02088364-beagle/n02088364_17473.jpg,Beagle,n02088364-beagle,test,500,332,59,106,375,189,Stanford Dogs
Images/n02088364-beagle/n02088364_17474.jpg,Beagle,n02088364-beagle,test,500,492,34,73,464,417,Stanford Dogs
Images/n02088364-beagle/n02088364_17479.jpg,Beagle,n02088364-beagle,train,500,375,3,22,481,304,Stanford Dogs
Images/n02088364-beagle/n02088364_17553.jpg,Beagle,n02088364-beagle,test,500,375,0,68,383,306,Stanford Dogs
Images/n02088364-beagle/n02088364_18403.jpg,Beagle,n02088364-beagle,test,400,300,151,7,136,192,Stanford Dogs
Images/n02088364-beagle/n02088364_2019.jpg,Beagle,n02088364-beagle,train,326,360,0,46,285,297,Stanford Dogs
Images/n02088364-beagle/n02088364_2106.jpg,Beagle,n02088364-beagle,test,500,375,90,0,314,374,Stanford Dogs
Images/n02088364-beagle/n02088364_2143.jpg,Beagle,n02088364-beagle,test,500,375,116,50,381,323,Stanford Dogs
Images/n02088364-beagle/n02088364_2415.jpg,Beagle,n02088364-beagle,train,429,500,60,87,276,338,Stanford Dogs
Images/n02088364-beagle/n02088364_2652.jpg,Beagle,n02088364-beagle,test,500,295,122,13,343,281,Stanford Dogs
Images/n02088364-beagle/n02088364_3171.jpg,Beagle,n02088364-beagle,test,295,233,53,38,225,188,Stanford Dogs
Images/n02088364-beagle/n02088364_4052.jpg,Beagle,n02088364-beagle,train,800,617,29,6,656,609,Stanford Dogs
Images/n02088364-beagle/n02088364_4070.jpg,Beagle,n02088364-beagle,train,500,375,125,69,255,272,Stanford Dogs
Images/n02088364-beagle/n02088364_4237.jpg,Beagle,n02088364-beagle,test,500,375,60,82,291,137,Stanford Dogs
Images/n02088364-beagle/n02088364_4493.jpg,Beagle,n02088364-beagle,train,500,381,182,117,122,101,Stanford Dogs
Images/n02088364-beagle/n02088364_4527.jpg,Beagle,n02088364-beagle,test,360,337,27,20,297,315,Stanford Dogs
Images/n02088364-beagle/n02088364_4879.jpg,Beagle,n02088364-beagle,train,500,375,2,17,431,357,Stanford Dogs
Images/n02088364-beagle/n02088364_5090.jpg,Beagle,n02088364-beagle,train,500,500,288,213,210,285,Stanford Dogs
Images/n02088364-beagle/n02088364_5123.jpg,Beagle,n02088364-beagle,test,500,371,129,160,125,150,Stanford Dogs
Images/n02088364-beagle/n02088364_5147.jpg,Beagle,n02088364-beagle,train,266,227,17,29,240,184,Stanford Dogs
Images/n02088364-beagle/n02088364_5282.jpg,Beagle,n02088364-beagle,test,375,500,36,162,222,235,Stanford Dogs
Images/n02088364-beagle/n02088364_5427.jpg,Beagle,n02088364-beagle,test,389,444,2,13,373,425,Stanford Dogs
Images/n02088364-beagle/n02088364_5826.jpg,Beagle,n02088364-beagle,test,500,375,0,58,388,316,Stanford Dogs
Images/n02088364-beagle/n02088364_6089.jpg,Beagle,n02088364-beagle,train,500,375,106,97,313,205,Stanford Dogs
Images/n02088364-beagle/n02088364_6866.jpg,Beagle,n02088364-beagle,train,350,232,23,25,251,180,Stanford Dogs
Images/n02088364-beagle/n02088364_7247.jpg,Beagle,n02088364-beagle,train,500,375,67,73,344,294,Stanford Dogs
Images/n02088364-beagle/n02088364_7784.jpg,Beagle,n02088364-beagle,train,800,568,237,66,293,426,Stanford Dogs
Images/n02088364-beagle/n02088364_9650.jpg,Beagle,n02088364-beagle,test,500,375,1,145,383,229,Stanford Dogs
Images/n02088364-beagle/n02088364_9652.jpg,Beagle,n02088364-beagle,train,333,500,22,147,234,239,Stanford Dogs
Images/n02088364-beagle/n02088364_9825.jpg,Beagle,n02088364-beagle,train,500,333,87,37,243,275,Stanford Dogs
Images/n02088364-beagle/n02088364_9849.jpg,Beagle,n02088364-beagle,train,360,330,6,12,322,317,Stanford Dogs
Images/n02088364-beagle/n02088364_16791.jpg,Beagle,n02088364-beagle,test,375,500,41,72,332,304,Stanford Dogs
Images/n02088364-beagle/n02088364_17689.jpg,Beagle,n02088364-beagle,train,500,499,57,2,250,484,Stanford Dogs
Images/n02088364-beagle/n02088364_12291.jpg,Beagle,n02088364-beagle,train,375,500,67,255,213,180,Stanford Dogs
Images/n02088364-beagle/n02088364_2502.jpg,Beagle,n02088364-beagle,test,500,375,163,8,260,349,Stanford Dogs
Images/n02088364-beagle/n02088364_3752.jpg,Beagle,n02088364-beagle,train,500,375,0,81,279,292,Stanford Dogs
Images/n02088364-beagle/n02088364_16493.jpg,Beagle,n02088364-beagle,train,500,375,259,1,195,373,Stanford Dogs
Images/n02088364-beagle/n02088364_5572.jpg,Beagle,n02088364-beagle,test,489,500,73,1,409,474,Stanford Dogs
Images/n02088364-beagle/n02088364_2566.jpg,Beagle,n02088364-beagle,test,500,375,67,22,430,275,Stanford Dogs
Images/n02088364-beagle/n02088364_12816.jpg,Beagle,n02088364-beagle,train,500,452,0,1,406,448,Stanford Dogs
Images/n02088364-beagle/n02088364_14613.jpg,Beagle,n02088364-beagle,test,500,375,3,36,408,282,Stanford Dogs
Images/n02088364-beagle/n02088364_2661.jpg,Beagle,n02088364-beagle,train,500,334,152,1,171,223,Stanford Dogs
Images/n02088364-beagle/n02088364_5716.jpg,Beagle,n02088364-beagle,train,321,360,52,20,268,335,Stanford Dogs
Images/n02088364-beagle/n02088364_16065.jpg,Beagle,n02088364-beagle,test,500,357,148,91,248,245,Stanford Dogs
Images/n02088364-beagle/n02088364_16881.jpg,Beagle,n02088364-beagle,train,500,349,20,11,468,317,Stanford Dogs
Images/n02088364-beagle/n02088364_12794.jpg,Beagle,n02088364-beagle,train,500,375,213,87,153,174,Stanford Dogs
Images/n02088364-beagle/n02088364_2360.jpg,Beagle,n02088364-beagle,train,500,331,57,22,426,306,Stanford Dogs
Images/n02088364-beagle/n02088364_15690.jpg,Beagle,n02088364-beagle,train,500,333,89,16,399,238,Stanford Dogs
Images/n02088364-beagle/n02088364_14055.jpg,Beagle,n02088364-beagle,train,500,375,108,44,351,330,Stanford Dogs
Images/n02088364-beagle/n02088364_16635.jpg,Beagle,n02088364-beagle,test,480,320,20,70,452,180,Stanford Dogs
Images/n02088364-beagle/n02088364_13572.jpg,Beagle,n02088364-beagle,train,500,375,108,78,261,296,Stanford Dogs
Images/n02088364-beagle/n02088364_427.jpg,Beagle,n02088364-beagle,test,500,375,70,39,358,332,Stanford Dogs
Images/n02088364-beagle/n02088364_14079.jpg,Beagle,n02088364-beagle,train,500,375,249,102,208,237,Stanford Dogs
Images/n02088364-beagle/n02088364_17671.jpg,Beagle,n02088364-beagle,train,334,500,0,65,288,433,Stanford Dogs
Images/n02088364-beagle/n02088364_4823.jpg,Beagle,n02088364-beagle,train,500,333,94,75,348,220,Stanford Dogs
Images/n02088364-beagle/n02088364_11147.jpg,Beagle,n02088364-beagle,test,500,460,70,1,373,457,Stanford Dogs
Images/n02088364-beagle/n02088364_12973.jpg,Beagle,n02088364-beagle,train,500,356,300,66,192,236,Stanford Dogs
Images/n02088364-beagle/n02088364_17530.jpg,Beagle,n02088364-beagle,test,380,227,33,21,342,201,Stanford Dogs
Images/n02088364-beagle/n02088364_16519.jpg,Beagle,n02088364-beagle,test,500,333,211,50,178,210,Stanford Dogs
Images/n02088364-beagle/n02088364_12102.jpg,Beagle,n02088364-beagle,test,500,375,137,174,129,107,Stanford Dogs
Images/n02088364-beagle/n02088364_12303.jpg,Beagle,n02088364-beagle,test,500,375,0,15,357,359,Stanford Dogs
Images/n02088364-beagle/n02088364_2499.jpg,Beagle,n02088364-beagle,train,360,236,4,49,335,184,Stanford Dogs
Images/n02088364-beagle/n02088364_17258.jpg,Beagle,n02088364-beagle,train,336,448,26,146,208,300,Stanford Dogs
Images/n02088364-beagle/n02088364_6358.jpg,Beagle,n02088364-beagle,train,479,389,33,28,281,266,Stanford Dogs
Images/n02088364-beagle/n02088364_14663.jpg,Beagle,n02088364-beagle,train,500,333,3,16,379,274,Stanford Dogs
Images/n02088364-beagle/n02088364_10108.jpg,Beagle,n02088364-beagle,test,375,500,75,56,206,442,Stanford Dogs
Images/n02088364-beagle/n02088364_10575.jpg,Beagle,n02088364-beagle,test,500,375,47,28,273,240,Stanford Dogs
Images/n02088364-beagle/n02088364_14702.jpg,Beagle,n02088364-beagle,train,500,311,1,22,482,233,Stanford Dogs
Images/n02088364-beagle/n02088364_17534.jpg,Beagle,n02088364-beagle,train,500,375,138,86,220,257,Stanford Dogs
Images/n02088364-beagle/n02088364_17406.jpg,Beagle,n02088364-beagle,test,500,375,70,4,429,370,Stanford Dogs
Images/n02088364-beagle/n02088364_11711.jpg,Beagle,n02088364-beagle,test,394,500,57,200,223,298,Stanford Dogs
Images/n02088364-beagle/n02088364_2000.jpg,Beagle,n02088364-beagle,train,500,333,129,217,155,92,Stanford Dogs
Images/n02088364-beagle/n02088364_13050.jpg,Beagle,n02088364-beagle,train,500,375,2,50,443,322,Stanford Dogs
Images/n02088364-beagle/n02088364_15305.jpg,Beagle,n02088364-beagle,test,500,375,37,0,353,342,Stanford Dogs
Images/n02088364-beagle/n02088364_11828.jpg,Beagle,n02088364-beagle,test,500,375,132,30,212,279,Stanford Dogs
Images/n02088364-beagle/n02088364_5784.jpg,Beagle,n02088364-beagle,test,500,375,23,51,349,138,Stanford Dogs
Images/n02088364-beagle/n02088364_11231.jpg,Beagle,n02088364-beagle,train,500,375,96,77,256,297,Stanford Dogs
Images/n02088364-beagle/n02088364_2840.jpg,Beagle,n02088364-beagle,test,500,375,133,154,174,174,Stanford Dogs
Images/n02088364-beagle/n02088364_16210.jpg,Beagle,n02088364-beagle,train,500,334,270,208,128,117,Stanford Dogs
Images/n02088364-beagle/n02088364_13464.jpg,Beagle,n02088364-beagle,test,432,500,36,37,344,451,Stanford Dogs
Images/n02088364-beagle/n02088364_11458.jpg,Beagle,n02088364-beagle,train,500,333,66,26,346,306,Stanford Dogs
Images/n02088364-beagle/n02088364_14369.jpg,Beagle,n02088364-beagle,train,500,375,59,70,201,294,Stanford Dogs
Images/n02088364-beagle/n02088364_10206.jpg,Beagle,n02088364-beagle,test,500,400,76,99,388,278,Stanford Dogs
Images/n02088364-beagle/n02088364_13944.jpg,Beagle,n02088364-beagle,train,471,492,57,41,320,367,Stanford Dogs
Images/n02088364-beagle/n02088364_2572.jpg,Beagle,n02088364-beagle,test,500,413,59,42,439,369,Stanford Dogs
Images/n02088364-beagle/n02088364_16508.jpg,Beagle,n02088364-beagle,train,500,333,238,52,183,271,Stanford Dogs
Images/n02088364-beagle/n02088364_12869.jpg,Beagle,n02088364-beagle,train,500,375,0,148,269,226,Stanford Dogs
Images/n02088364-beagle/n02088364_11698.jpg,Beagle,n02088364-beagle,test,500,375,245,119,254,255,Stanford Dogs
Images/n02088364-beagle/n02088364_12756.jpg,Beagle,n02088364-beagle,train,500,333,0,1,366,330,Stanford Dogs
Images/n02088364-beagle/n02088364_17935.jpg,Beagle,n02088364-beagle,test,333,500,81,51,174,329,Stanford Dogs
Images/n02088364-beagle/n02088364_6109.jpg,Beagle,n02088364-beagle,train,500,375,55,26,388,291,Stanford Dogs
Images/n02088364-beagle/n02088364_13128.jpg,Beagle,n02088364-beagle,test,333,500,36,53,199,417,Stanford Dogs
Images/n02088364-beagle/n02088364_15877.jpg,Beagle,n02088364-beagle,test,500,375,38,104,393,208,Stanford Dogs
Images/n02088364-beagle/n02088364_14095.jpg,Beagle,n02088364-beagle,train,500,421,11,0,380,378,Stanford Dogs
Images/n02088364-beagle/n02088364_12972.jpg,Beagle,n02088364-beagle,train,500,375,38,74,460,205,Stanford Dogs
Images/n02088364-beagle/n02088364_13214.jpg,Beagle,n02088364-beagle,test,500,451,13,3,446,445,Stanford Dogs
Images/n02088364-beagle/n02088364_17766.jpg,Beagle,n02088364-beagle,test,375,500,3,71,370,427,Stanford Dogs
Images/n02088364-beagle/n02088364_13028.jpg,Beagle,n02088364-beagle,test,500,375,42,58,437,252,Stanford Dogs
Images/n02088364-beagle/n02088364_6211.jpg,Beagle,n02088364-beagle,test,500,375,71,101,428,198,Stanford Dogs
Images/n02088364-beagle/n02088364_11836.jpg,Beagle,n02088364-beagle,train,500,333,47,0,452,332,Stanford Dogs
Images/n02088364-beagle/n02088364_4706.jpg,Beagle,n02088364-beagle,train,360,270,1,12,323,257,Stanford Dogs
Images/n02088364-beagle/n02088364_11136.jpg,Beagle,n02088364-beagle,test,375,500,81,37,249,165,Stanford Dogs
Images/n02088364-beagle/n02088364_15370.jpg,Beagle,n02088364-beagle,test,500,500,2,46,496,419,Stanford Dogs
Images/n02088364-beagle/n02088364_16721.jpg,Beagle,n02088364-beagle,train,500,332,0,94,367,237,Stanford Dogs
Images/n02088364-beagle/n02088364_4473.jpg,Beagle,n02088364-beagle,test,800,686,176,103,488,565,Stanford Dogs
Images/n02088364-beagle/n02088364_13236.jpg,Beagle,n02088364-beagle,test,500,375,72,35,222,300,Stanford Dogs
Images/n02088364-beagle/n02088364_13682.jpg,Beagle,n02088364-beagle,test,500,333,1,1,310,292,Stanford Dogs
Images/n02088364-beagle/n02088364_16207.jpg,Beagle,n02088364-beagle,test,785,800,190,112,496,518,Stanford Dogs
Images/n02088364-beagle/n02088364_11930.jpg,Beagle,n02088364-beagle,train,500,351,43,26,274,186,Stanford Dogs
Images/n02088364-beagle/n02088364_13627.jpg,Beagle,n02088364-beagle,test,500,375,157,1,179,307,Stanford Dogs
Images/n02088364-beagle/n02088364_4281.jpg,Beagle,n02088364-beagle,test,300,327,58,20,231,287,Stanford Dogs
Images/n02088364-beagle/n02088364_3758.jpg,Beagle,n02088364-beagle,train,350,263,6,51,293,172,Stanford Dogs
Images/n02088364-beagle/n02088364_14690.jpg,Beagle,n02088364-beagle,train,500,376,2,2,321,373,Stanford Dogs
Images/n02088364-beagle/n02088364_16985.jpg,Beagle,n02088364-beagle,train,275,321,22,23,250,294,Stanford Dogs
Images/n02088364-beagle/n02088364_161.jpg,Beagle,n02088364-beagle,test,500,333,94,11,326,321,Stanford Dogs
Images/n02088364-beagle/n02088364_639.jpg,Beagle,n02088364-beagle,train,1280,853,0,145,1022,705,Stanford Dogs
Images/n02088364-beagle/n02088364_6547.jpg,Beagle,n02088364-beagle,test,500,375,109,87,108,185,Stanford Dogs
Images/n02088364-beagle/n02088364_6611.jpg,Beagle,n02088364-beagle,train,500,375,22,110,445,231,Stanford Dogs
Images/n02088364-beagle/n02088364_7324.jpg,Beagle,n02088364-beagle,test,500,375,106,175,117,81,Stanford Dogs
Images/n02088364-beagle/n02088364_769.jpg,Beagle,n02088364-beagle,train,500,375,163,149,116,103,Stanford Dogs
Images/n02088364-beagle/n02088364_7927.jpg,Beagle,n02088364-beagle,test,375,500,77,125,224,217,Stanford Dogs
Images/n02088364-beagle/n02088364_8443.jpg,Beagle,n02088364-beagle,train,488,500,110,47,259,423,Stanford Dogs
Images/n02088364-beagle/n02088364_8477.jpg,Beagle,n02088364-beagle,test,500,375,0,63,312,311,Stanford Dogs
Images/n02088364-beagle/n02088364_852.jpg,Beagle,n02088364-beagle,test,330,350,69,41,203,271,Stanford Dogs
Images/n02088364-beagle/n02088364_8572.jpg,Beagle,n02088364-beagle,test,500,375,218,110,281,164,Stanford Dogs
Images/n02088364-beagle/n02088364_8612.jpg,Beagle,n02088364-beagle,train,375,500,136,301,236,196,Stanford Dogs
Images/n02088364-beagle/n02088364_8713.jpg,Beagle,n02088364-beagle,train,500,375,200,126,156,246,Stanford Dogs
Images/n02088364-beagle/n02088364_876.jpg,Beagle,n02088364-beagle,train,637,533,107,55,523,468,Stanford Dogs
Images/n02088364-beagle/n02088364_8820.jpg,Beagle,n02088364-beagle,test,500,333,31,24,381,308,Stanford Dogs
Images/n02088364-beagle/n02088364_8871.jpg,Beagle,n02088364-beagle,train,500,332,137,56,219,274,Stanford Dogs
Images/n02088364-beagle/n02088364_9318.jpg,Beagle,n02088364-beagle,test,500,363,14,19,484,342,Stanford Dogs
Images/n02088364-beagle/n02088364_9520.jpg,Beagle,n02088364-beagle,train,325,247,38,33,244,185,Stanford Dogs
Images/n02088364-beagle/n02088364_959.jpg,Beagle,n02088364-beagle,test,360,292,49,24,310,267,Stanford Dogs
Images/n02088364-beagle/n02088364_9895.jpg,Beagle,n02088364-beagle,test,500,375,184,210,191,91,Stanford Dogs
Images/n02099601-golden_retriever/n02099601_10.jpg,Golden Retriever,n02099601-golden_retriever,train,500,334,24,7,475,322,Stanford Dogs
Images/n02099601-golden_retriever/n02099601_100.jpg,Golden Retriever,n02099601-golden_retriever,test,367,284,39,16,308,238,Stanford Dogs
Images/n02099601-golden_retriever/n02099601_1010.jpg,Golden Retriever,n02099601-golden_retriever,train,683,599,26,58,643,533,Stanford Dogs
Images/n02099601-golden_retriever/n02099601_1028.jpg,Golden Retriever,n02099601-golden_retriever,train,500,381,47,13,440,291,Stanford Dogs
Images/n02099601-golden_retriever/n02099601_109.jpg,Golden Retriever,n02099601-golden_retriever,train,333,500,65,182,181,181,Stanford Dogs
Images/n02099601-golden_retriever/n02099601_1162.jpg,Golden Retriever,n02099601-golden_retriever,train,500,352,30,72,465,227,Stanford Dogs
Images/n02099601-golden_retriever/n02099601_118.jpg,Golden Retriever,n02099601-golden_retriever,train,200,326,44,23,138,238,Stanford Dogs
Images/n02099601-golden_retriever/n02099601_124.jpg,Golden Retriever,n02099601-golden_retriever,train,640,480,256,38,113,158,Stanford Dogs
Images/n02099601-golden_retriever/n02099601_1249.jpg,Golden Retriever,n02099601-golden_retriever,train,500,333,0,0,499,332,Stanford Dogs
Images/n02099601-golden_retriever/n02099601_1259.jpg,Golden Retriever,n02099601-golden_retriever,test,750,562,153,119,394,372,Stanford Dogs
Images/n02099601-golden_retriever/n02099601_1324.jpg,Golden Retriever,n02099601-golden_retriever,test,358,532,74,5,229,520,Stanford Dogs
Images/n02099601-golden_retriever/n02099601_14.jpg,Golden Retriever,n02099601-golden_retriever,train,500,375,44,75,343,207,Stanford Dogs
Images/n02099601-golden_retriever/n02099601_142.jpg,Golden Retriever,n02099601-golden_retriever,train,500,375,208,195,84,124,Stanford Dogs
Images/n02099601-golden_retriever/n02099601_1442.jpg,Golden Retriever,n02099601-golden_retriever,train,400,449,46,11,311,417,Stanford Dogs
Images/n02099601-golden_retriever/n02099601_1454.jpg,Golden Retriever,n02099601-golden_retriever,train,500,333,78,110,274,216,Stanford Dogs
Images/n02099601-golden_retriever/n02099601_146.jpg,Golden Retriever,n02099601-golden_retriever,train,500,416,24,3,468,411,Stanford Dogs
Images/n02099601-golden_retriever/n02099601_1580.jpg,Golden Retriever,n02099601-golden_retriever,test,500,349,22,94,324,254,Stanford Dogs
Images/n02099601-golden_retriever/n02099601_1633.jpg,Golden Retriever,n02099601-golden_retriever,train,500,332,85,16,339,315,Stanford Dogs
Images/n02099601-golden_retriever/n02099601_1743.jpg,Golden Retriever,n02099601-golden_retriever,train,500,333,74,29,425,303,Stanford Dogs
Images/n02099601-golden_retriever/n02099601_176.jpg,Golden Retriever,n02099601-golden_retriever,train,1280,960,249,220,723,574,Stanford Dogs
Images/n02099601-golden_retriever/n02099601_1768.jpg,Golden Retriever,n02099601-golden_retriever,train,500,360,72,44,399,286,Stanford Dogs
Images/n02099601-golden_retriever/n02099601_2029.jpg,Golden Retriever,n02099601-golden_retriever,train,500,375,148,115,157,219,Stanford Dogs
Images/n02099601-golden_retriever/n02099601_2076.jpg,Golden Retriever,n02099601-golden_retriever,train,160,240,38,87,83,147,Stanford Dogs
Images/n02099601-golden_retriever/n02099601_215.jpg,Golden Retriever,n02099601-golden_retriever,test,500,375,2,66,496,308,Stanford Dogs
Images/n02099601-golden_retriever/n02099601_2295.jpg,Golden Retriever,n02099601-golden_retriever,test,360,480,38,153,283,322,Stanford Dogs
Images/n02099601-golden_retriever/n02099601_2358.jpg,Golden Retriever,n02099601-golden_retriever,test,500,465,229,77,268,385,Stanford Dogs
Images/n02099601-golden_retriever/n02099601_2359.jpg,Golden Retriever,n02099601-golden_retriever,train,333,500,1,0,330,496,Stanford Dogs
Images/n02099601-golden_retriever/n02099601_238.jpg,Golden Retriever,n02099601-golden_retriever,test,500,333,7,81,291,251,Stanford Dogs
Images/n02099601-golden_retriever/n02099601_2408.jpg,Golden Retriever,n02099601-golden_retriever,test,500,334,230,41,269,187,Stanford Dogs
Images/n02099601-golden_retriever/n02099601_2422.jpg,Golden Retriever,n02099601-golden_retriever,train,282,424,8,48,272,374,Stanford Dogs
Images/n02099601-golden_retriever/n02099601_2440.jpg,Golden Retriever,n02099601-golden_retriever,test,410,307,121,75,215,230,Stanford Dogs
Images/n02099601-golden_retriever/n02099601_2495.jpg,Golden Retriever,n02099601-golden_retriever,train,500,400,34,44,438,308,Stanford Dogs
Images/n02099601-golden_retriever/n02099601_2536.jpg,Golden Retriever,n02099601-golden_retriever,train,332,500,15,139,311,356,Stanford Dogs
Images/n02099601-golden_retriever/n02099601_2663.jpg,Golden Retriever,n02099601-golden_retriever,train,500,500,31,137,326,361,Stanford Dogs
Images/n02099601-golden_retriever/n02099601_2688.jpg,Golden Retriever,n02099601-golden_retriever,train,375,500,0,142,373,286,Stanford Dogs
Images/n02099601-golden_retriever/n02099601_2691.jpg,Golden Retriever,n02099601-golden_retriever,train,500,441,8,13,490,426,Stanford Dogs
Images/n02099601-golden_retriever/n02099601_2796.jpg,Golden Retriever,n02099601-golden_retriever,train,500,375,59,68,364,242,Stanford Dogs
Images/n02099601-golden_retriever/n02099601_280.jpg,Golden Retriever,n02099601-golden_retriever,train,644,559,39,22,547,534,Stanford Dogs
Images/n02099601-golden_retriever/n02099601_281.jpg,Golden Retriever,n02099601-golden_retriever,train,496,500,10,13,484,485,Stanford Dogs
Images/n02099601-golden_retriever/n02099601_286.jpg,Golden Retriever,n02099601-golden_retriever,train,500,375,164,129,164,129,Stanford Dogs
Images/n02099601-golden_retriever/n02099601_2980.jpg,Golden Retriever,n02099601-golden_retriever,test,360,289,0,76,326,212,Stanford Dogs
Images/n02099601-golden_retriever/n02099601_2994.jpg,Golden Retriever,n02099601-golden_retriever,test,399,600,96,124,244,422,Stanford Dogs
Images/n02099601-golden_retriever/n02099601_3004.jpg,Golden Retriever,n02099601-golden_retriever,train,310,216,22,6,276,209,Stanford Dogs
Images/n02099601-golden_retriever/n02099601_3007.jpg,Golden Retriever,n02099601-golden_retriever,test,500,478,56,0,442,476,Stanford Dogs
Images/n02099601-golden_retriever/n02099601_304.jpg,Golden Retriever,n02099601-golden_retriever,train,460,346,44,57,369,257,Stanford Dogs
Images/n02099601-golden_retriever/n02099601_3073.jpg,Golden Retriever,n02099601-golden_retriever,train,501,373,9,14,470,342,Stanford Dogs
Images/n02099601-golden_retriever/n02099601_308.jpg,Golden Retriever,n02099601-golden_retriever,train,500,375,100,0,243,374,Stanford Dogs
Images/n02099601-golden_retriever/n02099601_3097.jpg,Golden Retriever,n02099601-golden_retriever,test,375,500,56,41,305,444,Stanford Dogs
Images/n02099601-golden_retriever/n02099601_3111.jpg,Golden Retriever,n02099601-golden_retriever,test,500,375,179,113,147,194,Stanford Dogs
Images/n02099601-golden_retriever/n02099601_3202.jpg,Golden Retriever,n02099601-golden_retriever,train,255,360,56,96,155,263,Stanford Dogs
Images/n02099601-golden_retriever/n02099601_3262.jpg,Golden Retriever,n02099601-golden_retriever,train,500,375,232,35,192,310,Stanford Dogs
Images/n02099601-golden_retriever/n02099601_3327.jpg,Golden Retriever,n02099601-golden_retriever,train,449,500,0,138,447,298,Stanford Dogs
Images/n02099601-golden_retriever/n02099601_3360.jpg,Golden Retriever,n02099601-golden_retriever,train,800,613,99,84,613,525,Stanford Dogs
Images/n02099601-golden_retriever/n02099601_3388.jpg,Golden Retriever,n02099601-golden_retriever,train,500,333,93,1,291,331,Stanford Dogs
Images/n02099601-golden_retriever/n02099601_3414.jpg,Golden Retriever,n02099601-golden_retriever,test,400,329,41,26,334,279,Stanford Dogs
Images/n02099601-golden_retriever/n02099601_342.jpg,Golden Retriever,n02099601-golden_retriever,train,363,500,1,25,360,473,Stanford Dogs
Images/n02099601-golden_retriever/n02099601_345.jpg,Golden Retriever,n02099601-golden_retriever,test,500,321,75,62,372,186,Stanford Dogs
Images/n02099601-golden_retriever/n02099601_3494.jpg,Golden Retriever,n02099601-golden_retriever,train,500,375,0,26,456,328,Stanford Dogs
Images/n02099601-golden_retriever/n02099601_3508.jpg,Golden Retriever,n02099601-golden_retriever,train,250,262,0,30,231,231,Stanford Dogs
Images/n02099601-golden_retriever/n02099601_3569.jpg,Golden Retriever,n02099601-golden_retriever,train,500,400,114,11,231,339,Stanford Dogs
Images/n02099601-golden_retriever/n02099601_3666.jpg,Golden Retriever,n02099601-golden_retriever,test,500,375,125,63,232,298,Stanford Dogs
Images/n02099601-golden_retriever/n02099601_3720.jpg,Golden Retriever,n02099601-golden_retriever,test,500,333,74,66,290,266,Stanford Dogs
Images/n02099601-golden_retriever/n02099601_3738.jpg,Golden Retriever,n02099601-golden_retriever,test,560,360,28,60,530,298,Stanford Dogs
Images/n02099601-golden_retriever/n02099601_3853.jpg,Golden Retriever,n02099601-golden_retriever,train,500,375,187,141,197,233,Stanford Dogs
Images/n02099601-golden_retriever/n02099601_3869.jpg,Golden Retriever,n02099601-golden_retriever,train,500,357,84,23,414,333,Stanford Dogs
Images/n02099601-golden_retriever/n02099601_4005.jpg,Golden Retriever,n02099601-golden_retriever,test,375,500,32,10,341,488,Stanford Dogs
Images/n02099601-golden_retriever/n02099601_4241.jpg,Golden Retriever,n02099601-golden_retriever,train,175,200,66,10,108,143,Stanford Dogs
Images/n02099601-golden_retriever/n02099601_4256.jpg,Golden Retriever,n02099601-golden_retriever,test,350,263,0,30,287,170,Stanford Dogs
Images/n02099601-golden_retriever/n02099601_4312.jpg,Golden Retriever,n02099601-golden_retriever,test,500,375,165,81,334,292,Stanford Dogs
Images/n02099601-golden_retriever/n02099601_447.jpg,Golden Retriever,n02099601-golden_retriever,train,500,402,133,50,280,350,Stanford Dogs
Images/n02099601-golden_retriever/n02099601_4651.jpg,Golden Retriever,n02099601-golden_retriever,test,500,375,0,22,336,307,Stanford Dogs
Images/n02099601-golden_retriever/n02099601_4678.jpg,Golden Retriever,n02099601-golden_retriever,train,375,500,0,121,373,355,Stanford Dogs
Images/n02099601-golden_retriever/n02099601_473.jpg,Golden Retriever,n02099601-golden_retriever,train,500,401,35,4,411,395,Stanford Dogs
Images/n02099601-golden_retriever/n02099601_4843.jpg,Golden Retriever,n02099601-golden_retriever,train,500,375,140,45,358,328,Stanford Dogs
Images/n02099601-golden_retriever/n02099601_4933.jpg,Golden Retriever,n02099601-golden_retriever,test,500,333,138,18,230,283,Stanford Dogs
Images/n02099601-golden_retriever/n02099601_5.jpg,Golden Retriever,n02099601-golden_retriever,test,250,251,35,26,183,215,Stanford Dogs
Images/n02099601-golden_retriever/n02099601_5051.jpg,Golden Retriever,n02099601-golden_retriever,test,500,218,194,41,114,124,Stanford Dogs
Images/n02099601-golden_retriever/n02099601_5132.jpg,Golden Retriever,n02099601-golden_retriever,test,300,400,0,80,298,251,Stanford Dogs
Images/n02099601-golden_retriever/n02099601_5160.jpg,Golden Retriever,n02099601-golden_retriever,test,500,357,3,2,381,354,Stanford Dogs
Images/n02099601-golden_retriever/n02099601_5188.jpg,Golden Retriever,n02099601-golden_retriever,test,500,331,144,78,159,218,Stanford Dogs
Images/n02099601-golden_retriever/n02099601_5240.jpg,Golden Retriever,n02099601-golden_retriever,train,500,456,60,167,417,275,Stanford Dogs
Images/n02099601-golden_retriever/n02099601_5366.jpg,Golden Retriever,n02099601-golden_retriever,test,500,394,148,187,318,193,Stanford Dogs
Images/n02099601-golden_retriever/n02099601_544.jpg,Golden Retriever,n02099601-golden_retriever,train,500,351,88,25,361,319,Stanford Dogs
Images/n02099601-golden_retriever/n02099601_5452.jpg,Golden Retriever,n02099601-golden_retriever,train,500,364,2,2,497,360,Stanford Dogs
Images/n02099601-golden_retriever/n02099601_5453.jpg,Golden Retriever,n02099601-golden_retriever,train,500,375,107,70,306,304,Stanford Dogs
Images/n02099601-golden_retriever/n02099601_5544.jpg,Golden Retriever,n02099601-golden_retriever,test,500,338,38,80,255,244,Stanford Dogs
Images/n02099601-golden_retriever/n02099601_5642.jpg,Golden Retriever,n02099601-golden_retriever,train,300,353,36,36,245,299,Stanford Dogs
Images/n02099601-golden_retriever/n02099601_5655.jpg,Golden Retriever,n02099601-golden_retriever,test,500,375,0,3,377,336,Stanford Dogs
Images/n02099601-golden_retriever/n02099601_5679.jpg,Golden Retriever,n02099601-golden_retriever,train,165,156,35,9,129,143,Stanford Dogs
Images/n02099601-golden_retriever/n02099601_569.jpg,Golden Retriever,n02099601-golden_retriever,test,279,300,14,6,256,293,Stanford Dogs
Images/n02099601-golden_retriever/n02099601_5709.jpg,Golden Retriever,n02099601-golden_retriever,train,500,397,21,23,478,373,Stanford Dogs
Images/n02099601-golden_retriever/n02099601_5736.jpg,Golden Retriever,n02099601-golden_retriever,train,500,333,2,106,486,225,Stanford Dogs
Images/n02099601-golden_retriever/n02099601_5764.jpg,Golden Retriever,n02099601-golden_retriever,train,390,500,13,50,243,435,Stanford Dogs
Images/n02099601-golden_retriever/n02099601_5857.jpg,Golden Retriever,n02099601-golden_retriever,train,500,326,4,10,482,304,Stanford Dogs
Images/n02099601-golden_retriever/n02099601_5876.jpg,Golden Retriever,n02099601-golden_retriever,test,500,375,278,132,141,166,Stanford Dogs
Images/n02099601-golden_retriever/n02099601_5893.jpg,Golden Retriever,n02099601-golden_retriever,test,500,375,138,94,215,220,Stanford Dogs
Images/n02099601-golden_retriever/n02099601_6099.jpg,Golden Retriever,n02099601-golden_retriever,train,320,350,12,23,303,324,Stanford Dogs
Images/n02099601-golden_retriever/n02099601_6105.jpg,Golden Retriever,n02099601-golden_retriever,train,421,500,76,196,306,290,Stanford Dogs
Images/n02099601-golden_retriever/n02099601_6139.jpg,Golden Retriever,n02099601-golden_retriever,train,500,375,142,99,339,275,Stanford Dogs
Images/n02099601-golden_retriever/n02099601_6194.jpg,Golden Retriever,n02099601-golden_retriever,train,360,281,25,46,305,223,Stanford Dogs
Images/n02099601-golden_retriever/n02099601_6233.jpg,Golden Retriever,n02099601-golden_retriever,test,500,483,77,189,162,263,Stanford Dogs
Images/n02099601-golden_retriever/n02099601_6318.jpg,Golden Retriever,n02099601-golden_retriever,test,333,500,86,93,144,352,Stanford Dogs
Images/n02099601-golden_retriever/n02099601_6331.jpg,Golden Retriever,n02099601-golden_retriever,train,555,513,27,58,417,441,Stanford Dogs
Images/n02099601-golden_retriever/n02099601_6338.jpg,Golden Retriever,n02099601-golden_retriever,train,500,375,194,218,96,138,Stanford Dogs
Images/n02099601-golden_retriever/n02099601_6577.jpg,Golden Retriever,n02099601-golden_retriever,test,375,500,160,237,56,75,Stanford Dogs
Images/n02099601-golden_retriever/n02099601_67.jpg,Golden Retriever,n02099601-golden_retriever,train,500,463,0,23,458,438,Stanford Dogs
Images/n02099601-golden_retriever/n02099601_6726.jpg,Golden Retriever,n02099601-golden_retriever,train,500,339,179,99,88,177,Stanford Dogs
Images/n02099601-golden_retriever/n02099601_6772.jpg,Golden Retriever,n02099601-golden_retriever,test,2048,1360,13,265,1490,1091,Stanford Dogs
Images/n02099601-golden_retriever/n02099601_6814.jpg,Golden Retriever,n02099601-golden_retriever,test,333,500,12,23,319,475,Stanford Dogs
Images/n02099601-golden_retriever/n02099601_6820.jpg,Golden Retriever,n02099601-golden_retriever,train,333,500,1,152,251,346,Stanford Dogs
Images/n02099601-golden_retriever/n02099601_6867.jpg,Golden Retriever,n02099601-golden_retriever,train,800,1147,0,40,797,1104,Stanford Dogs
Images/n02099601-golden_retriever/n02099601_6980.jpg,Golden Retriever,n02099601-golden_retriever,train,500,345,210,48,289,296,Stanford Dogs
Images/n02099601-golden_retriever/n02099601_70.jpg,Golden Retriever,n02099601-golden_retriever,train,500,400,42,42,457,341,Stanford Dogs
Images/n02099601-golden_retriever/n02099601_7019.jpg,Golden Retriever,n02099601-golden_retriever,train,360,299,36,24,213,270,Stanford Dogs
Images/n02099601-golden_retriever/n02099601_7037.jpg,Golden Retriever,n02099601-golden_retriever,train,500,375,0,35,472,339,Stanford Dogs
Images/n02099601-golden_retriever/n02099601_704.jpg,Golden Retriever,n02099601-golden_retriever,train,500,375,212,15,171,300,Stanford Dogs
Images/n02099601-golden_retriever/n02099601_7119.jpg,Golden Retriever,n02099601-golden_retriever,test,500,375,257,61,197,275,Stanford Dogs
Images/n02099601-golden_retriever/n02099601_7123.jpg,Golden Retriever,n02099601-golden_retriever,train,500,375,1,69,476,292,Stanford Dogs
Images/n02099601-golden_retriever/n02099601_7227.jpg,Golden Retriever,n02099601-golden_retriever,train,600,450,41,78,497,350,Stanford Dogs
Images/n02099601-golden_retriever/n02099601_7304.jpg,Golden Retriever,n02099601-golden_retriever,train,640,480,56,34,550,366,Stanford Dogs
Images/n02099601-golden_retriever/n02099601_7312.jpg,Golden Retriever,n02099601-golden_retriever,test,500,333,65,13,392,319,Stanford Dogs
Images/n02099601-golden_retriever/n02099601_7387.jpg,Golden Retriever,n02099601-golden_retriever,train,500,339,2,85,479,252,Stanford Dogs
Images/n02099601-golden_retriever/n02099601_7432.jpg,Golden Retriever,n02099601-golden_retriever,train,500,375,1,98,251,155,Stanford Dogs
Images/n02099601-golden_retriever/n02099601_7437.jpg,Golden Retriever,n02099601-golden_retriever,train,240,206,3,4,236,188,Stanford Dogs
Images/n02099601-golden_retriever/n02099601_7588.jpg,Golden Retriever,n02099601-golden_retriever,test,350,242,0,108,101,93,Stanford Dogs
Images/n02099601-golden_retriever/n02099601_7654.jpg,Golden Retriever,n02099601-golden_retriever,train,500,333,55,0,444,276,Stanford Dogs
Images/n02099601-golden_retriever/n02099601_7706.jpg,Golden Retriever,n02099601-golden_retriever,train,500,333,114,148,276,182,Stanford Dogs
Images/n02099601-golden_retriever/n02099601_7709.jpg,Golden Retriever,n02099601-golden_retriever,test,500,333,106,0,363,332,Stanford Dogs
Images/n02099601-golden_retriever/n02099601_7744.jpg,Golden Retriever,n02099601-golden_retriever,test,240,180,0,6,239,136,Stanford Dogs
Images/n02099601-golden_retriever/n02099601_7771.jpg,Golden Retriever,n02099601-golden_retriever,train,500,281,90,0,333,280,Stanford Dogs
Images/n02099601-golden_retriever/n02099601_7780.jpg,Golden Retriever,n02099601-golden_retriever,train,500,375,71,9,401,278,Stanford Dogs
Images/n02099601-golden_retriever/n02099601_78.jpg,Golden Retriever,n02099601-golden_retriever,train,500,400,161,183,131,198,Stanford Dogs
Images/n02099601-golden_retriever/n02099601_7803.jpg,Golden Retriever,n02099601-golden_retriever,train,500,332,71,3,333,328,Stanford Dogs
Images/n02099601-golden_retriever/n02099601_7807.jpg,Golden Retriever,n02099601-golden_retriever,train,360,347,45,0,314,346,Stanford Dogs
Images/n02099601-golden_retriever/n02099601_7916.jpg,Golden Retriever,n02099601-golden_retriever,train,500,375,0,15,467,359,Stanford Dogs
Images/n02099601-golden_retriever/n02099601_7930.jpg,Golden Retriever,n02099601-golden_retriever,train,500,375,251,20,137,350,Stanford Dogs
Images/n02099601-golden_retriever/n02099601_7993.jpg,Golden Retriever,n02099601-golden_retriever,test,500,332,146,23,353,237,Stanford Dogs
Images/n02099601-golden_retriever/n02099601_8005.jpg,Golden Retriever,n02099601-golden_retriever,test,500,375,59,32,437,332,Stanford Dogs
Images/n02099601-golden_retriever/n02099601_816.jpg,Golden Retriever,n02099601-golden_retriever,train,360,290,17,0,327,214,Stanford Dogs
Images/n02099601-golden_retriever/n02099601_8181.jpg,Golden Retriever,n02099601-golden_retriever,test,450,726,96,34,317,681,Stanford Dogs
Images/n02099601-golden_retriever/n02099601_825.jpg,Golden Retriever,n02099601-golden_retriever,train,500,375,94,88,233,265,Stanford Dogs
Images/n02099601-golden_retriever/n02099601_831.jpg,Golden Retriever,n02099601-golden_retriever,train,500,333,262,62,98,226,Stanford Dogs
Images/n02099601-golden_retriever/n02099601_8429.jpg,Golden Retriever,n02099601-golden_retriever,test,464,348,68,6,324,341,Stanford Dogs
Images/n02099601-golden_retriever/n02099601_846.jpg,Golden Retriever,n02099601-golden_retriever,train,500,335,1,47,460,287,Stanford Dogs
Images/n02099601-golden_retriever/n02099601_864.jpg,Golden Retriever,n02099601-golden_retriever,train,500,376,54,40,340,307,Stanford Dogs
Images/n02099601-golden_retriever/n02099601_8764.jpg,Golden Retriever,n02099601-golden_retriever,train,500,375,174,100,323,274,Stanford Dogs
Images/n02099601-golden_retriever/n02099601_9153.jpg,Golden Retriever,n02099601-golden_retriever,train,375,500,46,13,327,409,Stanford Dogs
Images/n02099601-golden_retriever/n02099601_9301.jpg,Golden Retriever,n02099601-golden_retriever,train,500,375,39,1,435,373,Stanford Dogs
Images/n02099601-golden_retriever/n02099601_9504.jpg,Golden Retriever,n02099601-golden_retriever,train,500,375,0,0,499,347,Stanford Dogs
Images/n02099601-golden_retriever/n02099601_9518.jpg,Golden Retriever,n02099601-golden_retriever,train,333,500,25,42,306,456,Stanford Dogs
Images/n02099712-Labrador_retriever/n02099712_1229.jpg,Labrador Retriever,n02099712-Labrador_retriever,test,500,375,183,87,201,256,Stanford Dogs
Images/n02099712-Labrador_retriever/n02099712_1414.jpg,Labrador Retriever,n02099712-Labrador_retriever,test,332,500,76,107,198,335,Stanford Dogs
Images/n02099712-Labrador_retriever/n02099712_1660.jpg,Labrador Retriever,n02099712-Labrador_retriever,test,500,375,94,115,326,213,Stanford Dogs
Images/n02099712-Labrador_retriever/n02099712_1828.jpg,Labrador Retriever,n02099712-Labrador_retriever,train,333,500,0,0,252,448,Stanford Dogs
Images/n02099712-Labrador_retriever/n02099712_1866.jpg,Labrador Retriever,n02099712-Labrador_retriever,train,500,375,164,64,303,310,Stanford Dogs
Images/n02099712-Labrador_retriever/n02099712_1930.jpg,Labrador Retriever,n02099712-Labrador_retriever,train,500,375,199,53,300,321,Stanford Dogs
Images/n02099712-Labrador_retriever/n02099712_2115.jpg,Labrador Retriever,n02099712-Labrador_retriever,train,500,403,58,92,333,226,Stanford Dogs
Images/n02099712-Labrador_retriever/n02099712_2118.jpg,Labrador Retriever,n02099712-Labrador_retriever,train,352,288,10,13,213,232,Stanford Dogs
Images/n02099712-Labrador_retriever/n02099712_2120.jpg,Labrador Retriever,n02099712-Labrador_retriever,train,500,331,213,84,157,215,Stanford Dogs
Images/n02099712-Labrador_retriever/n02099712_2174.jpg,Labrador Retriever,n02099712-Labrador_retriever,test,500,375,1,46,498,322,Stanford Dogs
Images/n02099712-Labrador_retriever/n02099712_2224.jpg,Labrador Retriever,n02099712-Labrador_retriever,train,500,333,289,65,210,267,Stanford Dogs
Images/n02099712-Labrador_retriever/n02099712_2226.jpg,Labrador Retriever,n02099712-Labrador_retriever,train,500,375,83,96,233,115,Stanford Dogs
Images/n02099712-Labrador_retriever/n02099712_2228.jpg,Labrador Retriever,n02099712-Labrador_retriever,train,640,480,44,61,436,395,Stanford Dogs
Images/n02099712-Labrador_retriever/n02099712_2863.jpg,Labrador Retriever,n02099712-Labrador_retriever,test,500,375,45,105,454,269,Stanford Dogs
Images/n02099712-Labrador_retriever/n02099712_2897.jpg,Labrador Retriever,n02099712-Labrador_retriever,test,500,375,170,75,185,255,Stanford Dogs
Images/n02099712-Labrador_retriever/n02099712_3185.jpg,Labrador Retriever,n02099712-Labrador_retriever,train,500,332,77,97,327,143,Stanford Dogs
Images/n02099712-Labrador_retriever/n02099712_3197.jpg,Labrador Retriever,n02099712-Labrador_retriever,test,500,497,50,0,440,495,Stanford Dogs
Images/n02099712-Labrador_retriever/n02099712_328.jpg,Labrador Retriever,n02099712-Labrador_retriever,test,375,500,0,102,132,249,Stanford Dogs
Images/n02099712-Labrador_retriever/n02099712_3301.jpg,Labrador Retriever,n02099712-Labrador_retriever,test,500,375,69,66,430,219,Stanford Dogs
Images/n02099712-Labrador_retriever/n02099712_3340.jpg,Labrador Retriever,n02099712-Labrador_retriever,test,375,500,15,46,321,427,Stanford Dogs
Images/n02099712-Labrador_retriever/n02099712_3364.jpg,Labrador Retriever,n02099712-Labrador_retriever,test,375,500,118,208,255,290,Stanford Dogs
Images/n02099712-Labrador_retriever/n02099712_3502.jpg,Labrador Retriever,n02099712-Labrador_retriever,test,500,333,1,26,367,306,Stanford Dogs
Images/n02099712-Labrador_retriever/n02099712_3503.jpg,Labrador Retriever,n02099712-Labrador_retriever,train,500,333,24,51,263,281,Stanford Dogs
Images/n02099712-Labrador_retriever/n02099712_357.jpg,Labrador Retriever,n02099712-Labrador_retriever,train,500,375,202,138,171,181,Stanford Dogs
Images/n02099712-Labrador_retriever/n02099712_3613.jpg,Labrador Retriever,n02099712-Labrador_retriever,train,500,333,0,45,444,259,Stanford Dogs
Images/n02099712-Labrador_retriever/n02099712_3753.jpg,Labrador Retriever,n02099712-Labrador_retriever,test,500,375,0,55,341,298,Stanford Dogs
Images/n02099712-Labrador_retriever/n02099712_3769.jpg,Labrador Retriever,n02099712-Labrador_retriever,test,500,375,1,8,497,366,Stanford Dogs
Images/n02099712-Labrador_retriever/n02099712_3773.jpg,Labrador Retriever,n02099712-Labrador_retriever,train,491,500,103,1,386,480,Stanford Dogs
Images/n02099712-Labrador_retriever/n02099712_3835.jpg,Labrador Retriever,n02099712-Labrador_retriever,test,500,375,144,92,323,266,Stanford Dogs
Images/n02099712-Labrador_retriever/n02099712_384.jpg,Labrador Retriever,n02099712-Labrador_retriever,test,500,375,176,86,211,288,Stanford Dogs
Images/n02099712-Labrador_retriever/n02099712_3854.jpg,Labrador Retriever,n02099712-Labrador_retriever,test,500,375,165,33,293,327,Stanford Dogs
Images/n02099712-Labrador_retriever/n02099712_3865.jpg,Labrador Retriever,n02099712-Labrador_retriever,test,375,500,103,111,178,329,Stanford Dogs
Images/n02099712-Labrador_retriever/n02099712_389.jpg,Labrador Retriever,n02099712-Labrador_retriever,test,500,375,77,91,422,250,Stanford Dogs
Images/n02099712-Labrador_retriever/n02099712_3980.jpg,Labrador Retriever,n02099712-Labrador_retriever,test,500,341,0,35,238,222,Stanford Dogs
Images/n02099712-Labrador_retriever/n02099712_4160.jpg,Labrador Retriever,n02099712-Labrador_retriever,test,500,375,118,5,197,369,Stanford Dogs
Images/n02099712-Labrador_retriever/n02099712_4177.jpg,Labrador Retriever,n02099712-Labrador_retriever,test,269,360,4,29,217,312,Stanford Dogs
Images/n02099712-Labrador_retriever/n02099712_4354.jpg,Labrador Retriever,n02099712-Labrador_retriever,train,375,500,26,157,256,335,Stanford Dogs
Images/n02099712-Labrador_retriever/n02099712_4403.jpg,Labrador Retriever,n02099712-Labrador_retriever,train,300,400,26,0,268,379,Stanford Dogs
Images/n02099712-Labrador_retriever/n02099712_4428.jpg,Labrador Retriever,n02099712-Labrador_retriever,train,500,375,0,29,484,345,Stanford Dogs
Images/n02099712-Labrador_retriever/n02099712_4508.jpg,Labrador Retriever,n02099712-Labrador_retriever,train,500,333,199,169,293,163,Stanford Dogs
Images/n02099712-Labrador_retriever/n02099712_4653.jpg,Labrador Retriever,n02099712-Labrador_retriever,train,500,375,182,129,189,191,Stanford Dogs
Images/n02099712-Labrador_retriever/n02099712_4705.jpg,Labrador Retriever,n02099712-Labrador_retriever,test,332,500,52,21,278,477,Stanford Dogs
Images/n02099712-Labrador_retriever/n02099712_4845.jpg,Labrador Retriever,n02099712-Labrador_retriever,test,500,375,122,51,268,315,Stanford Dogs
Images/n02099712-Labrador_retriever/n02099712_4913.jpg,Labrador Retriever,n02099712-Labrador_retriever,train,500,375,11,117,427,189,Stanford Dogs
Images/n02099712-Labrador_retriever/n02099712_4960.jpg,Labrador Retriever,n02099712-Labrador_retriever,train,500,375,0,9,499,365,Stanford Dogs
Images/n02099712-Labrador_retriever/n02099712_5000.jpg,Labrador Retriever,n02099712-Labrador_retriever,train,500,479,218,158,256,319,Stanford Dogs
Images/n02099712-Labrador_retriever/n02099712_5008.jpg,Labrador Retriever,n02099712-Labrador_retriever,train,375,500,137,185,194,313,Stanford Dogs
Images/n02099712-Labrador_retriever/n02099712_5017.jpg,Labrador Retriever,n02099712-Labrador_retriever,train,500,333,215,74,179,135,Stanford Dogs
Images/n02099712-Labrador_retriever/n02099712_5261.jpg,Labrador Retriever,n02099712-Labrador_retriever,test,374,500,0,1,372,459,Stanford Dogs
Images/n02099712-Labrador_retriever/n02099712_5679.jpg,Labrador Retriever,n02099712-Labrador_retriever,train,500,333,216,19,280,278,Stanford Dogs
Images/n02099712-Labrador_retriever/n02099712_5689.jpg,Labrador Retriever,n02099712-Labrador_retriever,train,500,334,157,8,339,325,Stanford Dogs
Images/n02099712-Labrador_retriever/n02099712_5769.jpg,Labrador Retriever,n02099712-Labrador_retriever,test,500,375,0,58,242,316,Stanford Dogs
Images/n02099712-Labrador_retriever/n02099712_5844.jpg,Labrador Retriever,n02099712-Labrador_retriever,train,650,488,172,61,415,424,Stanford Dogs
Images/n02099712-Labrador_retriever/n02099712_5853.jpg,Labrador Retriever,n02099712-Labrador_retriever,train,382,500,91,60,264,368,Stanford Dogs
Images/n02099712-Labrador_retriever/n02099712_5941.jpg,Labrador Retriever,n02099712-Labrador_retriever,train,500,375,115,104,251,155,Stanford Dogs
Images/n02099712-Labrador_retriever/n02099712_5965.jpg,Labrador Retriever,n02099712-Labrador_retriever,test,500,332,44,0,455,260,Stanford Dogs
Images/n02099712-Labrador_retriever/n02099712_619.jpg,Labrador Retriever,n02099712-Labrador_retriever,train,500,375,127,37,286,337,Stanford Dogs
Images/n02099712-Labrador_retriever/n02099712_6275.jpg,Labrador Retriever,n02099712-Labrador_retriever,train,413,500,60,15,267,471,Stanford Dogs
Images/n02099712-Labrador_retriever/n02099712_6318.jpg,Labrador Retriever,n02099712-Labrador_retriever,train,500,375,145,117,354,257,Stanford Dogs
Images/n02099712-Labrador_retriever/n02099712_6404.jpg,Labrador Retriever,n02099712-Labrador_retriever,test,500,375,258,36,241,267,Stanford Dogs
Images/n02099712-Labrador_retriever/n02099712_6421.jpg,Labrador Retriever,n02099712-Labrador_retriever,test,200,191,0,14,185,165,Stanford Dogs
Images/n02099712-Labrador_retriever/n02099712_6426.jpg,Labrador Retriever,n02099712-Labrador_retriever,train,500,375,82,21,394,353,Stanford Dogs
Images/n02099712-Labrador_retriever/n02099712_6446.jpg,Labrador Retriever,n02099712-Labrador_retriever,test,500,375,83,46,340,328,Stanford Dogs
Images/n02099712-Labrador_retriever/n02099712_6455.jpg,Labrador Retriever,n02099712-Labrador_retriever,train,500,375,46,28,364,346,Stanford Dogs
Images/n02099712-Labrador_retriever/n02099712_6586.jpg,Labrador Retriever,n02099712-Labrador_retriever,train,500,333,7,68,415,228,Stanford Dogs
Images/n02099712-Labrador_retriever/n02099712_6684.jpg,Labrador Retriever,n02099712-Labrador_retriever,train,314,235,95,54,181,163,Stanford Dogs
Images/n02099712-Labrador_retriever/n02099712_6775.jpg,Labrador Retriever,n02099712-Labrador_retriever,train,500,375,203,133,120,161,Stanford Dogs
Images/n02099712-Labrador_retriever/n02099712_6823.jpg,Labrador Retriever,n02099712-Labrador_retriever,test,500,375,300,101,186,200,Stanford Dogs
Images/n02099712-Labrador_retriever/n02099712_6897.jpg,Labrador Retriever,n02099712-Labrador_retriever,train,500,375,47,62,342,308,Stanford Dogs
Images/n02099712-Labrador_retriever/n02099712_6901.jpg,Labrador Retriever,n02099712-Labrador_retriever,test,500,333,154,121,153,211,Stanford Dogs
Images/n02099712-Labrador_retriever/n02099712_7164.jpg,Labrador Retriever,n02099712-Labrador_retriever,test,500,375,0,60,278,314,Stanford Dogs
Images/n02099712-Labrador_retriever/n02099712_7179.jpg,Labrador Retriever,n02099712-Labrador_retriever,test,333,500,140,98,191,330,Stanford Dogs
Images/n02099712-Labrador_retriever/n02099712_719.jpg,Labrador Retriever,n02099712-Labrador_retriever,test,375,500,71,67,217,424,Stanford Dogs
Images/n02099712-Labrador_retriever/n02099712_7406.jpg,Labrador Retriever,n02099712-Labrador_retriever,test,333,500,68,92,241,406,Stanford Dogs
Images/n02099712-Labrador_retriever/n02099712_7414.jpg,Labrador Retriever,n02099712-Labrador_retriever,test,500,375,256,92,208,241,Stanford Dogs
Images/n02099712-Labrador_retriever/n02099712_7418.jpg,Labrador Retriever,n02099712-Labrador_retriever,train,375,500,30,110,275,388,Stanford Dogs
Images/n02099712-Labrador_retriever/n02099712_7497.jpg,Labrador Retriever,n02099712-Labrador_retriever,test,500,375,236,60,263,314,Stanford Dogs
Images/n02099712-Labrador_retriever/n02099712_7533.jpg,Labrador Retriever,n02099712-Labrador_retriever,train,500,375,117,130,172,163,Stanford Dogs
Images/n02099712-Labrador_retriever/n02099712_7605.jpg,Labrador Retriever,n02099712-Labrador_retriever,test,342,500,0,32,340,466,Stanford Dogs
Images/n02099712-Labrador_retriever/n02099712_7664.jpg,Labrador Retriever,n02099712-Labrador_retriever,train,375,500,133,163,178,162,Stanford Dogs
Images/n02099712-Labrador_retriever/n02099712_7802.jpg,Labrador Retriever,n02099712-Labrador_retriever,train,500,375,0,113,247,261,Stanford Dogs
Images/n02099712-Labrador_retriever/n02099712_7815.jpg,Labrador Retriever,n02099712-Labrador_retriever,train,500,375,62,3,392,371,Stanford Dogs
Images/n02099712-Labrador_retriever/n02099712_7963.jpg,Labrador Retriever,n02099712-Labrador_retriever,test,400,300,59,4,310,295,Stanford Dogs
Images/n02099712-Labrador_retriever/n02099712_7968.jpg,Labrador Retriever,n02099712-Labrador_retriever,train,333,500,1,113,191,385,Stanford Dogs
Images/n02099712-Labrador_retriever/n02099712_8719.jpg,Labrador Retriever,n02099712-Labrador_retriever,train,330,463,77,22,180,422,Stanford Dogs
Images/n02099712-Labrador_retriever/n02099712_1200.jpg,Labrador Retriever,n02099712-Labrador_retriever,train,456,500,82,206,198,236,Stanford Dogs
Images/n02099712-Labrador_retriever/n02099712_2501.jpg,Labrador Retriever,n02099712-Labrador_retriever,train,500,421,0,0,483,405,Stanford Dogs
Images/n02099712-Labrador_retriever/n02099712_2473.jpg,Labrador Retriever,n02099712-Labrador_retriever,train,330,360,69,37,191,305,Stanford Dogs
Images/n02099712-Labrador_retriever/n02099712_3258.jpg,Labrador Retriever,n02099712-Labrador_retriever,test,500,420,0,14,442,404,Stanford Dogs
Images/n02099712-Labrador_retriever/n02099712_7481.jpg,Labrador Retriever,n02099712-Labrador_retriever,train,500,375,233,93,173,184,Stanford Dogs
Images/n02099712-Labrador_retriever/n02099712_3829.jpg,Labrador Retriever,n02099712-Labrador_retriever,test,500,375,109,40,304,334,Stanford Dogs
Images/n02099712-Labrador_retriever/n02099712_3868.jpg,Labrador Retriever,n02099712-Labrador_retriever,train,250,263,91,71,142,166,Stanford Dogs
Images/n02099712-Labrador_retriever/n02099712_4133.jpg,Labrador Retriever,n02099712-Labrador_retriever,test,500,400,53,16,330,383,Stanford Dogs
Images/n02099712-Labrador_retriever/n02099712_2234.jpg,Labrador Retriever,n02099712-Labrador_retriever,test,374,500,0,110,190,388,Stanford Dogs
Images/n02099712-Labrador_retriever/n02099712_6248.jpg,Labrador Retriever,n02099712-Labrador_retriever,test,500,375,43,155,187,215,Stanford Dogs
Images/n02099712-Labrador_retriever/n02099712_490.jpg,Labrador Retriever,n02099712-Labrador_retriever,train,500,332,0,20,393,311,Stanford Dogs
Images/n02099712-Labrador_retriever/n02099712_5599.jpg,Labrador Retriever,n02099712-Labrador_retriever,train,500,334,227,1,107,177,Stanford Dogs
Images/n02099712-Labrador_retriever/n02099712_8790.jpg,Labrador Retriever,n02099712-Labrador_retriever,train,450,456,25,27,382,427,Stanford Dogs
Images/n02099712-Labrador_retriever/n02099712_3988.jpg,Labrador Retriever,n02099712-Labrador_retriever,train,500,375,42,32,457,266,Stanford Dogs
Images/n02099712-Labrador_retriever/n02099712_7133.jpg,Labrador Retriever,n02099712-Labrador_retriever,test,375,500,57,30,249,388,Stanford Dogs
Images/n02099712-Labrador_retriever/n02099712_1383.jpg,Labrador Retriever,n02099712-Labrador_retriever,train,500,396,0,0,469,395,Stanford Dogs
Images/n02099712-Labrador_retriever/n02099712_3273.jpg,Labrador Retriever,n02099712-Labrador_retriever,train,333,500,16,21,315,477,Stanford Dogs
Images/n02099712-Labrador_retriever/n02099712_6079.jpg,Labrador Retriever,n02099712-Labrador_retriever,train,500,375,0,0,456,374,Stanford Dogs
Images/n02099712-Labrador_retriever/n02099712_4550.jpg,Labrador Retriever,n02099712-Labrador_retriever,test,500,333,134,20,336,312,Stanford Dogs
Images/n02099712-Labrador_retriever/n02099712_7866.jpg,Labrador Retriever,n02099712-Labrador_retriever,test,500,375,23,64,476,310,Stanford Dogs
Images/n02099712-Labrador_retriever/n02099712_5021.jpg,Labrador Retriever,n02099712-Labrador_retriever,train,500,375,59,6,440,368,Stanford Dogs
Images/n02099712-Labrador_retriever/n02099712_3430.jpg,Labrador Retriever,n02099712-Labrador_retriever,test,500,334,130,23,298,298,Stanford Dogs
Images/n02099712-Labrador_retriever/n02099712_3776.jpg,Labrador Retriever,n02099712-Labrador_retriever,train,500,327,202,168,297,158,Stanford Dogs
Images/n02099712-Labrador_retriever/n02099712_8242.jpg,Labrador Retriever,n02099712-Labrador_retriever,train,500,375,286,159,104,130,Stanford Dogs
Images/n02099712-Labrador_retriever/n02099712_1254.jpg,Labrador Retriever,n02099712-Labrador_retriever,train,500,321,39,70,84,159,Stanford Dogs
Images/n02099712-Labrador_retriever/n02099712_5648.jpg,Labrador Retriever,n02099712-Labrador_retriever,test,500,375,1,1,460,373,Stanford Dogs
Images/n02099712-Labrador_retriever/n02099712_607.jpg,Labrador Retriever,n02099712-Labrador_retriever,train,500,375,173,101,183,270,Stanford Dogs
Images/n02099712-Labrador_retriever/n02099712_1987.jpg,Labrador Retriever,n02099712-Labrador_retriever,train,500,375,114,131,360,243,Stanford Dogs
Images/n02099712-Labrador_retriever/n02099712_2332.jpg,Labrador Retriever,n02099712-Labrador_retriever,train,500,333,216,111,212,185,Stanford Dogs
Images/n02099712-Labrador_retriever/n02099712_3698.jpg,Labrador Retriever,n02099712-Labrador_retriever,train,500,333,160,35,192,229,Stanford Dogs
Images/n02099712-Labrador_retriever/n02099712_7049.jpg,Labrador Retriever,n02099712-Labrador_retriever,train,500,333,355,72,111,118,Stanford Dogs
Images/n02099712-Labrador_retriever/n02099712_2223.jpg,Labrador Retriever,n02099712-Labrador_retriever,train,227,341,20,26,193,313,Stanford Dogs
Images/n02099712-Labrador_retriever/n02099712_57.jpg,Labrador Retriever,n02099712-Labrador_retriever,train,500,334,76,32,359,301,Stanford Dogs
Images/n02099712-Labrador_retriever/n02099712_8014.jpg,Labrador Retriever,n02099712-Labrador_retriever,train,437,500,58,1,377,497,Stanford Dogs
Images/n02099712-Labrador_retriever/n02099712_7749.jpg,Labrador Retriever,n02099712-Labrador_retriever,train,500,375,162,17,337,357,Stanford Dogs
Images/n02099712-Labrador_retriever/n02099712_5338.jpg,Labrador Retriever,n02099712-Labrador_retriever,test,331,500,58,117,196,350,Stanford Dogs
Images/n02099712-Labrador_retriever/n02099712_475.jpg,Labrador Retriever,n02099712-Labrador_retriever,train,500,333,0,0,394,332,Stanford Dogs
Images/n02099712-Labrador_retriever/n02099712_6997.jpg,Labrador Retriever,n02099712-Labrador_retriever,train,456,500,28,0,426,488,Stanford Dogs
Images/n02099712-Labrador_retriever/n02099712_511.jpg,Labrador Retriever,n02099712-Labrador_retriever,train,500,375,164,22,165,352,Stanford Dogs
Images/n02099712-Labrador_retriever/n02099712_3963.jpg,Labrador Retriever,n02099712-Labrador_retriever,train,500,375,127,159,201,215,Stanford Dogs
Images/n02099712-Labrador_retriever/n02099712_6619.jpg,Labrador Retriever,n02099712-Labrador_retriever,train,500,334,160,2,339,331,Stanford Dogs
Images/n02099712-Labrador_retriever/n02099712_4759.jpg,Labrador Retriever,n02099712-Labrador_retriever,train,500,375,141,127,236,206,Stanford Dogs
Images/n02099712-Labrador_retriever/n02099712_1436.jpg,Labrador Retriever,n02099712-Labrador_retriever,train,500,333,0,0,458,280,Stanford Dogs
Images/n02099712-Labrador_retriever/n02099712_854.jpg,Labrador Retriever,n02099712-Labrador_retriever,train,360,275,3,21,345,253,Stanford Dogs
Images/n02099712-Labrador_retriever/n02099712_7683.jpg,Labrador Retriever,n02099712-Labrador_retriever,test,500,375,164,67,335,307,Stanford Dogs
Images/n02099712-Labrador_retriever/n02099712_6664.jpg,Labrador Retriever,n02099712-Labrador_retriever,test,397,310,82,93,298,197,Stanford Dogs
Images/n02099712-Labrador_retriever/n02099712_4543.jpg,Labrador Retriever,n02099712-Labrador_retriever,test,500,375,139,86,319,223,Stanford Dogs
Images/n02099712-Labrador_retriever/n02099712_365.jpg,Labrador Retriever,n02099712-Labrador_retriever,test,500,375,219,62,133,307,Stanford Dogs
Images/n02099712-Labrador_retriever/n02099712_6644.jpg,Labrador Retriever,n02099712-Labrador_retriever,test,500,333,238,34,240,229,Stanford Dogs
Images/n02099712-Labrador_retriever/n02099712_4384.jpg,Labrador Retriever,n02099712-Labrador_retriever,train,500,375,36,26,429,348,Stanford Dogs
Images/n02099712-Labrador_retriever/n02099712_4074.jpg,Labrador Retriever,n02099712-Labrador_retriever,train,500,375,182,162,134,212,Stanford Dogs
Images/n02099712-Labrador_retriever/n02099712_5787.jpg,Labrador Retriever,n02099712-Labrador_retriever,test,500,332,211,60,222,245,Stanford Dogs
Images/n02099712-Labrador_retriever/n02099712_4625.jpg,Labrador Retriever,n02099712-Labrador_retriever,train,500,332,271,179,55,96,Stanford Dogs
Images/n02099712-Labrador_retriever/n02099712_788.jpg,Labrador Retriever,n02099712-Labrador_retriever,train,500,325,173,2,311,308,Stanford Dogs
Images/n02099712-Labrador_retriever/n02099712_5471.jpg,Labrador Retriever,n02099712-Labrador_retriever,train,333,500,61,220,250,265,Stanford Dogs
Images/n02099712-Labrador_retriever/n02099712_7608.jpg,Labrador Retriever,n02099712-Labrador_retriever,train,500,333,87,71,412,261,Stanford Dogs
Images/n02099712-Labrador_retriever/n02099712_610.jpg,Labrador Retriever,n02099712-Labrador_retriever,test,500,375,52,0,357,374,Stanford Dogs
Images/n02099712-Labrador_retriever/n02099712_6646.jpg,Labrador Retriever,n02099712-Labrador_retriever,test,375,500,10,240,345,243,Stanford Dogs
Images/n02099712-Labrador_retriever/n02099712_1150.jpg,Labrador Retriever,n02099712-Labrador_retriever,test,500,375,275,105,124,220,Stanford Dogs
Images/n02099712-Labrador_retriever/n02099712_4462.jpg,Labrador Retriever,n02099712-Labrador_retriever,test,449,500,0,31,447,467,Stanford Dogs
Images/n02099712-Labrador_retriever/n02099712_221.jpg,Labrador Retriever,n02099712-Labrador_retriever,test,480,360,164,168,58,106,Stanford Dogs
Images/n02099712-Labrador_retriever/n02099712_4037.jpg,Labrador Retriever,n02099712-Labrador_retriever,train,333,500,1,0,294,498,Stanford Dogs
Images/n02099712-Labrador_retriever/n02099712_7411.jpg,Labrador Retriever,n02099712-Labrador_retriever,train,500,333,0,22,458,310,Stanford Dogs
Images/n02099712-Labrador_retriever/n02099712_6345.jpg,Labrador Retriever,n02099712-Labrador_retriever,train,500,333,0,183,297,124,Stanford Dogs
Images/n02099712-Labrador_retriever/n02099712_5657.jpg,Labrador Retriever,n02099712-Labrador_retriever,train,500,333,227,44,272,173,Stanford Dogs
Images/n02099712-Labrador_retriever/n02099712_6232.jpg,Labrador Retriever,n02099712-Labrador_retriever,train,500,375,186,61,175,298,Stanford Dogs
Images/n02099712-Labrador_retriever/n02099712_3500.jpg,Labrador Retriever,n02099712-Labrador_retriever,train,426,322,29,39,371,248,Stanford Dogs
Images/n02099712-Labrador_retriever/n02099712_7937.jpg,Labrador Retriever,n02099712-Labrador_retriever,train,500,375,0,83,499,291,Stanford Dogs
Images/n02099712-Labrador_retriever/n02099712_2668.jpg,Labrador Retriever,n02099712-Labrador_retriever,test,500,365,17,0,482,364,Stanford Dogs
Images/n02099712-Labrador_retriever/n02099712_8051.jpg,Labrador Retriever,n02099712-Labrador_retriever,test,500,333,1,17,381,315,Stanford Dogs
Images/n02099712-Labrador_retriever/n02099712_209.jpg,Labrador Retriever,n02099712-Labrador_retriever,train,500,333,134,35,334,297,Stanford Dogs
Images/n02099712-Labrador_retriever/n02099712_3947.jpg,Labrador Retriever,n02099712-Labrador_retriever,train,500,375,157,133,215,241,Stanford Dogs
Images/n02099712-Labrador_retriever/n02099712_1941.jpg,Labrador Retriever,n02099712-Labrador_retriever,test,500,375,18,40,385,334,Stanford Dogs
Images/n02099712-Labrador_retriever/n02099712_7775.jpg,Labrador Retriever,n02099712-Labrador_retriever,test,375,500,28,17,345,481,Stanford Dogs
Images/n02099712-Labrador_retriever/n02099712_5263.jpg,Labrador Retriever,n02099712-Labrador_retriever,train,500,483,53,57,445,360,Stanford Dogs
Images/n02099712-Labrador_retriever/n02099712_2938.jpg,Labrador Retriever,n02099712-Labrador_retriever,train,500,375,206,205,77,62,Stanford Dogs
Images/n02099712-Labrador_retriever/n02099712_311.jpg,Labrador Retriever,n02099712-Labrador_retriever,test,483,500,2,10,470,462,Stanford Dogs
Images/n02099712-Labrador_retriever/n02099712_129.jpg,Labrador Retriever,n02099712-Labrador_retriever,train,375,500,1,18,372,480,Stanford Dogs
Images/n02099712-Labrador_retriever/n02099712_4965.jpg,Labrador Retriever,n02099712-Labrador_retriever,train,500,334,0,0,434,309,Stanford Dogs
Images/n02099712-Labrador_retriever/n02099712_7142.jpg,Labrador Retriever,n02099712-Labrador_retriever,train,500,375,155,65,200,276,Stanford Dogs
Images/n02099712-Labrador_retriever/n02099712_4677.jpg,Labrador Retriever,n02099712-Labrador_retriever,test,500,375,85,13,267,260,Stanford Dogs
Images/n02099712-Labrador_retriever/n02099712_7493.jpg,Labrador Retriever,n02099712-Labrador_retriever,test,375,500,0,11,373,487,Stanford Dogs
Images/n02099712-Labrador_retriever/n02099712_4323.jpg,Labrador Retriever,n02099712-Labrador_retriever,test,500,375,169,50,330,324,Stanford Dogs
Images/n02099712-Labrador_retriever/n02099712_5343.jpg,Labrador Retriever,n02099712-Labrador_retriever,train,375,500,26,48,296,450,Stanford Dogs
Images/n02099712-Labrador_retriever/n02099712_9373.jpg,Labrador Retriever,n02099712-Labrador_retriever,test,320,240,9,13,310,226,Stanford Dogs
Images/n02099712-Labrador_retriever/n02099712_980.jpg,Labrador Retriever,n02099712-Labrador_retriever,train,500,334,0,170,499,163,Stanford Dogs
Images/n02102318-cocker_spaniel/n02102318_10000.jpg,Cocker Spaniel,n02102318-cocker_spaniel,test,375,500,26,32,307,466,Stanford Dogs
Images/n02102318-cocker_spaniel/n02102318_10019.jpg,Cocker Spaniel,n02102318-cocker_spaniel,test,500,375,131,9,297,322,Stanford Dogs
Images/n02102318-cocker_spaniel/n02102318_10020.jpg,Cocker Spaniel,n02102318-cocker_spaniel,train,500,375,12,1,424,373,Stanford Dogs
Images/n02102318-cocker_spaniel/n02102318_10058.jpg,Cocker Spaniel,n02102318-cocker_spaniel,test,500,323,180,91,101,186,Stanford Dogs
Images/n02102318-cocker_spaniel/n02102318_10087.jpg,Cocker Spaniel,n02102318-cocker_spaniel,train,500,375,54,43,352,330,Stanford Dogs
Images/n02102318-cocker_spaniel/n02102318_10157.jpg,Cocker Spaniel,n02102318-cocker_spaniel,test,500,375,102,85,288,166,Stanford Dogs
Images/n02102318-cocker_spaniel/n02102318_10162.jpg,Cocker Spaniel,n02102318-cocker_spaniel,train,500,334,78,40,421,293,Stanford Dogs
Images/n02102318-cocker_spaniel/n02102318_10178.jpg,Cocker Spaniel,n02102318-cocker_spaniel,train,448,336,1,0,226,280,Stanford Dogs
Images/n02102318-cocker_spaniel/n02102318_10179.jpg,Cocker Spaniel,n02102318-cocker_spaniel,train,500,331,0,37,499,250,Stanford Dogs
Images/n02102318-cocker_spaniel/n02102318_10180.jpg,Cocker Spaniel,n02102318-cocker_spaniel,train,500,376,19,34,480,341,Stanford Dogs
Images/n02102318-cocker_spaniel/n02102318_10218.jpg,Cocker Spaniel,n02102318-cocker_spaniel,test,500,375,162,25,189,317,Stanford Dogs
Images/n02102318-cocker_spaniel/n02102318_10226.jpg,Cocker Spaniel,n02102318-cocker_spaniel,train,500,375,74,66,286,308,Stanford Dogs
Images/n02102318-cocker_spaniel/n02102318_10261.jpg,Cocker Spaniel,n02102318-cocker_spaniel,test,500,375,52,5,324,369,Stanford Dogs
Images/n02102318-cocker_spaniel/n02102318_10355.jpg,Cocker Spaniel,n02102318-cocker_spaniel,test,500,454,145,53,319,399,Stanford Dogs
Images/n02102318-cocker_spaniel/n02102318_10360.jpg,Cocker Spaniel,n02102318-cocker_spaniel,test,500,476,139,222,225,252,Stanford Dogs
Images/n02102318-cocker_spaniel/n02102318_10483.jpg,Cocker Spaniel,n02102318-cocker_spaniel,train,320,240,84,17,139,222,Stanford Dogs
Images/n02102318-cocker_spaniel/n02102318_10542.jpg,Cocker Spaniel,n02102318-cocker_spaniel,test,500,333,37,15,397,317,Stanford Dogs
Images/n02102318-cocker_spaniel/n02102318_10595.jpg,Cocker Spaniel,n02102318-cocker_spaniel,train,375,500,143,240,204,258,Stanford Dogs
Images/n02102318-cocker_spaniel/n02102318_10618.jpg,Cocker Spaniel,n02102318-cocker_spaniel,train,333,500,0,26,331,472,Stanford Dogs
Images/n02102318-cocker_spaniel/n02102318_10645.jpg,Cocker Spaniel,n02102318-cocker_spaniel,test,500,375,8,1,491,349,Stanford Dogs
Images/n02102318-cocker_spaniel/n02102318_10697.jpg,Cocker Spaniel,n02102318-cocker_spaniel,test,500,334,102,13,313,307,Stanford Dogs
Images/n02102318-cocker_spaniel/n02102318_10703.jpg,Cocker Spaniel,n02102318-cocker_spaniel,train,500,338,236,71,190,180,Stanford Dogs
Images/n02102318-cocker_spaniel/n02102318_10795.jpg,Cocker Spaniel,n02102318-cocker_spaniel,test,500,500,1,1,497,495,Stanford Dogs
Images/n02102318-cocker_spaniel/n02102318_10818.jpg,Cocker Spaniel,n02102318-cocker_spaniel,train,409,500,0,15,406,482,Stanford Dogs
Images/n02102318-cocker_spaniel/n02102318_10894.jpg,Cocker Spaniel,n02102318-cocker_spaniel,train,500,375,7,0,490,371,Stanford Dogs
Images/n02102318-cocker_spaniel/n02102318_10930.jpg,Cocker Spaniel,n02102318-cocker_spaniel,test,500,481,134,79,196,367,Stanford Dogs
Images/n02102318-cocker_spaniel/n02102318_11072.jpg,Cocker Spaniel,n02102318-cocker_spaniel,train,500,283,185,5,130,261,Stanford Dogs
Images/n02102318-cocker_spaniel/n02102318_11141.jpg,Cocker Spaniel,n02102318-cocker_spaniel,train,500,375,148,5,177,362,Stanford Dogs
Images/n02102318-cocker_spaniel/n02102318_11221.jpg,Cocker Spaniel,n02102318-cocker_spaniel,test,333,500,0,61,284,437,Stanford Dogs
Images/n02102318-cocker_spaniel/n02102318_11228.jpg,Cocker Spaniel,n02102318-cocker_spaniel,train,437,500,28,16,303,355,Stanford Dogs
Images/n02102318-cocker_spaniel/n02102318_11443.jpg,Cocker Spaniel,n02102318-cocker_spaniel,train,500,374,204,117,112,188,Stanford Dogs
Images/n02102318-cocker_spaniel/n02102318_11445.jpg,Cocker Spaniel,n02102318-cocker_spaniel,test,500,375,63,58,436,316,Stanford Dogs
Images/n02102318-cocker_spaniel/n02102318_11481.jpg,Cocker Spaniel,n02102318-cocker_spaniel,train,500,333,0,8,405,324,Stanford Dogs
Images/n02102318-cocker_spaniel/n02102318_11573.jpg,Cocker Spaniel,n02102318-cocker_spaniel,train,500,375,48,1,451,356,Stanford Dogs
Images/n02102318-cocker_spaniel/n02102318_11581.jpg,Cocker Spaniel,n02102318-cocker_spaniel,train,500,500,5,41,491,440,Stanford Dogs
Images/n02102318-cocker_spaniel/n02102318_11605.jpg,Cocker Spaniel,n02102318-cocker_spaniel,test,375,500,73,57,233,441,Stanford Dogs
Images/n02102318-cocker_spaniel/n02102318_11615.jpg,Cocker Spaniel,n02102318-cocker_spaniel,train,375,500,0,23,317,475,Stanford Dogs
Images/n02102318-cocker_spaniel/n02102318_11648.jpg,Cocker Spaniel,n02102318-cocker_spaniel,test,500,375,120,101,180,267,Stanford Dogs
Images/n02102318-cocker_spaniel/n02102318_11704.jpg,Cocker Spaniel,n02102318-cocker_spaniel,train,500,375,67,0,267,374,Stanford Dogs
Images/n02102318-cocker_spaniel/n02102318_11769.jpg,Cocker Spaniel,n02102318-cocker_spaniel,train,500,500,76,1,385,496,Stanford Dogs
Images/n02102318-cocker_spaniel/n02102318_11805.jpg,Cocker Spaniel,n02102318-cocker_spaniel,train,500,363,22,115,476,230,Stanford Dogs
Images/n02102318-cocker_spaniel/n02102318_11865.jpg,Cocker Spaniel,n02102318-cocker_spaniel,train,500,333,14,40,483,290,Stanford Dogs
Images/n02102318-cocker_spaniel/n02102318_11890.jpg,Cocker Spaniel,n02102318-cocker_spaniel,train,500,500,75,2,326,485,Stanford Dogs
Images/n02102318-cocker_spaniel/n02102318_12008.jpg,Cocker Spaniel,n02102318-cocker_spaniel,train,500,372,15,4,483,366,Stanford Dogs
Images/n02102318-cocker_spaniel/n02102318_12053.jpg,Cocker Spaniel,n02102318-cocker_spaniel,test,375,500,58,102,288,313,Stanford Dogs
Images/n02102318-cocker_spaniel/n02102318_12238.jpg,Cocker Spaniel,n02102318-cocker_spaniel,train,500,375,107,79,252,171,Stanford Dogs
Images/n02102318-cocker_spaniel/n02102318_12265.jpg,Cocker Spaniel,n02102318-cocker_spaniel,test,500,281,145,25,204,152,Stanford Dogs
Images/n02102318-cocker_spaniel/n02102318_12613.jpg,Cocker Spaniel,n02102318-cocker_spaniel,test,500,435,1,75,406,357,Stanford Dogs
Images/n02102318-cocker_spaniel/n02102318_12717.jpg,Cocker Spaniel,n02102318-cocker_spaniel,train,500,375,1,0,498,374,Stanford Dogs
Images/n02102318-cocker_spaniel/n02102318_12846.jpg,Cocker Spaniel,n02102318-cocker_spaniel,train,448,336,145,0,302,298,Stanford Dogs
Images/n02102318-cocker_spaniel/n02102318_12877.jpg,Cocker Spaniel,n02102318-cocker_spaniel,train,500,375,0,1,364,352,Stanford Dogs
Images/n02102318-cocker_spaniel/n02102318_12887.jpg,Cocker Spaniel,n02102318-cocker_spaniel,train,500,375,136,53,362,321,Stanford Dogs
Images/n02102318-cocker_spaniel/n02102318_13800.jpg,Cocker Spaniel,n02102318-cocker_spaniel,train,500,375,40,28,339,308,Stanford Dogs
Images/n02102318-cocker_spaniel/n02102318_14006.jpg,Cocker Spaniel,n02102318-cocker_spaniel,test,495,500,152,120,188,253,Stanford Dogs
Images/n02102318-cocker_spaniel/n02102318_14073.jpg,Cocker Spaniel,n02102318-cocker_spaniel,train,500,435,35,70,191,261,Stanford Dogs
Images/n02102318-cocker_spaniel/n02102318_14111.jpg,Cocker Spaniel,n02102318-cocker_spaniel,train,500,334,239,1,203,208,Stanford Dogs
Images/n02102318-cocker_spaniel/n02102318_14555.jpg,Cocker Spaniel,n02102318-cocker_spaniel,train,500,375,12,31,382,323,Stanford Dogs
Images/n02102318-cocker_spaniel/n02102318_1458.jpg,Cocker Spaniel,n02102318-cocker_spaniel,train,352,460,11,10,308,428,Stanford Dogs
Images/n02102318-cocker_spaniel/n02102318_14756.jpg,Cocker Spaniel,n02102318-cocker_spaniel,train,500,375,67,140,311,234,Stanford Dogs
Images/n02102318-cocker_spaniel/n02102318_14794.jpg,Cocker Spaniel,n02102318-cocker_spaniel,train,500,327,48,113,341,182,Stanford Dogs
Images/n02102318-cocker_spaniel/n02102318_14892.jpg,Cocker Spaniel,n02102318-cocker_spaniel,test,500,375,132,34,366,243,Stanford Dogs
Images/n02102318-cocker_spaniel/n02102318_14986.jpg,Cocker Spaniel,n02102318-cocker_spaniel,test,500,333,1,10,498,268,Stanford Dogs
Images/n02102318-cocker_spaniel/n02102318_1597.jpg,Cocker Spaniel,n02102318-cocker_spaniel,train,360,347,69,21,283,325,Stanford Dogs
Images/n02102318-cocker_spaniel/n02102318_1671.jpg,Cocker Spaniel,n02102318-cocker_spaniel,test,500,322,0,31,499,248,Stanford Dogs
Images/n02102318-cocker_spaniel/n02102318_1691.jpg,Cocker Spaniel,n02102318-cocker_spaniel,train,388,500,116,10,221,466,Stanford Dogs
Images/n02102318-cocker_spaniel/n02102318_1754.jpg,Cocker Spaniel,n02102318-cocker_spaniel,train,500,420,140,88,230,258,Stanford Dogs
Images/n02102318-cocker_spaniel/n02102318_1983.jpg,Cocker Spaniel,n02102318-cocker_spaniel,test,1024,768,0,92,847,674,Stanford Dogs
Images/n02102318-cocker_spaniel/n02102318_20.jpg,Cocker Spaniel,n02102318-cocker_spaniel,train,500,480,152,247,319,157,Stanford Dogs
Images/n02102318-cocker_spaniel/n02102318_2030.jpg,Cocker Spaniel,n02102318-cocker_spaniel,train,333,500,0,173,313,325,Stanford Dogs
Images/n02102318-cocker_spaniel/n02102318_2048.jpg,Cocker Spaniel,n02102318-cocker_spaniel,train,333,500,2,50,329,448,Stanford Dogs
Images/n02102318-cocker_spaniel/n02102318_2073.jpg,Cocker Spaniel,n02102318-cocker_spaniel,train,500,333,0,64,244,268,Stanford Dogs
Images/n02102318-cocker_spaniel/n02102318_208.jpg,Cocker Spaniel,n02102318-cocker_spaniel,train,375,500,0,3,373,447,Stanford Dogs
Images/n02102318-cocker_spaniel/n02102318_2180.jpg,Cocker Spaniel,n02102318-cocker_spaniel,test,500,333,113,67,263,264,Stanford Dogs
Images/n02102318-cocker_spaniel/n02102318_2226.jpg,Cocker Spaniel,n02102318-cocker_spaniel,test,333,500,7,58,250,433,Stanford Dogs
Images/n02102318-cocker_spaniel/n02102318_2271.jpg,Cocker Spaniel,n02102318-cocker_spaniel,train,500,375,37,21,414,309,Stanford Dogs
Images/n02102318-cocker_spaniel/n02102318_234.jpg,Cocker Spaniel,n02102318-cocker_spaniel,train,500,333,116,25,325,307,Stanford Dogs
Images/n02102318-cocker_spaniel/n02102318_239.jpg,Cocker Spaniel,n02102318-cocker_spaniel,train,500,375,93,0,328,374,Stanford Dogs
Images/n02102318-cocker_spaniel/n02102318_2698.jpg,Cocker Spaniel,n02102318-cocker_spaniel,train,333,500,0,20,331,375,Stanford Dogs
Images/n02102318-cocker_spaniel/n02102318_2919.jpg,Cocker Spaniel,n02102318-cocker_spaniel,test,500,333,173,54,322,277,Stanford Dogs
Images/n02102318-cocker_spaniel/n02102318_2971.jpg,Cocker Spaniel,n02102318-cocker_spaniel,test,500,375,111,78,359,296,Stanford Dogs
Images/n02102318-cocker_spaniel/n02102318_2983.jpg,Cocker Spaniel,n02102318-cocker_spaniel,test,426,373,88,60,171,285,Stanford Dogs
Images/n02102318-cocker_spaniel/n02102318_2984.jpg,Cocker Spaniel,n02102318-cocker_spaniel,train,500,333,0,18,397,314,Stanford Dogs
Images/n02102318-cocker_spaniel/n02102318_2997.jpg,Cocker Spaniel,n02102318-cocker_spaniel,test,500,326,12,41,487,263,Stanford Dogs
Images/n02102318-cocker_spaniel/n02102318_3121.jpg,Cocker Spaniel,n02102318-cocker_spaniel,train,500,333,0,140,240,192,Stanford Dogs
Images/n02102318-cocker_spaniel/n02102318_3269.jpg,Cocker Spaniel,n02102318-cocker_spaniel,train,500,375,0,31,326,343,Stanford Dogs
Images/n02102318-cocker_spaniel/n02102318_3415.jpg,Cocker Spaniel,n02102318-cocker_spaniel,test,500,483,10,2,488,479,Stanford Dogs
Images/n02102318-cocker_spaniel/n02102318_3429.jpg,Cocker Spaniel,n02102318-cocker_spaniel,test,375,500,1,40,369,457,Stanford Dogs
Images/n02102318-cocker_spaniel/n02102318_3504.jpg,Cocker Spaniel,n02102318-cocker_spaniel,test,500,375,1,5,491,366,Stanford Dogs
Images/n02102318-cocker_spaniel/n02102318_3511.jpg,Cocker Spaniel,n02102318-cocker_spaniel,test,500,382,95,120,368,193,Stanford Dogs
Images/n02102318-cocker_spaniel/n02102318_3545.jpg,Cocker Spaniel,n02102318-cocker_spaniel,train,500,375,0,0,498,373,Stanford Dogs
Images/n02102318-cocker_spaniel/n02102318_3658.jpg,Cocker Spaniel,n02102318-cocker_spaniel,train,500,450,0,55,482,393,Stanford Dogs
Images/n02102318-cocker_spaniel/n02102318_3696.jpg,Cocker Spaniel,n02102318-cocker_spaniel,train,500,334,42,27,351,292,Stanford Dogs
Images/n02102318-cocker_spaniel/n02102318_3700.jpg,Cocker Spaniel,n02102318-cocker_spaniel,test,500,375,0,0,499,373,Stanford Dogs
Images/n02102318-cocker_spaniel/n02102318_3827.jpg,Cocker Spaniel,n02102318-cocker_spaniel,train,500,375,167,0,312,374,Stanford Dogs
Images/n02102318-cocker_spaniel/n02102318_4130.jpg,Cocker Spaniel,n02102318-cocker_spaniel,train,500,333,1,2,291,330,Stanford Dogs
Images/n02102318-cocker_spaniel/n02102318_4137.jpg,Cocker Spaniel,n02102318-cocker_spaniel,test,500,334,116,39,300,294,Stanford Dogs
Images/n02102318-cocker_spaniel/n02102318_4172.jpg,Cocker Spaniel,n02102318-cocker_spaniel,train,500,400,228,42,271,347,Stanford Dogs
Images/n02102318-cocker_spaniel/n02102318_4217.jpg,Cocker Spaniel,n02102318-cocker_spaniel,train,500,349,173,162,232,185,Stanford Dogs
Images/n02102318-cocker_spaniel/n02102318_422.jpg,Cocker Spaniel,n02102318-cocker_spaniel,train,493,614,3,0,488,612,Stanford Dogs
Images/n02102318-cocker_spaniel/n02102318_4465.jpg,Cocker Spaniel,n02102318-cocker_spaniel,train,500,333,98,22,401,310,Stanford Dogs
Images/n02102318-cocker_spaniel/n02102318_4716.jpg,Cocker Spaniel,n02102318-cocker_spaniel,train,333,500,0,113,331,385,Stanford Dogs
Images/n02102318-cocker_spaniel/n02102318_4782.jpg,Cocker Spaniel,n02102318-cocker_spaniel,test,500,375,91,6,408,264,Stanford Dogs
Images/n02102318-cocker_spaniel/n02102318_487.jpg,Cocker Spaniel,n02102318-cocker_spaniel,train,500,403,49,0,399,397,Stanford Dogs
Images/n02102318-cocker_spaniel/n02102318_5075.jpg,Cocker Spaniel,n02102318-cocker_spaniel,test,500,333,0,0,499,332,Stanford Dogs
Images/n02102318-cocker_spaniel/n02102318_518.jpg,Cocker Spaniel,n02102318-cocker_spaniel,train,500,375,29,31,306,294,Stanford Dogs
Images/n02102318-cocker_spaniel/n02102318_5690.jpg,Cocker Spaniel,n02102318-cocker_spaniel,train,427,500,0,0,388,497,Stanford Dogs
Images/n02102318-cocker_spaniel/n02102318_5790.jpg,Cocker Spaniel,n02102318-cocker_spaniel,train,500,400,0,0,499,391,Stanford Dogs
Images/n02102318-cocker_spaniel/n02102318_5855.jpg,Cocker Spaniel,n02102318-cocker_spaniel,train,500,375,0,0,499,334,Stanford Dogs
Images/n02102318-cocker_spaniel/n02102318_5967.jpg,Cocker Spaniel,n02102318-cocker_spaniel,train,361,500,0,21,333,470,Stanford Dogs
Images/n02102318-cocker_spaniel/n02102318_6105.jpg,Cocker Spaniel,n02102318-cocker_spaniel,test,500,334,2,0,447,333,Stanford Dogs
Images/n02102318-cocker_spaniel/n02102318_6213.jpg,Cocker Spaniel,n02102318-cocker_spaniel,test,500,417,51,6,447,409,Stanford Dogs
Images/n02102318-cocker_spaniel/n02102318_6225.jpg,Cocker Spaniel,n02102318-cocker_spaniel,train,500,334,147,25,286,307,Stanford Dogs
Images/n02102318-cocker_spaniel/n02102318_6612.jpg,Cocker Spaniel,n02102318-cocker_spaniel,train,500,333,171,37,282,295,Stanford Dogs
Images/n02102318-cocker_spaniel/n02102318_695.jpg,Cocker Spaniel,n02102318-cocker_spaniel,test,500,347,97,38,400,237,Stanford Dogs
Images/n02102318-cocker_spaniel/n02102318_7000.jpg,Cocker Spaniel,n02102318-cocker_spaniel,test,144,226,9,0,134,225,Stanford Dogs
Images/n02102318-cocker_spaniel/n02102318_7010.jpg,Cocker Spaniel,n02102318-cocker_spaniel,test,252,391,0,39,244,324,Stanford Dogs
Images/n02102318-cocker_spaniel/n02102318_7039.jpg,Cocker Spaniel,n02102318-cocker_spaniel,train,520,512,35,10,423,484,Stanford Dogs
Images/n02102318-cocker_spaniel/n02102318_7059.jpg,Cocker Spaniel,n02102318-cocker_spaniel,train,500,375,177,52,180,189,Stanford Dogs
Images/n02102318-cocker_spaniel/n02102318_7110.jpg,Cocker Spaniel,n02102318-cocker_spaniel,train,500,337,50,28,409,308,Stanford Dogs
Images/n02102318-cocker_spaniel/n02102318_7163.jpg,Cocker Spaniel,n02102318-cocker_spaniel,train,500,400,61,22,376,377,Stanford Dogs
Images/n02102318-cocker_spaniel/n02102318_7190.jpg,Cocker Spaniel,n02102318-cocker_spaniel,test,375,500,37,52,335,381,Stanford Dogs
Images/n02102318-cocker_spaniel/n02102318_7327.jpg,Cocker Spaniel,n02102318-cocker_spaniel,train,500,375,205,79,107,208,Stanford Dogs
Images/n02102318-cocker_spaniel/n02102318_8250.jpg,Cocker Spaniel,n02102318-cocker_spaniel,test,500,333,19,62,480,242,Stanford Dogs
Images/n02102318-cocker_spaniel/n02102318_8275.jpg,Cocker Spaniel,n02102318-cocker_spaniel,train,500,375,3,5,488,349,Stanford Dogs
Images/n02102318-cocker_spaniel/n02102318_8406.jpg,Cocker Spaniel,n02102318-cocker_spaniel,test,500,375,93,48,267,287,Stanford Dogs
Images/n02102318-cocker_spaniel/n02102318_8482.jpg,Cocker Spaniel,n02102318-cocker_spaniel,train,500,344,168,10,313,332,Stanford Dogs
Images/n02102318-cocker_spaniel/n02102318_8504.jpg,Cocker Spaniel,n02102318-cocker_spaniel,train,500,375,71,113,345,170,Stanford Dogs
Images/n02102318-cocker_spaniel/n02102318_8518.jpg,Cocker Spaniel,n02102318-cocker_spaniel,train,500,375,155,48,214,257,Stanford Dogs
Images/n02102318-cocker_spaniel/n02102318_8534.jpg,Cocker Spaniel,n02102318-cocker_spaniel,train,350,500,0,103,276,394,Stanford Dogs
Images/n02102318-cocker_spaniel/n02102318_8666.jpg,Cocker Spaniel,n02102318-cocker_spaniel,train,500,333,72,178,144,115,Stanford Dogs
Images/n02102318-cocker_spaniel/n02102318_8697.jpg,Cocker Spaniel,n02102318-cocker_spaniel,train,200,267,17,16,172,246,Stanford Dogs
Images/n02102318-cocker_spaniel/n02102318_873.jpg,Cocker Spaniel,n02102318-cocker_spaniel,train,374,500,1,2,371,496,Stanford Dogs
Images/n02102318-cocker_spaniel/n02102318_8784.jpg,Cocker Spaniel,n02102318-cocker_spaniel,test,500,333,273,134,82,100,Stanford Dogs
Images/n02102318-cocker_spaniel/n02102318_89.jpg,Cocker Spaniel,n02102318-cocker_spaniel,train,500,400,52,26,159,254,Stanford Dogs
Images/n02102318-cocker_spaniel/n02102318_8961.jpg,Cocker Spaniel,n02102318-cocker_spaniel,train,500,398,212,0,286,396,Stanford Dogs
Images/n02102318-cocker_spaniel/n02102318_8990.jpg,Cocker Spaniel,n02102318-cocker_spaniel,train,500,333,81,85,316,107,Stanford Dogs
Images/n02102318-cocker_spaniel/n02102318_9032.jpg,Cocker Spaniel,n02102318-cocker_spaniel,train,468,500,0,17,451,481,Stanford Dogs
Images/n02102318-cocker_spaniel/n02102318_9103.jpg,Cocker Spaniel,n02102318-cocker_spaniel,test,500,500,48,1,398,497,Stanford Dogs
Images/n02102318-cocker_spaniel/n02102318_9197.jpg,Cocker Spaniel,n02102318-cocker_spaniel,train,375,500,43,48,272,374,Stanford Dogs
Images/n02102318-cocker_spaniel/n02102318_9216.jpg,Cocker Spaniel,n02102318-cocker_spaniel,train,500,375,36,2,356,310,Stanford Dogs
Images/n02102318-cocker_spaniel/n02102318_9250.jpg,Cocker Spaniel,n02102318-cocker_spaniel,train,500,461,0,10,476,449,Stanford Dogs
Images/n02102318-cocker_spaniel/n02102318_9254.jpg,Cocker Spaniel,n02102318-cocker_spaniel,train,494,500,21,17,450,454,Stanford Dogs
Images/n02102318-cocker_spaniel/n02102318_9256.jpg,Cocker Spaniel,n02102318-cocker_spaniel,test,500,357,1,34,468,322,Stanford Dogs
Images/n02102318-cocker_spaniel/n02102318_9307.jpg,Cocker Spaniel,n02102318-cocker_spaniel,train,375,500,55,18,307,479,Stanford Dogs
Images/n02102318-cocker_spaniel/n02102318_9378.jpg,Cocker Spaniel,n02102318-cocker_spaniel,test,500,375,214,103,74,96,Stanford Dogs
Images/n02102318-cocker_spaniel/n02102318_9425.jpg,Cocker Spaniel,n02102318-cocker_spaniel,test,340,500,52,181,281,310,Stanford Dogs
Images/n02102318-cocker_spaniel/n02102318_9452.jpg,Cocker Spaniel,n02102318-cocker_spaniel,train,375,500,51,60,275,386,Stanford Dogs
Images/n02102318-cocker_spaniel/n02102318_9488.jpg,Cocker Spaniel,n02102318-cocker_spaniel,train,333,500,0,96,314,400,Stanford Dogs
Images/n02102318-cocker_spaniel/n02102318_9495.jpg,Cocker Spaniel,n02102318-cocker_spaniel,train,288,157,43,30,185,101,Stanford Dogs
Images/n02102318-cocker_spaniel/n02102318_9536.jpg,Cocker Spaniel,n02102318-cocker_spaniel,test,500,377,77,58,306,249,Stanford Dogs
Images/n02102318-cocker_spaniel/n02102318_959.jpg,Cocker Spaniel,n02102318-cocker_spaniel,test,333,500,115,16,216,480,Stanford Dogs
Images/n02102318-cocker_spaniel/n02102318_9670.jpg,Cocker Spaniel,n02102318-cocker_spaniel,test,500,333,0,34,493,298,Stanford Dogs
Images/n02102318-cocker_spaniel/n02102318_9680.jpg,Cocker Spaniel,n02102318-cocker_spaniel,test,500,333,0,9,499,323,Stanford Dogs
Images/n02102318-cocker_spaniel/n02102318_9714.jpg,Cocker Spaniel,n02102318-cocker_spaniel,test,400,272,207,105,89,136,Stanford Dogs
Images/n02102318-cocker_spaniel/n02102318_9723.jpg,Cocker Spaniel,n02102318-cocker_spaniel,train,500,431,0,0,498,429,Stanford Dogs
Images/n02102318-cocker_spaniel/n02102318_9753.jpg,Cocker Spaniel,n02102318-cocker_spaniel,test,500,308,31,25,362,282,Stanford Dogs
Images/n02102318-cocker_spaniel/n02102318_9755.jpg,Cocker Spaniel,n02102318-cocker_spaniel,train,500,375,18,20,379,341,Stanford Dogs
Images/n02102318-cocker_spaniel/n02102318_9822.jpg,Cocker Spaniel,n02102318-cocker_spaniel,train,500,333,30,78,297,253,Stanford Dogs
Images/n02102318-cocker_spaniel/n02102318_9980.jpg,Cocker Spaniel,n02102318-cocker_spaniel,test,384,288,73,0,274,287,Stanford Dogs
Images/n02106550-Rottweiler/n02106550_10048.jpg,Rottweiler,n02106550-Rottweiler,test,500,375,73,14,426,360,Stanford Dogs
Images/n02106550-Rottweiler/n02106550_10222.jpg,Rottweiler,n02106550-Rottweiler,test,500,375,17,34,465,307,Stanford Dogs
Images/n02106550-Rottweiler/n02106550_1033.jpg,Rottweiler,n02106550-Rottweiler,test,500,397,0,6,495,390,Stanford Dogs
Images/n02106550-Rottweiler/n02106550_10375.jpg,Rottweiler,n02106550-Rottweiler,train,375,500,115,137,162,346,Stanford Dogs
Images/n02106550-Rottweiler/n02106550_10478.jpg,Rottweiler,n02106550-Rottweiler,train,337,500,15,42,306,446,Stanford Dogs
Images/n02106550-Rottweiler/n02106550_10481.jpg,Rottweiler,n02106550-Rottweiler,train,500,375,68,40,431,334,Stanford Dogs
Images/n02106550-Rottweiler/n02106550_10552.jpg,Rottweiler,n02106550-Rottweiler,train,500,333,151,99,193,233,Stanford Dogs
Images/n02106550-Rottweiler/n02106550_10555.jpg,Rottweiler,n02106550-Rottweiler,test,500,371,110,39,277,331,Stanford Dogs
Images/n02106550-Rottweiler/n02106550_10588.jpg,Rottweiler,n02106550-Rottweiler,train,375,500,40,171,197,322,Stanford Dogs
Images/n02106550-Rottweiler/n02106550_10635.jpg,Rottweiler,n02106550-Rottweiler,train,500,375,186,88,156,286,Stanford Dogs
Images/n02106550-Rottweiler/n02106550_10651.jpg,Rottweiler,n02106550-Rottweiler,test,500,333,139,39,210,262,Stanford Dogs
Images/n02106550-Rottweiler/n02106550_107.jpg,Rottweiler,n02106550-Rottweiler,test,375,500,60,17,313,481,Stanford Dogs
Images/n02106550-Rottweiler/n02106550_10706.jpg,Rottweiler,n02106550-Rottweiler,test,500,375,100,16,274,358,Stanford Dogs
Images/n02106550-Rottweiler/n02106550_10709.jpg,Rottweiler,n02106550-Rottweiler,test,500,333,179,67,146,265,Stanford Dogs
Images/n02106550-Rottweiler/n02106550_10714.jpg,Rottweiler,n02106550-Rottweiler,train,383,454,56,43,231,383,Stanford Dogs
Images/n02106550-Rottweiler/n02106550_10952.jpg,Rottweiler,n02106550-Rottweiler,test,500,375,36,15,257,359,Stanford Dogs
Images/n02106550-Rottweiler/n02106550_10966.jpg,Rottweiler,n02106550-Rottweiler,test,375,500,0,57,373,440,Stanford Dogs
Images/n02106550-Rottweiler/n02106550_11002.jpg,Rottweiler,n02106550-Rottweiler,test,500,334,99,61,251,272,Stanford Dogs
Images/n02106550-Rottweiler/n02106550_11097.jpg,Rottweiler,n02106550-Rottweiler,train,600,600,67,52,404,546,Stanford Dogs
Images/n02106550-Rottweiler/n02106550_11105.jpg,Rottweiler,n02106550-Rottweiler,train,500,375,27,29,326,345,Stanford Dogs
Images/n02106550-Rottweiler/n02106550_11176.jpg,Rottweiler,n02106550-Rottweiler,train,500,375,104,48,395,326,Stanford Dogs
Images/n02106550-Rottweiler/n02106550_11203.jpg,Rottweiler,n02106550-Rottweiler,train,333,500,73,66,258,351,Stanford Dogs
Images/n02106550-Rottweiler/n02106550_11244.jpg,Rottweiler,n02106550-Rottweiler,train,375,500,67,0,248,498,Stanford Dogs
Images/n02106550-Rottweiler/n02106550_11323.jpg,Rottweiler,n02106550-Rottweiler,train,333,500,37,1,230,467,Stanford Dogs
Images/n02106550-Rottweiler/n02106550_11354.jpg,Rottweiler,n02106550-Rottweiler,train,500,375,28,73,252,301,Stanford Dogs
Images/n02106550-Rottweiler/n02106550_11415.jpg,Rottweiler,n02106550-Rottweiler,test,376,500,82,55,217,393,Stanford Dogs
Images/n02106550-Rottweiler/n02106550_11433.jpg,Rottweiler,n02106550-Rottweiler,train,300,335,0,0,283,334,Stanford Dogs
Images/n02106550-Rottweiler/n02106550_11444.jpg,Rottweiler,n02106550-Rottweiler,train,500,357,0,27,446,329,Stanford Dogs
Images/n02106550-Rottweiler/n02106550_11465.jpg,Rottweiler,n02106550-Rottweiler,train,500,333,313,96,159,184,Stanford Dogs
Images/n02106550-Rottweiler/n02106550_11543.jpg,Rottweiler,n02106550-Rottweiler,train,500,333,4,70,495,233,Stanford Dogs
Images/n02106550-Rottweiler/n02106550_11564.jpg,Rottweiler,n02106550-Rottweiler,train,500,337,96,53,323,266,Stanford Dogs
Images/n02106550-Rottweiler/n02106550_11693.jpg,Rottweiler,n02106550-Rottweiler,test,500,333,203,108,242,182,Stanford Dogs
Images/n02106550-Rottweiler/n02106550_11728.jpg,Rottweiler,n02106550-Rottweiler,train,500,333,176,0,166,332,Stanford Dogs
Images/n02106550-Rottweiler/n02106550_11762.jpg,Rottweiler,n02106550-Rottweiler,test,500,375,167,65,226,292,Stanford Dogs
Images/n02106550-Rottweiler/n02106550_11823.jpg,Rottweiler,n02106550-Rottweiler,train,500,333,118,0,381,332,Stanford Dogs
Images/n02106550-Rottweiler/n02106550_11870.jpg,Rottweiler,n02106550-Rottweiler,train,500,336,104,28,269,307,Stanford Dogs
Images/n02106550-Rottweiler/n02106550_11903.jpg,Rottweiler,n02106550-Rottweiler,test,500,375,6,70,395,155,Stanford Dogs
Images/n02106550-Rottweiler/n02106550_12073.jpg,Rottweiler,n02106550-Rottweiler,test,500,442,21,26,477,414,Stanford Dogs
Images/n02106550-Rottweiler/n02106550_12129.jpg,Rottweiler,n02106550-Rottweiler,train,500,375,88,85,366,228,Stanford Dogs
Images/n02106550-Rottweiler/n02106550_12160.jpg,Rottweiler,n02106550-Rottweiler,test,454,340,62,9,388,330,Stanford Dogs
Images/n02106550-Rottweiler/n02106550_12409.jpg,Rottweiler,n02106550-Rottweiler,train,500,333,88,14,411,213,Stanford Dogs
Images/n02106550-Rottweiler/n02106550_12424.jpg,Rottweiler,n02106550-Rottweiler,test,375,500,120,26,156,376,Stanford Dogs
Images/n02106550-Rottweiler/n02106550_12438.jpg,Rottweiler,n02106550-Rottweiler,train,351,360,51,44,299,287,Stanford Dogs
Images/n02106550-Rottweiler/n02106550_1260.jpg,Rottweiler,n02106550-Rottweiler,test,500,400,0,96,387,303,Stanford Dogs
Images/n02106550-Rottweiler/n02106550_12642.jpg,Rottweiler,n02106550-Rottweiler,train,333,500,46,86,285,380,Stanford Dogs
Images/n02106550-Rottweiler/n02106550_12760.jpg,Rottweiler,n02106550-Rottweiler,train,500,375,41,53,405,229,Stanford Dogs
Images/n02106550-Rottweiler/n02106550_12828.jpg,Rottweiler,n02106550-Rottweiler,test,500,459,32,58,187,355,Stanford Dogs
Images/n02106550-Rottweiler/n02106550_12948.jpg,Rottweiler,n02106550-Rottweiler,train,500,395,218,112,148,256,Stanford Dogs
Images/n02106550-Rottweiler/n02106550_13034.jpg,Rottweiler,n02106550-Rottweiler,test,500,464,0,4,469,458,Stanford Dogs
Images/n02106550-Rottweiler/n02106550_13213.jpg,Rottweiler,n02106550-Rottweiler,test,500,378,43,39,434,338,Stanford Dogs
Images/n02106550-Rottweiler/n02106550_13226.jpg,Rottweiler,n02106550-Rottweiler,train,500,375,98,64,290,310,Stanford Dogs
Images/n02106550-Rottweiler/n02106550_1323.jpg,Rottweiler,n02106550-Rottweiler,test,500,375,112,121,191,148,Stanford Dogs
Images/n02106550-Rottweiler/n02106550_1366.jpg,Rottweiler,n02106550-Rottweiler,train,500,333,128,39,214,293,Stanford Dogs
Images/n02106550-Rottweiler/n02106550_1388.jpg,Rottweiler,n02106550-Rottweiler,train,500,332,155,120,284,211,Stanford Dogs
Images/n02106550-Rottweiler/n02106550_148.jpg,Rottweiler,n02106550-Rottweiler,test,500,375,180,39,176,268,Stanford Dogs
Images/n02106550-Rottweiler/n02106550_1567.jpg,Rottweiler,n02106550-Rottweiler,train,500,375,0,9,451,365,Stanford Dogs
Images/n02106550-Rottweiler/n02106550_1591.jpg,Rottweiler,n02106550-Rottweiler,train,500,375,155,88,281,270,Stanford Dogs
Images/n02106550-Rottweiler/n02106550_1742.jpg,Rottweiler,n02106550-Rottweiler,train,500,333,36,0,463,332,Stanford Dogs
Images/n02106550-Rottweiler/n02106550_1889.jpg,Rottweiler,n02106550-Rottweiler,test,500,332,1,2,498,329,Stanford Dogs
Images/n02106550-Rottweiler/n02106550_193.jpg,Rottweiler,n02106550-Rottweiler,train,360,270,64,23,217,246,Stanford Dogs
Images/n02106550-Rottweiler/n02106550_1974.jpg,Rottweiler,n02106550-Rottweiler,test,500,375,1,82,394,201,Stanford Dogs
Images/n02106550-Rottweiler/n02106550_2052.jpg,Rottweiler,n02106550-Rottweiler,train,375,500,75,100,187,377,Stanford Dogs
Images/n02106550-Rottweiler/n02106550_208.jpg,Rottweiler,n02106550-Rottweiler,train,482,361,79,40,396,320,Stanford Dogs
Images/n02106550-Rottweiler/n02106550_2082.jpg,Rottweiler,n02106550-Rottweiler,train,500,375,16,101,217,273,Stanford Dogs
Images/n02106550-Rottweiler/n02106550_2197.jpg,Rottweiler,n02106550-Rottweiler,train,500,374,183,18,314,352,Stanford Dogs
Images/n02106550-Rottweiler/n02106550_2301.jpg,Rottweiler,n02106550-Rottweiler,train,433,500,17,58,375,440,Stanford Dogs
Images/n02106550-Rottweiler/n02106550_2323.jpg,Rottweiler,n02106550-Rottweiler,train,425,500,45,8,370,490,Stanford Dogs
Images/n02106550-Rottweiler/n02106550_2725.jpg,Rottweiler,n02106550-Rottweiler,test,500,375,185,64,212,310,Stanford Dogs
Images/n02106550-Rottweiler/n02106550_2832.jpg,Rottweiler,n02106550-Rottweiler,test,500,375,139,41,318,261,Stanford Dogs
Images/n02106550-Rottweiler/n02106550_2862.jpg,Rottweiler,n02106550-Rottweiler,train,500,453,31,29,400,422,Stanford Dogs
Images/n02106550-Rottweiler/n02106550_3237.jpg,Rottweiler,n02106550-Rottweiler,train,500,375,1,92,466,281,Stanford Dogs
Images/n02106550-Rottweiler/n02106550_3313.jpg,Rottweiler,n02106550-Rottweiler,train,320,240,56,18,201,221,Stanford Dogs
Images/n02106550-Rottweiler/n02106550_3524.jpg,Rottweiler,n02106550-Rottweiler,test,335,500,0,1,333,497,Stanford Dogs
Images/n02106550-Rottweiler/n02106550_3528.jpg,Rottweiler,n02106550-Rottweiler,test,375,500,6,198,367,225,Stanford Dogs
Images/n02106550-Rottweiler/n02106550_3610.jpg,Rottweiler,n02106550-Rottweiler,train,375,500,41,103,332,359,Stanford Dogs
Images/n02106550-Rottweiler/n02106550_3886.jpg,Rottweiler,n02106550-Rottweiler,test,500,431,111,0,387,428,Stanford Dogs
Images/n02106550-Rottweiler/n02106550_3930.jpg,Rottweiler,n02106550-Rottweiler,train,500,375,0,46,319,301,Stanford Dogs
Images/n02106550-Rottweiler/n02106550_3931.jpg,Rottweiler,n02106550-Rottweiler,train,300,242,20,17,259,214,Stanford Dogs
Images/n02106550-Rottweiler/n02106550_3969.jpg,Rottweiler,n02106550-Rottweiler,train,500,437,205,71,246,364,Stanford Dogs
Images/n02106550-Rottweiler/n02106550_3993.jpg,Rottweiler,n02106550-Rottweiler,train,333,500,0,76,311,422,Stanford Dogs
Images/n02106550-Rottweiler/n02106550_4039.jpg,Rottweiler,n02106550-Rottweiler,train,282,500,119,36,141,281,Stanford Dogs
Images/n02106550-Rottweiler/n02106550_4063.jpg,Rottweiler,n02106550-Rottweiler,test,500,333,1,172,309,159,Stanford Dogs
Images/n02106550-Rottweiler/n02106550_4072.jpg,Rottweiler,n02106550-Rottweiler,test,500,333,212,51,279,281,Stanford Dogs
Images/n02106550-Rottweiler/n02106550_4079.jpg,Rottweiler,n02106550-Rottweiler,train,500,375,160,2,251,372,Stanford Dogs
Images/n02106550-Rottweiler/n02106550_4129.jpg,Rottweiler,n02106550-Rottweiler,test,500,375,115,25,383,231,Stanford Dogs
Images/n02106550-Rottweiler/n02106550_4138.jpg,Rottweiler,n02106550-Rottweiler,train,500,333,221,129,170,203,Stanford Dogs
Images/n02106550-Rottweiler/n02106550_4150.jpg,Rottweiler,n02106550-Rottweiler,train,500,375,77,76,328,188,Stanford Dogs
Images/n02106550-Rottweiler/n02106550_4191.jpg,Rottweiler,n02106550-Rottweiler,train,500,370,174,40,165,322,Stanford Dogs
Images/n02106550-Rottweiler/n02106550_4217.jpg,Rottweiler,n02106550-Rottweiler,train,500,333,91,22,247,292,Stanford Dogs
Images/n02106550-Rottweiler/n02106550_4239.jpg,Rottweiler,n02106550-Rottweiler,train,500,375,188,46,199,294,Stanford Dogs
Images/n02106550-Rottweiler/n02106550_4254.jpg,Rottweiler,n02106550-Rottweiler,train,500,375,1,7,420,366,Stanford Dogs
Images/n02106550-Rottweiler/n02106550_4339.jpg,Rottweiler,n02106550-Rottweiler,test,360,270,33,54,301,154,Stanford Dogs
Images/n02106550-Rottweiler/n02106550_4397.jpg,Rottweiler,n02106550-Rottweiler,test,500,375,141,112,266,205,Stanford Dogs
Images/n02106550-Rottweiler/n02106550_4785.jpg,Rottweiler,n02106550-Rottweiler,test,500,375,45,28,407,306,Stanford Dogs
Images/n02106550-Rottweiler/n02106550_4910.jpg,Rottweiler,n02106550-Rottweiler,train,500,375,46,26,453,347,Stanford Dogs
Images/n02106550-Rottweiler/n02106550_4920.jpg,Rottweiler,n02106550-Rottweiler,train,500,375,0,53,499,321,Stanford Dogs
Images/n02106550-Rottweiler/n02106550_4955.jpg,Rottweiler,n02106550-Rottweiler,train,240,180,8,22,218,141,Stanford Dogs
Images/n02106550-Rottweiler/n02106550_4962.jpg,Rottweiler,n02106550-Rottweiler,test,371,500,63,37,260,454,Stanford Dogs
Images/n02106550-Rottweiler/n02106550_4987.jpg,Rottweiler,n02106550-Rottweiler,train,500,335,45,1,452,315,Stanford Dogs
Images/n02106550-Rottweiler/n02106550_5028.jpg,Rottweiler,n02106550-Rottweiler,train,297,294,31,18,243,275,Stanford Dogs
Images/n02106550-Rottweiler/n02106550_5133.jpg,Rottweiler,n02106550-Rottweiler,test,500,375,133,10,184,364,Stanford Dogs
Images/n02106550-Rottweiler/n02106550_5184.jpg,Rottweiler,n02106550-Rottweiler,test,500,333,9,99,489,167,Stanford Dogs
Images/n02106550-Rottweiler/n02106550_5222.jpg,Rottweiler,n02106550-Rottweiler,train,716,1013,81,109,421,845,Stanford Dogs
Images/n02106550-Rottweiler/n02106550_5252.jpg,Rottweiler,n02106550-Rottweiler,train,500,375,25,35,474,339,Stanford Dogs
Images/n02106550-Rottweiler/n02106550_5271.jpg,Rottweiler,n02106550-Rottweiler,test,334,500,1,82,256,385,Stanford Dogs
Images/n02106550-Rottweiler/n02106550_5311.jpg,Rottweiler,n02106550-Rottweiler,train,250,176,14,14,235,161,Stanford Dogs
Images/n02106550-Rottweiler/n02106550_5710.jpg,Rottweiler,n02106550-Rottweiler,test,600,398,13,14,580,336,Stanford Dogs
Images/n02106550-Rottweiler/n02106550_5752.jpg,Rottweiler,n02106550-Rottweiler,train,500,499,0,7,471,488,Stanford Dogs
Images/n02106550-Rottweiler/n02106550_5754.jpg,Rottweiler,n02106550-Rottweiler,train,500,500,40,50,457,447,Stanford Dogs
Images/n02106550-Rottweiler/n02106550_5928.jpg,Rottweiler,n02106550-Rottweiler,train,500,500,43,17,393,480,Stanford Dogs
Images/n02106550-Rottweiler/n02106550_6074.jpg,Rottweiler,n02106550-Rottweiler,train,500,333,214,128,230,159,Stanford Dogs
Images/n02106550-Rottweiler/n02106550_6130.jpg,Rottweiler,n02106550-Rottweiler,train,360,270,0,0,359,253,Stanford Dogs
Images/n02106550-Rottweiler/n02106550_6192.jpg,Rottweiler,n02106550-Rottweiler,train,500,375,1,16,378,257,Stanford Dogs
Images/n02106550-Rottweiler/n02106550_6272.jpg,Rottweiler,n02106550-Rottweiler,train,362,500,107,108,130,323,Stanford Dogs
Images/n02106550-Rottweiler/n02106550_6286.jpg,Rottweiler,n02106550-Rottweiler,test,495,500,46,62,399,430,Stanford Dogs
Images/n02106550-Rottweiler/n02106550_6310.jpg,Rottweiler,n02106550-Rottweiler,train,354,500,60,100,245,271,Stanford Dogs
Images/n02106550-Rottweiler/n02106550_6402.jpg,Rottweiler,n02106550-Rottweiler,train,500,333,1,93,335,239,Stanford Dogs
Images/n02106550-Rottweiler/n02106550_6424.jpg,Rottweiler,n02106550-Rottweiler,train,500,333,120,0,379,332,Stanford Dogs
Images/n02106550-Rottweiler/n02106550_6599.jpg,Rottweiler,n02106550-Rottweiler,train,500,375,125,76,182,298,Stanford Dogs
Images/n02106550-Rottweiler/n02106550_6900.jpg,Rottweiler,n02106550-Rottweiler,train,500,368,32,37,290,276,Stanford Dogs
Images/n02106550-Rottweiler/n02106550_6910.jpg,Rottweiler,n02106550-Rottweiler,train,333,500,85,92,164,334,Stanford Dogs
Images/n02106550-Rottweiler/n02106550_6926.jpg,Rottweiler,n02106550-Rottweiler,train,375,500,2,48,359,379,Stanford Dogs
Images/n02106550-Rottweiler/n02106550_6965.jpg,Rottweiler,n02106550-Rottweiler,test,500,333,39,24,342,308,Stanford Dogs
Images/n02106550-Rottweiler/n02106550_6978.jpg,Rottweiler,n02106550-Rottweiler,train,500,334,0,67,421,266,Stanford Dogs
Images/n02106550-Rottweiler/n02106550_7003.jpg,Rottweiler,n02106550-Rottweiler,train,399,500,20,88,345,409,Stanford Dogs
Images/n02106550-Rottweiler/n02106550_7393.jpg,Rottweiler,n02106550-Rottweiler,test,500,375,114,20,184,337,Stanford Dogs
Images/n02106550-Rottweiler/n02106550_7419.jpg,Rottweiler,n02106550-Rottweiler,test,375,500,0,37,362,456,Stanford Dogs
Images/n02106550-Rottweiler/n02106550_7430.jpg,Rottweiler,n02106550-Rottweiler,train,500,375,51,87,421,238,Stanford Dogs
Images/n02106550-Rottweiler/n02106550_7473.jpg,Rottweiler,n02106550-Rottweiler,train,500,375,18,9,400,365,Stanford Dogs
Images/n02106550-Rottweiler/n02106550_7608.jpg,Rottweiler,n02106550-Rottweiler,train,308,500,23,46,283,451,Stanford Dogs
Images/n02106550-Rottweiler/n02106550_7616.jpg,Rottweiler,n02106550-Rottweiler,train,500,375,79,41,222,333,Stanford Dogs
Images/n02106550-Rottweiler/n02106550_7767.jpg,Rottweiler,n02106550-Rottweiler,test,350,360,47,13,294,338,Stanford Dogs
Images/n02106550-Rottweiler/n02106550_8024.jpg,Rottweiler,n02106550-Rottweiler,train,375,500,130,141,142,357,Stanford Dogs
Images/n02106550-Rottweiler/n02106550_8064.jpg,Rottweiler,n02106550-Rottweiler,train,500,375,130,51,288,278,Stanford Dogs
Images/n02106550-Rottweiler/n02106550_8116.jpg,Rottweiler,n02106550-Rottweiler,train,500,375,197,81,191,261,Stanford Dogs
Images/n02106550-Rottweiler/n02106550_8146.jpg,Rottweiler,n02106550-Rottweiler,train,500,375,49,94,450,280,Stanford Dogs
Images/n02106550-Rottweiler/n02106550_8166.jpg,Rottweiler,n02106550-Rottweiler,train,500,375,91,0,408,374,Stanford Dogs
Images/n02106550-Rottweiler/n02106550_8383.jpg,Rottweiler,n02106550-Rottweiler,test,415,442,116,38,237,343,Stanford Dogs
Images/n02106550-Rottweiler/n02106550_8437.jpg,Rottweiler,n02106550-Rottweiler,train,360,223,13,14,292,208,Stanford Dogs
Images/n02106550-Rottweiler/n02106550_8595.jpg,Rottweiler,n02106550-Rottweiler,test,500,375,128,28,325,346,Stanford Dogs
Images/n02106550-Rottweiler/n02106550_8611.jpg,Rottweiler,n02106550-Rottweiler,train,360,220,0,28,319,191,Stanford Dogs
Images/n02106550-Rottweiler/n02106550_8652.jpg,Rottweiler,n02106550-Rottweiler,train,500,333,253,74,244,258,Stanford Dogs
Images/n02106550-Rottweiler/n02106550_8776.jpg,Rottweiler,n02106550-Rottweiler,train,500,375,131,37,353,284,Stanford Dogs
Images/n02106550-Rottweiler/n02106550_8887.jpg,Rottweiler,n02106550-Rottweiler,test,500,333,129,9,348,313,Stanford Dogs
Images/n02106550-Rottweiler/n02106550_895.jpg,Rottweiler,n02106550-Rottweiler,train,500,357,80,1,327,355,Stanford Dogs
Images/n02106550-Rottweiler/n02106550_8994.jpg,Rottweiler,n02106550-Rottweiler,test,500,335,167,53,144,221,Stanford Dogs
Images/n02106550-Rottweiler/n02106550_9084.jpg,Rottweiler,n02106550-Rottweiler,train,265,366,21,14,243,348,Stanford Dogs
Images/n02106550-Rottweiler/n02106550_9317.jpg,Rottweiler,n02106550-Rottweiler,test,500,375,91,5,408,339,Stanford Dogs
Images/n02106550-Rottweiler/n02106550_9348.jpg,Rottweiler,n02106550-Rottweiler,train,500,375,140,114,132,180,Stanford Dogs
Images/n02106550-Rottweiler/n02106550_9432.jpg,Rottweiler,n02106550-Rottweiler,train,500,314,133,39,296,219,Stanford Dogs
Images/n02106550-Rottweiler/n02106550_9508.jpg,Rottweiler,n02106550-Rottweiler,train,226,275,14,7,130,267,Stanford Dogs
Images/n02106550-Rottweiler/n02106550_982.jpg,Rottweiler,n02106550-Rottweiler,train,500,374,156,65,343,236,Stanford Dogs
Images/n02106662-German_shepherd/n02106662_10122.jpg,German Shepherd,n02106662-German_shepherd,test,449,302,28,6,390,292,Stanford Dogs
Images/n02106662-German_shepherd/n02106662_10338.jpg,German Shepherd,n02106662-German_shepherd,train,500,375,93,124,323,175,Stanford Dogs
Images/n02106662-German_shepherd/n02106662_104.jpg,German Shepherd,n02106662-German_shepherd,train,375,500,43,10,330,480,Stanford Dogs
Images/n02106662-German_shepherd/n02106662_10490.jpg,German Shepherd,n02106662-German_shepherd,train,337,500,15,25,320,406,Stanford Dogs
Images/n02106662-German_shepherd/n02106662_10552.jpg,German Shepherd,n02106662-German_shepherd,train,300,318,71,30,183,287,Stanford Dogs
Images/n02106662-German_shepherd/n02106662_10676.jpg,German Shepherd,n02106662-German_shepherd,train,500,375,192,192,83,87,Stanford Dogs
Images/n02106662-German_shepherd/n02106662_10715.jpg,German Shepherd,n02106662-German_shepherd,train,396,396,44,61,330,313,Stanford Dogs
Images/n02106662-German_shepherd/n02106662_10858.jpg,German Shepherd,n02106662-German_shepherd,train,500,357,12,0,470,356,Stanford Dogs
Images/n02106662-German_shepherd/n02106662_1094.jpg,German Shepherd,n02106662-German_shepherd,test,375,500,1,1,372,497,Stanford Dogs
Images/n02106662-German_shepherd/n02106662_11620.jpg,German Shepherd,n02106662-German_shepherd,test,533,800,0,174,336,624,Stanford Dogs
Images/n02106662-German_shepherd/n02106662_11808.jpg,German Shepherd,n02106662-German_shepherd,train,263,210,0,0,256,204,Stanford Dogs
Images/n02106662-German_shepherd/n02106662_12028.jpg,German Shepherd,n02106662-German_shepherd,train,500,338,193,83,105,253,Stanford Dogs
Images/n02106662-German_shepherd/n02106662_12116.jpg,German Shepherd,n02106662-German_shepherd,test,500,333,97,73,192,225,Stanford Dogs
Images/n02106662-German_shepherd/n02106662_12906.jpg,German Shepherd,n02106662-German_shepherd,test,500,372,139,135,360,211,Stanford Dogs
Images/n02106662-German_shepherd/n02106662_12969.jpg,German Shepherd,n02106662-German_shepherd,train,200,250,6,2,193,247,Stanford Dogs
Images/n02106662-German_shepherd/n02106662_13050.jpg,German Shepherd,n02106662-German_shepherd,train,500,332,273,134,78,69,Stanford Dogs
Images/n02106662-German_shepherd/n02106662_13123.jpg,German Shepherd,n02106662-German_shepherd,train,301,500,33,8,261,372,Stanford Dogs
Images/n02106662-German_shepherd/n02106662_13178.jpg,German Shepherd,n02106662-German_shepherd,test,333,500,61,20,270,435,Stanford Dogs
Images/n02106662-German_shepherd/n02106662_13368.jpg,German Shepherd,n02106662-German_shepherd,train,400,266,14,69,293,132,Stanford Dogs
Images/n02106662-German_shepherd/n02106662_13380.jpg,German Shepherd,n02106662-German_shepherd,train,375,273,167,143,96,109,Stanford Dogs
Images/n02106662-German_shepherd/n02106662_13599.jpg,German Shepherd,n02106662-German_shepherd,train,500,375,78,79,285,156,Stanford Dogs
Images/n02106662-German_shepherd/n02106662_13904.jpg,German Shepherd,n02106662-German_shepherd,test,600,450,3,31,595,417,Stanford Dogs
Images/n02106662-German_shepherd/n02106662_13912.jpg,German Shepherd,n02106662-German_shepherd,train,500,333,170,42,253,290,Stanford Dogs
Images/n02106662-German_shepherd/n02106662_14247.jpg,German Shepherd,n02106662-German_shepherd,train,362,500,27,48,307,450,Stanford Dogs
Images/n02106662-German_shepherd/n02106662_1451.jpg,German Shepherd,n02106662-German_shepherd,train,500,375,1,13,498,361,Stanford Dogs
Images/n02106662-German_shepherd/n02106662_146.jpg,German Shepherd,n02106662-German_shepherd,train,333,500,83,105,196,393,Stanford Dogs
Images/n02106662-German_shepherd/n02106662_14842.jpg,German Shepherd,n02106662-German_shepherd,test,336,448,178,71,156,362,Stanford Dogs
Images/n02106662-German_shepherd/n02106662_14930.jpg,German Shepherd,n02106662-German_shepherd,train,500,400,203,133,124,173,Stanford Dogs
Images/n02106662-German_shepherd/n02106662_15107.jpg,German Shepherd,n02106662-German_shepherd,test,500,375,27,26,472,348,Stanford Dogs
Images/n02106662-German_shepherd/n02106662_15398.jpg,German Shepherd,n02106662-German_shepherd,train,375,500,73,73,299,424,Stanford Dogs
Images/n02106662-German_shepherd/n02106662_15429.jpg,German Shepherd,n02106662-German_shepherd,test,500,333,57,52,318,280,Stanford Dogs
Images/n02106662-German_shepherd/n02106662_15647.jpg,German Shepherd,n02106662-German_shepherd,test,300,348,16,11,273,319,Stanford Dogs
Images/n02106662-German_shepherd/n02106662_15666.jpg,German Shepherd,n02106662-German_shepherd,test,271,360,0,28,237,331,Stanford Dogs
Images/n02106662-German_shepherd/n02106662_15813.jpg,German Shepherd,n02106662-German_shepherd,train,300,400,76,38,189,347,Stanford Dogs
Images/n02106662-German_shepherd/n02106662_15858.jpg,German Shepherd,n02106662-German_shepherd,train,400,314,3,3,396,308,Stanford Dogs
Images/n02106662-German_shepherd/n02106662_16014.jpg,German Shepherd,n02106662-German_shepherd,train,500,375,1,44,468,330,Stanford Dogs
Images/n02106662-German_shepherd/n02106662_16129.jpg,German Shepherd,n02106662-German_shepherd,train,576,400,61,94,464,301,Stanford Dogs
Images/n02106662-German_shepherd/n02106662_16149.jpg,German Shepherd,n02106662-German_shepherd,train,500,375,120,95,379,269,Stanford Dogs
Images/n02106662-German_shepherd/n02106662_16163.jpg,German Shepherd,n02106662-German_shepherd,test,500,375,1,0,498,374,Stanford Dogs
Images/n02106662-German_shepherd/n02106662_16342.jpg,German Shepherd,n02106662-German_shepherd,test,274,235,14,21,222,212,Stanford Dogs
Images/n02106662-German_shepherd/n02106662_1637.jpg,German Shepherd,n02106662-German_shepherd,train,500,363,83,27,389,283,Stanford Dogs
Images/n02106662-German_shepherd/n02106662_16418.jpg,German Shepherd,n02106662-German_shepherd,test,377,500,0,52,329,446,Stanford Dogs
Images/n02106662-German_shepherd/n02106662_16817.jpg,German Shepherd,n02106662-German_shepherd,test,500,333,140,105,295,190,Stanford Dogs
Images/n02106662-German_shepherd/n02106662_16891.jpg,German Shepherd,n02106662-German_shepherd,train,500,375,291,211,66,112,Stanford Dogs
Images/n02106662-German_shepherd/n02106662_17240.jpg,German Shepherd,n02106662-German_shepherd,train,333,500,0,57,138,441,Stanford Dogs
Images/n02106662-German_shepherd/n02106662_17446.jpg,German Shepherd,n02106662-German_shepherd,train,360,323,59,44,282,258,Stanford Dogs
Images/n02106662-German_shepherd/n02106662_17449.jpg,German Shepherd,n02106662-German_shepherd,test,500,329,0,0,499,328,Stanford Dogs
Images/n02106662-German_shepherd/n02106662_18065.jpg,German Shepherd,n02106662-German_shepherd,train,1200,1800,284,433,703,1115,Stanford Dogs
Images/n02106662-German_shepherd/n02106662_18113.jpg,German Shepherd,n02106662-German_shepherd,train,360,302,0,18,354,281,Stanford Dogs
Images/n02106662-German_shepherd/n02106662_1812.jpg,German Shepherd,n02106662-German_shepherd,test,500,375,63,0,435,374,Stanford Dogs
Images/n02106662-German_shepherd/n02106662_18268.jpg,German Shepherd,n02106662-German_shepherd,train,333,500,41,0,290,498,Stanford Dogs
Images/n02106662-German_shepherd/n02106662_18405.jpg,German Shepherd,n02106662-German_shepherd,train,500,333,36,22,402,294,Stanford Dogs
Images/n02106662-German_shepherd/n02106662_1841.jpg,German Shepherd,n02106662-German_shepherd,test,360,259,11,2,331,250,Stanford Dogs
Images/n02106662-German_shepherd/n02106662_18922.jpg,German Shepherd,n02106662-German_shepherd,train,500,375,205,32,294,342,Stanford Dogs
Images/n02106662-German_shepherd/n02106662_19641.jpg,German Shepherd,n02106662-German_shepherd,train,500,375,2,121,406,199,Stanford Dogs
Images/n02106662-German_shepherd/n02106662_19720.jpg,German Shepherd,n02106662-German_shepherd,train,338,504,55,17,243,473,Stanford Dogs
Images/n02106662-German_shepherd/n02106662_19791.jpg,German Shepherd,n02106662-German_shepherd,train,300,242,21,19,249,211,Stanford Dogs
Images/n02106662-German_shepherd/n02106662_19801.jpg,German Shepherd,n02106662-German_shepherd,test,500,360,57,125,228,211,Stanford Dogs
Images/n02106662-German_shepherd/n02106662_20036.jpg,German Shepherd,n02106662-German_shepherd,train,360,333,41,14,318,317,Stanford Dogs
Images/n02106662-German_shepherd/n02106662_20546.jpg,German Shepherd,n02106662-German_shepherd,train,402,290,5,111,389,171,Stanford Dogs
Images/n02106662-German_shepherd/n02106662_2058.jpg,German Shepherd,n02106662-German_shepherd,train,500,375,11,69,481,252,Stanford Dogs
Images/n02106662-German_shepherd/n02106662_20711.jpg,German Shepherd,n02106662-German_shepherd,test,418,500,63,10,352,488,Stanford Dogs
Images/n02106662-German_shepherd/n02106662_20732.jpg,German Shepherd,n02106662-German_shepherd,train,500,375,268,100,230,273,Stanford Dogs
Images/n02106662-German_shepherd/n02106662_21094.jpg,German Shepherd,n02106662-German_shepherd,train,300,225,78,0,172,198,Stanford Dogs
Images/n02106662-German_shepherd/n02106662_21348.jpg,German Shepherd,n02106662-German_shepherd,train,247,193,18,18,223,169,Stanford Dogs
Images/n02106662-German_shepherd/n02106662_21432.jpg,German Shepherd,n02106662-German_shepherd,train,173,299,6,36,131,248,Stanford Dogs
Images/n02106662-German_shepherd/n02106662_21715.jpg,German Shepherd,n02106662-German_shepherd,train,640,480,45,32,544,420,Stanford Dogs
Images/n02106662-German_shepherd/n02106662_22245.jpg,German Shepherd,n02106662-German_shepherd,test,2272,1704,890,334,532,1364,Stanford Dogs
Images/n02106662-German_shepherd/n02106662_22394.jpg,German Shepherd,n02106662-German_shepherd,train,388,254,63,84,302,153,Stanford Dogs
Images/n02106662-German_shepherd/n02106662_22456.jpg,German Shepherd,n02106662-German_shepherd,train,333,500,2,128,322,370,Stanford Dogs
Images/n02106662-German_shepherd/n02106662_22730.jpg,German Shepherd,n02106662-German_shepherd,train,400,311,13,15,386,295,Stanford Dogs
Images/n02106662-German_shepherd/n02106662_22764.jpg,German Shepherd,n02106662-German_shepherd,train,556,444,55,65,448,335,Stanford Dogs
Images/n02106662-German_shepherd/n02106662_22854.jpg,German Shepherd,n02106662-German_shepherd,test,333,500,0,41,216,457,Stanford Dogs
Images/n02106662-German_shepherd/n02106662_23196.jpg,German Shepherd,n02106662-German_shepherd,train,375,500,16,106,259,392,Stanford Dogs
Images/n02106662-German_shepherd/n02106662_23360.jpg,German Shepherd,n02106662-German_shepherd,train,360,238,24,16,280,199,Stanford Dogs
Images/n02106662-German_shepherd/n02106662_2337.jpg,German Shepherd,n02106662-German_shepherd,test,333,500,53,158,226,158,Stanford Dogs
Images/n02106662-German_shepherd/n02106662_2358.jpg,German Shepherd,n02106662-German_shepherd,train,500,333,75,39,380,215,Stanford Dogs
Images/n02106662-German_shepherd/n02106662_23691.jpg,German Shepherd,n02106662-German_shepherd,train,500,375,9,0,489,373,Stanford Dogs
Images/n02106662-German_shepherd/n02106662_23996.jpg,German Shepherd,n02106662-German_shepherd,test,333,500,93,65,238,432,Stanford Dogs
Images/n02106662-German_shepherd/n02106662_24110.jpg,German Shepherd,n02106662-German_shepherd,test,500,375,0,0,498,321,Stanford Dogs
Images/n02106662-German_shepherd/n02106662_24577.jpg,German Shepherd,n02106662-German_shepherd,train,500,375,68,25,410,340,Stanford Dogs
Images/n02106662-German_shepherd/n02106662_24758.jpg,German Shepherd,n02106662-German_shepherd,test,373,500,121,71,250,427,Stanford Dogs
Images/n02106662-German_shepherd/n02106662_24768.jpg,German Shepherd,n02106662-German_shepherd,train,500,375,9,35,490,308,Stanford Dogs
Images/n02106662-German_shepherd/n02106662_24774.jpg,German Shepherd,n02106662-German_shepherd,test,500,357,10,20,422,248,Stanford Dogs
Images/n02106662-German_shepherd/n02106662_24786.jpg,German Shepherd,n02106662-German_shepherd,train,500,375,100,106,207,207,Stanford Dogs
Images/n02106662-German_shepherd/n02106662_248.jpg,German Shepherd,n02106662-German_shepherd,train,500,375,69,0,308,373,Stanford Dogs
Images/n02106662-German_shepherd/n02106662_25775.jpg,German Shepherd,n02106662-German_shepherd,test,500,333,156,12,98,320,Stanford Dogs
Images/n02106662-German_shepherd/n02106662_25917.jpg,German Shepherd,n02106662-German_shepherd,test,495,500,123,53,370,444,Stanford Dogs
Images/n02106662-German_shepherd/n02106662_25986.jpg,German Shepherd,n02106662-German_shepherd,train,500,375,0,0,451,374,Stanford Dogs
Images/n02106662-German_shepherd/n02106662_2631.jpg,German Shepherd,n02106662-German_shepherd,train,500,332,224,61,164,220,Stanford Dogs
Images/n02106662-German_shepherd/n02106662_26335.jpg,German Shepherd,n02106662-German_shepherd,train,324,260,6,13,314,232,Stanford Dogs
Images/n02106662-German_shepherd/n02106662_26549.jpg,German Shepherd,n02106662-German_shepherd,train,375,500,1,8,269,490,Stanford Dogs
Images/n02106662-German_shepherd/n02106662_2659.jpg,German Shepherd,n02106662-German_shepherd,train,500,375,246,170,79,130,Stanford Dogs
Images/n02106662-German_shepherd/n02106662_27186.jpg,German Shepherd,n02106662-German_shepherd,train,237,199,5,0,227,198,Stanford Dogs
Images/n02106662-German_shepherd/n02106662_27251.jpg,German Shepherd,n02106662-German_shepherd,test,320,240,74,0,160,222,Stanford Dogs
Images/n02106662-German_shepherd/n02106662_27393.jpg,German Shepherd,n02106662-German_shepherd,test,400,311,5,6,382,291,Stanford Dogs
Images/n02106662-German_shepherd/n02106662_2740.jpg,German Shepherd,n02106662-German_shepherd,train,500,375,0,3,381,371,Stanford Dogs
Images/n02106662-German_shepherd/n02106662_2753.jpg,German Shepherd,n02106662-German_shepherd,test,500,348,63,0,351,347,Stanford Dogs
Images/n02106662-German_shepherd/n02106662_2810.jpg,German Shepherd,n02106662-German_shepherd,train,363,500,5,8,349,484,Stanford Dogs
Images/n02106662-German_shepherd/n02106662_2884.jpg,German Shepherd,n02106662-German_shepherd,test,500,334,126,40,254,281,Stanford Dogs
Images/n02106662-German_shepherd/n02106662_2924.jpg,German Shepherd,n02106662-German_shepherd,test,500,375,45,142,221,232,Stanford Dogs
Images/n02106662-German_shepherd/n02106662_29517.jpg,German Shepherd,n02106662-German_shepherd,test,336,437,99,59,235,376,Stanford Dogs
Images/n02106662-German_shepherd/n02106662_3116.jpg,German Shepherd,n02106662-German_shepherd,test,400,400,90,110,296,289,Stanford Dogs
Images/n02106662-German_shepherd/n02106662_320.jpg,German Shepherd,n02106662-German_shepherd,train,333,500,85,71,246,427,Stanford Dogs
Images/n02106662-German_shepherd/n02106662_3260.jpg,German Shepherd,n02106662-German_shepherd,train,500,375,142,67,232,134,Stanford Dogs
Images/n02106662-German_shepherd/n02106662_3431.jpg,German Shepherd,n02106662-German_shepherd,test,500,375,0,16,462,335,Stanford Dogs
Images/n02106662-German_shepherd/n02106662_3781.jpg,German Shepherd,n02106662-German_shepherd,train,375,500,52,1,320,497,Stanford Dogs
Images/n02106662-German_shepherd/n02106662_3815.jpg,German Shepherd,n02106662-German_shepherd,train,870,739,14,320,382,407,Stanford Dogs
Images/n02106662-German_shepherd/n02106662_3953.jpg,German Shepherd,n02106662-German_shepherd,train,640,480,156,32,314,446,Stanford Dogs
Images/n02106662-German_shepherd/n02106662_4021.jpg,German Shepherd,n02106662-German_shepherd,train,377,500,58,58,250,369,Stanford Dogs
Images/n02106662-German_shepherd/n02106662_4059.jpg,German Shepherd,n02106662-German_shepherd,train,550,277,1,0,409,276,Stanford Dogs
Images/n02106662-German_shepherd/n02106662_4201.jpg,German Shepherd,n02106662-German_shepherd,train,500,356,83,88,329,182,Stanford Dogs
Images/n02106662-German_shepherd/n02106662_4402.jpg,German Shepherd,n02106662-German_shepherd,train,304,271,34,36,211,234,Stanford Dogs
Images/n02106662-German_shepherd/n02106662_4498.jpg,German Shepherd,n02106662-German_shepherd,test,399,418,42,25,329,377,Stanford Dogs
Images/n02106662-German_shepherd/n02106662_4522.jpg,German Shepherd,n02106662-German_shepherd,train,394,295,51,42,320,216,Stanford Dogs
Images/n02106662-German_shepherd/n02106662_466.jpg,German Shepherd,n02106662-German_shepherd,train,1729,1200,543,348,429,780,Stanford Dogs
Images/n02106662-German_shepherd/n02106662_5169.jpg,German Shepherd,n02106662-German_shepherd,train,500,330,149,28,344,284,Stanford Dogs
Images/n02106662-German_shepherd/n02106662_5795.jpg,German Shepherd,n02106662-German_shepherd,train,394,348,154,49,187,230,Stanford Dogs
Images/n02106662-German_shepherd/n02106662_590.jpg,German Shepherd,n02106662-German_shepherd,test,500,333,107,34,259,297,Stanford Dogs
Images/n02106662-German_shepherd/n02106662_5929.jpg,German Shepherd,n02106662-German_shepherd,train,245,200,4,5,225,192,Stanford Dogs
Images/n02106662-German_shepherd/n02106662_597.jpg,German Shepherd,n02106662-German_shepherd,test,500,500,103,33,303,442,Stanford Dogs
Images/n02106662-German_shepherd/n02106662_6088.jpg,German Shepherd,n02106662-German_shepherd,train,200,153,7,3,188,149,Stanford Dogs
Images/n02106662-German_shepherd/n02106662_620.jpg,German Shepherd,n02106662-German_shepherd,test,300,399,139,53,153,307,Stanford Dogs
Images/n02106662-German_shepherd/n02106662_6443.jpg,German Shepherd,n02106662-German_shepherd,train,200,200,7,12,178,177,Stanford Dogs
Images/n02106662-German_shepherd/n02106662_662.jpg,German Shepherd,n02106662-German_shepherd,train,210,210,6,31,198,168,Stanford Dogs
Images/n02106662-German_shepherd/n02106662_684.jpg,German Shepherd,n02106662-German_shepherd,train,157,160,75,26,81,133,Stanford Dogs
Images/n02106662-German_shepherd/n02106662_6889.jpg,German Shepherd,n02106662-German_shepherd,train,500,333,180,14,247,305,Stanford Dogs
Images/n02106662-German_shepherd/n02106662_6931.jpg,German Shepherd,n02106662-German_shepherd,train,500,384,238,119,174,248,Stanford Dogs
Images/n02106662-German_shepherd/n02106662_695.jpg,German Shepherd,n02106662-German_shepherd,test,333,500,0,140,327,356,Stanford Dogs
Images/n02106662-German_shepherd/n02106662_6966.jpg,German Shepherd,n02106662-German_shepherd,test,375,500,91,6,182,477,Stanford Dogs
Images/n02106662-German_shepherd/n02106662_712.jpg,German Shepherd,n02106662-German_shepherd,test,375,500,176,135,60,116,Stanford Dogs
Images/n02106662-German_shepherd/n02106662_7122.jpg,German Shepherd,n02106662-German_shepherd,train,500,333,1,1,497,330,Stanford Dogs
Images/n02106662-German_shepherd/n02106662_7168.jpg,German Shepherd,n02106662-German_shepherd,train,350,350,40,97,286,245,Stanford Dogs
Images/n02106662-German_shepherd/n02106662_7212.jpg,German Shepherd,n02106662-German_shepherd,test,377,500,38,63,335,435,Stanford Dogs
Images/n02106662-German_shepherd/n02106662_7238.jpg,German Shepherd,n02106662-German_shepherd,train,447,500,40,0,404,496,Stanford Dogs
Images/n02106662-German_shepherd/n02106662_7313.jpg,German Shepherd,n02106662-German_shepherd,test,250,286,21,14,195,257,Stanford Dogs
Images/n02106662-German_shepherd/n02106662_7545.jpg,German Shepherd,n02106662-German_shepherd,train,214,300,95,15,109,214,Stanford Dogs
Images/n02106662-German_shepherd/n02106662_7885.jpg,German Shepherd,n02106662-German_shepherd,train,375,500,55,111,311,335,Stanford Dogs
Images/n02106662-German_shepherd/n02106662_7960.jpg,German Shepherd,n02106662-German_shepherd,train,352,500,36,12,279,486,Stanford Dogs
Images/n02106662-German_shepherd/n02106662_8002.jpg,German Shepherd,n02106662-German_shepherd,train,500,375,14,0,485,374,Stanford Dogs
Images/n02106662-German_shepherd/n02106662_808.jpg,German Shepherd,n02106662-German_shepherd,test,450,450,1,5,417,443,Stanford Dogs
Images/n02106662-German_shepherd/n02106662_8246.jpg,German Shepherd,n02106662-German_shepherd,train,500,338,60,91,257,226,Stanford Dogs
Images/n02106662-German_shepherd/n02106662_855.jpg,German Shepherd,n02106662-German_shepherd,train,333,500,8,110,247,355,Stanford Dogs
Images/n02106662-German_shepherd/n02106662_8870.jpg,German Shepherd,n02106662-German_shepherd,train,333,500,0,17,331,481,Stanford Dogs
Images/n02106662-German_shepherd/n02106662_9226.jpg,German Shepherd,n02106662-German_shepherd,test,500,333,0,0,474,298,Stanford Dogs
Images/n02106662-German_shepherd/n02106662_9292.jpg,German Shepherd,n02106662-German_shepherd,test,333,500,6,82,325,416,Stanford Dogs
Images/n02106662-German_shepherd/n02106662_9481.jpg,German Shepherd,n02106662-German_shepherd,train,375,500,91,40,280,313,Stanford Dogs
Images/n02106662-German_shepherd/n02106662_9556.jpg,German Shepherd,n02106662-German_shepherd,test,500,333,177,85,322,217,Stanford Dogs
Images/n02106662-German_shepherd/n02106662_9625.jpg,German Shepherd,n02106662-German_shepherd,train,500,375,117,48,335,292,Stanford Dogs
Images/n02106662-German_shepherd/n02106662_9735.jpg,German Shepherd,n02106662-German_shepherd,train,375,500,237,212,93,190,Stanford Dogs
Images/n02106662-German_shepherd/n02106662_9936.jpg,German Shepherd,n02106662-German_shepherd,test,500,333,266,4,98,257,Stanford Dogs
Images/n02106662-German_shepherd/n02106662_9994.jpg,German Shepherd,n02106662-German_shepherd,train,500,375,213,50,237,321,Stanford Dogs
Images/n02107142-Doberman/n02107142_10009.jpg,Doberman,n02107142-Doberman,train,285,360,73,18,191,336,Stanford Dogs
Images/n02107142-Doberman/n02107142_10036.jpg,Doberman,n02107142-Doberman,train,333,500,48,10,277,488,Stanford Dogs
Images/n02107142-Doberman/n02107142_10070.jpg,Doberman,n02107142-Doberman,train,500,333,87,29,264,303,Stanford Dogs
Images/n02107142-Doberman/n02107142_10647.jpg,Doberman,n02107142-Doberman,train,500,375,12,1,407,373,Stanford Dogs
Images/n02107142-Doberman/n02107142_1073.jpg,Doberman,n02107142-Doberman,train,500,375,1,54,459,275,Stanford Dogs
Images/n02107142-Doberman/n02107142_1074.jpg,Doberman,n02107142-Doberman,train,375,500,68,51,204,342,Stanford Dogs
Images/n02107142-Doberman/n02107142_10952.jpg,Doberman,n02107142-Doberman,test,333,500,48,1,279,497,Stanford Dogs
Images/n02107142-Doberman/n02107142_11042.jpg,Doberman,n02107142-Doberman,train,500,357,26,54,373,253,Stanford Dogs
Images/n02107142-Doberman/n02107142_11226.jpg,Doberman,n02107142-Doberman,train,500,375,308,41,191,310,Stanford Dogs
Images/n02107142-Doberman/n02107142_11493.jpg,Doberman,n02107142-Doberman,train,500,375,130,61,188,312,Stanford Dogs
Images/n02107142-Doberman/n02107142_11717.jpg,Doberman,n02107142-Doberman,test,180,146,1,2,176,143,Stanford Dogs
Images/n02107142-Doberman/n02107142_11757.jpg,Doberman,n02107142-Doberman,train,357,500,1,56,339,442,Stanford Dogs
Images/n02107142-Doberman/n02107142_1193.jpg,Doberman,n02107142-Doberman,train,500,361,102,72,131,213,Stanford Dogs
Images/n02107142-Doberman/n02107142_12076.jpg,Doberman,n02107142-Doberman,test,500,375,0,85,390,289,Stanford Dogs
Images/n02107142-Doberman/n02107142_12182.jpg,Doberman,n02107142-Doberman,train,438,500,13,77,416,421,Stanford Dogs
Images/n02107142-Doberman/n02107142_12191.jpg,Doberman,n02107142-Doberman,train,283,307,6,7,274,290,Stanford Dogs
Images/n02107142-Doberman/n02107142_12488.jpg,Doberman,n02107142-Doberman,train,500,333,133,28,366,304,Stanford Dogs
Images/n02107142-Doberman/n02107142_1251.jpg,Doberman,n02107142-Doberman,train,500,375,139,1,204,355,Stanford Dogs
Images/n02107142-Doberman/n02107142_12739.jpg,Doberman,n02107142-Doberman,test,500,375,0,0,492,374,Stanford Dogs
Images/n02107142-Doberman/n02107142_12749.jpg,Doberman,n02107142-Doberman,train,375,500,117,113,211,300,Stanford Dogs
Images/n02107142-Doberman/n02107142_13011.jpg,Doberman,n02107142-Doberman,train,375,500,97,201,209,296,Stanford Dogs
Images/n02107142-Doberman/n02107142_1306.jpg,Doberman,n02107142-Doberman,test,479,500,122,60,264,438,Stanford Dogs
Images/n02107142-Doberman/n02107142_13356.jpg,Doberman,n02107142-Doberman,train,400,400,1,80,395,316,Stanford Dogs
Images/n02107142-Doberman/n02107142_13483.jpg,Doberman,n02107142-Doberman,train,480,361,34,2,394,357,Stanford Dogs
Images/n02107142-Doberman/n02107142_13677.jpg,Doberman,n02107142-Doberman,train,500,375,155,46,231,328,Stanford Dogs
Images/n02107142-Doberman/n02107142_14066.jpg,Doberman,n02107142-Doberman,train,333,500,66,26,198,470,Stanford Dogs
Images/n02107142-Doberman/n02107142_14425.jpg,Doberman,n02107142-Doberman,train,303,480,0,2,301,475,Stanford Dogs
Images/n02107142-Doberman/n02107142_14636.jpg,Doberman,n02107142-Doberman,test,500,464,193,80,271,349,Stanford Dogs
Images/n02107142-Doberman/n02107142_14813.jpg,Doberman,n02107142-Doberman,train,500,374,135,11,334,362,Stanford Dogs
Images/n02107142-Doberman/n02107142_15003.jpg,Doberman,n02107142-Doberman,test,374,500,0,7,310,491,Stanford Dogs
Images/n02107142-Doberman/n02107142_15334.jpg,Doberman,n02107142-Doberman,test,435,500,190,237,215,249,Stanford Dogs
Images/n02107142-Doberman/n02107142_15377.jpg,Doberman,n02107142-Doberman,train,500,375,84,27,392,336,Stanford Dogs
Images/n02107142-Doberman/n02107142_15436.jpg,Doberman,n02107142-Doberman,train,337,474,1,24,308,448,Stanford Dogs
Images/n02107142-Doberman/n02107142_15810.jpg,Doberman,n02107142-Doberman,train,390,480,2,116,386,341,Stanford Dogs
Images/n02107142-Doberman/n02107142_15936.jpg,Doberman,n02107142-Doberman,test,500,379,66,44,365,313,Stanford Dogs
Images/n02107142-Doberman/n02107142_16217.jpg,Doberman,n02107142-Doberman,train,500,375,119,70,220,251,Stanford Dogs
Images/n02107142-Doberman/n02107142_16316.jpg,Doberman,n02107142-Doberman,test,500,361,35,97,410,231,Stanford Dogs
Images/n02107142-Doberman/n02107142_16400.jpg,Doberman,n02107142-Doberman,train,500,327,35,27,426,278,Stanford Dogs
Images/n02107142-Doberman/n02107142_16424.jpg,Doberman,n02107142-Doberman,train,500,411,0,0,441,381,Stanford Dogs
Images/n02107142-Doberman/n02107142_16429.jpg,Doberman,n02107142-Doberman,train,500,375,1,49,325,325,Stanford Dogs
Images/n02107142-Doberman/n02107142_16512.jpg,Doberman,n02107142-Doberman,test,500,335,184,39,160,262,Stanford Dogs
Images/n02107142-Doberman/n02107142_16917.jpg,Doberman,n02107142-Doberman,test,280,217,17,8,250,201,Stanford Dogs
Images/n02107142-Doberman/n02107142_1694.jpg,Doberman,n02107142-Doberman,train,427,500,221,56,149,429,Stanford Dogs
Images/n02107142-Doberman/n02107142_17111.jpg,Doberman,n02107142-Doberman,train,500,333,117,31,310,301,Stanford Dogs
Images/n02107142-Doberman/n02107142_17147.jpg,Doberman,n02107142-Doberman,train,500,375,48,28,338,293,Stanford Dogs
Images/n02107142-Doberman/n02107142_17450.jpg,Doberman,n02107142-Doberman,test,357,500,0,0,330,498,Stanford Dogs
Images/n02107142-Doberman/n02107142_17564.jpg,Doberman,n02107142-Doberman,train,375,500,102,25,201,436,Stanford Dogs
Images/n02107142-Doberman/n02107142_17575.jpg,Doberman,n02107142-Doberman,test,500,393,27,24,435,314,Stanford Dogs
Images/n02107142-Doberman/n02107142_17788.jpg,Doberman,n02107142-Doberman,train,500,340,63,75,255,258,Stanford Dogs
Images/n02107142-Doberman/n02107142_17899.jpg,Doberman,n02107142-Doberman,train,500,375,92,35,229,339,Stanford Dogs
Images/n02107142-Doberman/n02107142_18020.jpg,Doberman,n02107142-Doberman,test,300,200,89,2,158,197,Stanford Dogs
Images/n02107142-Doberman/n02107142_18196.jpg,Doberman,n02107142-Doberman,train,477,500,88,82,271,370,Stanford Dogs
Images/n02107142-Doberman/n02107142_18214.jpg,Doberman,n02107142-Doberman,test,500,328,35,26,406,221,Stanford Dogs
Images/n02107142-Doberman/n02107142_18413.jpg,Doberman,n02107142-Doberman,train,500,333,1,8,498,324,Stanford Dogs
Images/n02107142-Doberman/n02107142_18582.jpg,Doberman,n02107142-Doberman,train,500,343,101,6,172,280,Stanford Dogs
Images/n02107142-Doberman/n02107142_18610.jpg,Doberman,n02107142-Doberman,test,300,458,99,104,138,339,Stanford Dogs
Images/n02107142-Doberman/n02107142_18779.jpg,Doberman,n02107142-Doberman,test,500,375,57,32,398,314,Stanford Dogs
Images/n02107142-Doberman/n02107142_1886.jpg,Doberman,n02107142-Doberman,test,333,500,0,0,331,498,Stanford Dogs
Images/n02107142-Doberman/n02107142_1901.jpg,Doberman,n02107142-Doberman,test,500,375,6,27,115,288,Stanford Dogs
Images/n02107142-Doberman/n02107142_208.jpg,Doberman,n02107142-Doberman,train,500,352,37,65,437,212,Stanford Dogs
Images/n02107142-Doberman/n02107142_21.jpg,Doberman,n02107142-Doberman,train,500,375,1,0,341,374,Stanford Dogs
Images/n02107142-Doberman/n02107142_2153.jpg,Doberman,n02107142-Doberman,train,300,364,75,35,125,289,Stanford Dogs
Images/n02107142-Doberman/n02107142_2213.jpg,Doberman,n02107142-Doberman,test,326,500,17,0,282,446,Stanford Dogs
Images/n02107142-Doberman/n02107142_2314.jpg,Doberman,n02107142-Doberman,train,500,375,113,44,318,318,Stanford Dogs
Images/n02107142-Doberman/n02107142_2418.jpg,Doberman,n02107142-Doberman,test,500,375,36,63,459,238,Stanford Dogs
Images/n02107142-Doberman/n02107142_248.jpg,Doberman,n02107142-Doberman,train,500,375,8,106,392,266,Stanford Dogs
Images/n02107142-Doberman/n02107142_2553.jpg,Doberman,n02107142-Doberman,train,500,375,61,123,388,251,Stanford Dogs
Images/n02107142-Doberman/n02107142_2654.jpg,Doberman,n02107142-Doberman,train,500,375,239,92,86,148,Stanford Dogs
Images/n02107142-Doberman/n02107142_2779.jpg,Doberman,n02107142-Doberman,train,375,500,102,166,254,309,Stanford Dogs
Images/n02107142-Doberman/n02107142_278.jpg,Doberman,n02107142-Doberman,test,500,333,144,43,244,279,Stanford Dogs
Images/n02107142-Doberman/n02107142_30.jpg,Doberman,n02107142-Doberman,train,500,375,113,30,189,333,Stanford Dogs
Images/n02107142-Doberman/n02107142_3033.jpg,Doberman,n02107142-Doberman,test,375,500,18,13,335,442,Stanford Dogs
Images/n02107142-Doberman/n02107142_3073.jpg,Doberman,n02107142-Doberman,train,500,332,6,0,374,331,Stanford Dogs
Images/n02107142-Doberman/n02107142_3094.jpg,Doberman,n02107142-Doberman,train,300,248,61,11,188,230,Stanford Dogs
Images/n02107142-Doberman/n02107142_3171.jpg,Doberman,n02107142-Doberman,train,179,187,1,1,177,185,Stanford Dogs
Images/n02107142-Doberman/n02107142_3227.jpg,Doberman,n02107142-Doberman,test,500,400,0,62,499,302,Stanford Dogs
Images/n02107142-Doberman/n02107142_3236.jpg,Doberman,n02107142-Doberman,test,500,375,0,40,426,334,Stanford Dogs
Images/n02107142-Doberman/n02107142_34.jpg,Doberman,n02107142-Doberman,train,427,320,137,13,161,296,Stanford Dogs
Images/n02107142-Doberman/n02107142_3412.jpg,Doberman,n02107142-Doberman,train,375,500,1,110,330,388,Stanford Dogs
Images/n02107142-Doberman/n02107142_3488.jpg,Doberman,n02107142-Doberman,train,486,324,308,0,177,257,Stanford Dogs
Images/n02107142-Doberman/n02107142_3556.jpg,Doberman,n02107142-Doberman,test,240,320,62,33,113,286,Stanford Dogs
Images/n02107142-Doberman/n02107142_3575.jpg,Doberman,n02107142-Doberman,train,320,240,59,24,189,192,Stanford Dogs
Images/n02107142-Doberman/n02107142_3621.jpg,Doberman,n02107142-Doberman,train,350,300,70,65,209,207,Stanford Dogs
Images/n02107142-Doberman/n02107142_3709.jpg,Doberman,n02107142-Doberman,train,357,500,7,57,337,378,Stanford Dogs
Images/n02107142-Doberman/n02107142_3741.jpg,Doberman,n02107142-Doberman,train,375,500,1,140,262,358,Stanford Dogs
Images/n02107142-Doberman/n02107142_385.jpg,Doberman,n02107142-Doberman,train,369,285,11,5,341,272,Stanford Dogs
Images/n02107142-Doberman/n02107142_4013.jpg,Doberman,n02107142-Doberman,train,236,350,1,27,213,322,Stanford Dogs
Images/n02107142-Doberman/n02107142_4017.jpg,Doberman,n02107142-Doberman,train,364,500,63,102,154,393,Stanford Dogs
Images/n02107142-Doberman/n02107142_413.jpg,Doberman,n02107142-Doberman,train,375,500,48,152,263,266,Stanford Dogs
Images/n02107142-Doberman/n02107142_4148.jpg,Doberman,n02107142-Doberman,train,400,268,53,63,334,153,Stanford Dogs
Images/n02107142-Doberman/n02107142_4255.jpg,Doberman,n02107142-Doberman,train,500,375,17,68,469,272,Stanford Dogs
Images/n02107142-Doberman/n02107142_4314.jpg,Doberman,n02107142-Doberman,test,500,375,21,34,478,340,Stanford Dogs
Images/n02107142-Doberman/n02107142_4462.jpg,Doberman,n02107142-Doberman,train,500,498,1,8,472,452,Stanford Dogs
Images/n02107142-Doberman/n02107142_4632.jpg,Doberman,n02107142-Doberman,train,500,333,62,60,274,158,Stanford Dogs
Images/n02107142-Doberman/n02107142_4653.jpg,Doberman,n02107142-Doberman,test,500,390,36,103,384,286,Stanford Dogs
Images/n02107142-Doberman/n02107142_4663.jpg,Doberman,n02107142-Doberman,train,320,213,122,37,122,174,Stanford Dogs
Images/n02107142-Doberman/n02107142_4725.jpg,Doberman,n02107142-Doberman,test,500,333,0,76,441,255,Stanford Dogs
Images/n02107142-Doberman/n02107142_473.jpg,Doberman,n02107142-Doberman,train,375,500,16,236,94,217,Stanford Dogs
Images/n02107142-Doberman/n02107142_4763.jpg,Doberman,n02107142-Doberman,train,500,375,137,112,126,189,Stanford Dogs
Images/n02107142-Doberman/n02107142_4790.jpg,Doberman,n02107142-Doberman,train,500,333,93,151,131,154,Stanford Dogs
Images/n02107142-Doberman/n02107142_5144.jpg,Doberman,n02107142-Doberman,train,500,375,111,118,282,209,Stanford Dogs
Images/n02107142-Doberman/n02107142_5166.jpg,Doberman,n02107142-Doberman,test,314,500,100,80,197,392,Stanford Dogs
Images/n02107142-Doberman/n02107142_5181.jpg,Doberman,n02107142-Doberman,test,148,184,2,22,143,158,Stanford Dogs
Images/n02107142-Doberman/n02107142_5196.jpg,Doberman,n02107142-Doberman,test,500,375,56,42,368,331,Stanford Dogs
Images/n02107142-Doberman/n02107142_5284.jpg,Doberman,n02107142-Doberman,test,333,500,25,126,250,330,Stanford Dogs
Images/n02107142-Doberman/n02107142_5296.jpg,Doberman,n02107142-Doberman,train,335,500,0,60,323,380,Stanford Dogs
Images/n02107142-Doberman/n02107142_534.jpg,Doberman,n02107142-Doberman,train,383,478,71,130,255,345,Stanford Dogs
Images/n02107142-Doberman/n02107142_5395.jpg,Doberman,n02107142-Doberman,train,350,514,42,50,305,458,Stanford Dogs
Images/n02107142-Doberman/n02107142_5517.jpg,Doberman,n02107142-Doberman,test,333,500,60,81,255,410,Stanford Dogs
Images/n02107142-Doberman/n02107142_5570.jpg,Doberman,n02107142-Doberman,test,500,375,84,37,354,337,Stanford Dogs
Images/n02107142-Doberman/n02107142_5663.jpg,Doberman,n02107142-Doberman,train,500,338,179,68,173,213,Stanford Dogs
Images/n02107142-Doberman/n02107142_5766.jpg,Doberman,n02107142-Doberman,train,375,500,61,23,239,347,Stanford Dogs
Images/n02107142-Doberman/n02107142_5783.jpg,Doberman,n02107142-Doberman,train,199,360,10,8,175,340,Stanford Dogs
Images/n02107142-Doberman/n02107142_607.jpg,Doberman,n02107142-Doberman,train,500,454,81,67,290,384,Stanford Dogs
Images/n02107142-Doberman/n02107142_6383.jpg,Doberman,n02107142-Doberman,train,2048,1536,680,707,584,782,Stanford Dogs
Images/n02107142-Doberman/n02107142_6395.jpg,Doberman,n02107142-Doberman,train,290,378,0,53,283,318,Stanford Dogs
Images/n02107142-Doberman/n02107142_6439.jpg,Doberman,n02107142-Doberman,train,300,421,2,4,295,412,Stanford Dogs
Images/n02107142-Doberman/n02107142_6816.jpg,Doberman,n02107142-Doberman,train,332,500,110,30,125,450,Stanford Dogs
Images/n02107142-Doberman/n02107142_6859.jpg,Doberman,n02107142-Doberman,train,375,500,128,182,160,283,Stanford Dogs
Images/n02107142-Doberman/n02107142_699.jpg,Doberman,n02107142-Doberman,test,500,375,205,91,89,265,Stanford Dogs
Images/n02107142-Doberman/n02107142_7102.jpg,Doberman,n02107142-Doberman,train,500,303,52,0,189,302,Stanford Dogs
Images/n02107142-Doberman/n02107142_7143.jpg,Doberman,n02107142-Doberman,train,250,376,63,10,153,365,Stanford Dogs
Images/n02107142-Doberman/n02107142_7205.jpg,Doberman,n02107142-Doberman,train,345,500,75,61,192,420,Stanford Dogs
Images/n02107142-Doberman/n02107142_7206.jpg,Doberman,n02107142-Doberman,test,500,383,84,2,415,380,Stanford Dogs
Images/n02107142-Doberman/n02107142_7237.jpg,Doberman,n02107142-Doberman,train,375,500,1,0,372,498,Stanford Dogs
Images/n02107142-Doberman/n02107142_7238.jpg,Doberman,n02107142-Doberman,train,360,296,13,37,260,226,Stanford Dogs
Images/n02107142-Doberman/n02107142_7300.jpg,Doberman,n02107142-Doberman,test,300,400,78,40,171,321,Stanford Dogs
Images/n02107142-Doberman/n02107142_7311.jpg,Doberman,n02107142-Doberman,test,500,346,67,116,172,143,Stanford Dogs
Images/n02107142-Doberman/n02107142_7402.jpg,Doberman,n02107142-Doberman,test,1024,768,715,9,306,744,Stanford Dogs
Images/n02107142-Doberman/n02107142_7459.jpg,Doberman,n02107142-Doberman,train,500,333,78,45,419,285,Stanford Dogs
Images/n02107142-Doberman/n02107142_7703.jpg,Doberman,n02107142-Doberman,train,375,500,30,42,227,456,Stanford Dogs
Images/n02107142-Doberman/n02107142_7731.jpg,Doberman,n02107142-Doberman,test,440,500,0,135,380,267,Stanford Dogs
Images/n02107142-Doberman/n02107142_7841.jpg,Doberman,n02107142-Doberman,train,500,500,158,200,250,298,Stanford Dogs
Images/n02107142-Doberman/n02107142_788.jpg,Doberman,n02107142-Doberman,test,500,334,201,41,100,249,Stanford Dogs
Images/n02107142-Doberman/n02107142_790.jpg,Doberman,n02107142-Doberman,test,375,500,0,91,373,407,Stanford Dogs
Images/n02107142-Doberman/n02107142_814.jpg,Doberman,n02107142-Doberman,test,345,500,0,56,300,442,Stanford Dogs
Images/n02107142-Doberman/n02107142_8331.jpg,Doberman,n02107142-Doberman,train,2160,1440,271,61,1223,1096,Stanford Dogs
Images/n02107142-Doberman/n02107142_8399.jpg,Doberman,n02107142-Doberman,test,500,357,118,44,218,312,Stanford Dogs
Images/n02107142-Doberman/n02107142_8437.jpg,Doberman,n02107142-Doberman,test,375,500,21,70,340,427,Stanford Dogs
Images/n02107142-Doberman/n02107142_8568.jpg,Doberman,n02107142-Doberman,train,385,500,80,138,260,307,Stanford Dogs
Images/n02107142-Doberman/n02107142_8675.jpg,Doberman,n02107142-Doberman,test,500,375,198,45,88,224,Stanford Dogs
Images/n02107142-Doberman/n02107142_8834.jpg,Doberman,n02107142-Doberman,train,500,371,111,137,237,233,Stanford Dogs
Images/n02107142-Doberman/n02107142_9090.jpg,Doberman,n02107142-Doberman,train,500,357,171,49,153,276,Stanford Dogs
Images/n02107142-Doberman/n02107142_9282.jpg,Doberman,n02107142-Doberman,train,500,332,90,27,255,304,Stanford Dogs
Images/n02107142-Doberman/n02107142_9362.jpg,Doberman,n02107142-Doberman,test,190,232,0,0,188,229,Stanford Dogs
Images/n02107142-Doberman/n02107142_9379.jpg,Doberman,n02107142-Doberman,train,500,375,60,47,387,280,Stanford Dogs
Images/n02107142-Doberman/n02107142_9597.jpg,Doberman,n02107142-Doberman,test,375,500,111,366,174,132,Stanford Dogs
Images/n02107142-Doberman/n02107142_9621.jpg,Doberman,n02107142-Doberman,train,272,200,19,10,213,182,Stanford Dogs
Images/n02107142-Doberman/n02107142_971.jpg,Doberman,n02107142-Doberman,train,500,333,103,27,393,266,Stanford Dogs
Images/n02107142-Doberman/n02107142_9772.jpg,Doberman,n02107142-Doberman,train,303,397,15,12,240,379,Stanford Dogs
Images/n02108089-boxer/n02108089_1.jpg,Boxer,n02108089-boxer,train,500,375,86,0,413,374,Stanford Dogs
Images/n02108089-boxer/n02108089_1003.jpg,Boxer,n02108089-boxer,train,360,343,68,37,264,305,Stanford Dogs
Images/n02108089-boxer/n02108089_10229.jpg,Boxer,n02108089-boxer,train,500,375,40,2,459,367,Stanford Dogs
Images/n02108089-boxer/n02108089_1031.jpg,Boxer,n02108089-boxer,train,450,338,95,28,252,287,Stanford Dogs
Images/n02108089-boxer/n02108089_1072.jpg,Boxer,n02108089-boxer,train,375,500,81,145,277,306,Stanford Dogs
Images/n02108089-boxer/n02108089_10774.jpg,Boxer,n02108089-boxer,test,410,500,3,82,324,416,Stanford Dogs
Images/n02108089-boxer/n02108089_10901.jpg,Boxer,n02108089-boxer,train,200,200,24,16,174,183,Stanford Dogs
Images/n02108089-boxer/n02108089_10939.jpg,Boxer,n02108089-boxer,train,360,270,189,17,170,252,Stanford Dogs
Images/n02108089-boxer/n02108089_11001.jpg,Boxer,n02108089-boxer,train,500,404,19,15,465,355,Stanford Dogs
Images/n02108089-boxer/n02108089_11032.jpg,Boxer,n02108089-boxer,train,500,375,3,0,454,371,Stanford Dogs
Images/n02108089-boxer/n02108089_1104.jpg,Boxer,n02108089-boxer,test,500,375,2,26,497,348,Stanford Dogs
Images/n02108089-boxer/n02108089_11074.jpg,Boxer,n02108089-boxer,test,500,403,0,109,446,292,Stanford Dogs
Images/n02108089-boxer/n02108089_11122.jpg,Boxer,n02108089-boxer,test,375,500,22,136,351,362,Stanford Dogs
Images/n02108089-boxer/n02108089_11154.jpg,Boxer,n02108089-boxer,train,400,291,126,25,151,251,Stanford Dogs
Images/n02108089-boxer/n02108089_1159.jpg,Boxer,n02108089-boxer,test,500,333,133,56,366,276,Stanford Dogs
Images/n02108089-boxer/n02108089_11616.jpg,Boxer,n02108089-boxer,train,274,365,47,32,186,315,Stanford Dogs
Images/n02108089-boxer/n02108089_11687.jpg,Boxer,n02108089-boxer,test,500,333,133,50,302,282,Stanford Dogs
Images/n02108089-boxer/n02108089_117.jpg,Boxer,n02108089-boxer,test,500,334,40,0,459,333,Stanford Dogs
Images/n02108089-boxer/n02108089_11807.jpg,Boxer,n02108089-boxer,test,360,233,11,11,176,211,Stanford Dogs
Images/n02108089-boxer/n02108089_11875.jpg,Boxer,n02108089-boxer,test,240,259,6,18,216,225,Stanford Dogs
Images/n02108089-boxer/n02108089_122.jpg,Boxer,n02108089-boxer,test,500,375,100,27,350,334,Stanford Dogs
Images/n02108089-boxer/n02108089_12232.jpg,Boxer,n02108089-boxer,train,332,462,2,15,298,445,Stanford Dogs
Images/n02108089-boxer/n02108089_125.jpg,Boxer,n02108089-boxer,train,414,500,6,136,239,361,Stanford Dogs
Images/n02108089-boxer/n02108089_12738.jpg,Boxer,n02108089-boxer,test,500,375,68,37,353,337,Stanford Dogs
Images/n02108089-boxer/n02108089_12739.jpg,Boxer,n02108089-boxer,test,500,333,106,9,382,323,Stanford Dogs
Images/n02108089-boxer/n02108089_12827.jpg,Boxer,n02108089-boxer,train,500,375,82,38,262,336,Stanford Dogs
Images/n02108089-boxer/n02108089_13340.jpg,Boxer,n02108089-boxer,train,500,333,43,0,456,332,Stanford Dogs
Images/n02108089-boxer/n02108089_13526.jpg,Boxer,n02108089-boxer,test,500,332,111,86,339,173,Stanford Dogs
Images/n02108089-boxer/n02108089_1353.jpg,Boxer,n02108089-boxer,train,500,375,131,57,274,177,Stanford Dogs
Images/n02108089-boxer/n02108089_1355.jpg,Boxer,n02108089-boxer,train,500,333,49,14,343,318,Stanford Dogs
Images/n02108089-boxer/n02108089_1357.jpg,Boxer,n02108089-boxer,train,341,360,0,16,331,343,Stanford Dogs
Images/n02108089-boxer/n02108089_1367.jpg,Boxer,n02108089-boxer,train,500,356,10,35,489,320,Stanford Dogs
Images/n02108089-boxer/n02108089_13738.jpg,Boxer,n02108089-boxer,train,334,500,27,100,256,393,Stanford Dogs
Images/n02108089-boxer/n02108089_13839.jpg,Boxer,n02108089-boxer,train,500,375,108,41,161,238,Stanford Dogs
Images/n02108089-boxer/n02108089_13898.jpg,Boxer,n02108089-boxer,train,500,375,0,37,364,278,Stanford Dogs
Images/n02108089-boxer/n02108089_14074.jpg,Boxer,n02108089-boxer,train,539,400,0,9,522,389,Stanford Dogs
Images/n02108089-boxer/n02108089_1410.jpg,Boxer,n02108089-boxer,test,480,372,81,14,296,282,Stanford Dogs
Images/n02108089-boxer/n02108089_14112.jpg,Boxer,n02108089-boxer,test,251,200,20,7,224,192,Stanford Dogs
Images/n02108089-boxer/n02108089_1418.jpg,Boxer,n02108089-boxer,train,375,500,0,11,347,382,Stanford Dogs
Images/n02108089-boxer/n02108089_14659.jpg,Boxer,n02108089-boxer,train,500,375,57,12,410,361,Stanford Dogs
Images/n02108089-boxer/n02108089_14719.jpg,Boxer,n02108089-boxer,train,500,375,0,40,499,305,Stanford Dogs
Images/n02108089-boxer/n02108089_149.jpg,Boxer,n02108089-boxer,test,311,500,57,57,134,228,Stanford Dogs
Images/n02108089-boxer/n02108089_1511.jpg,Boxer,n02108089-boxer,test,366,390,26,28,222,345,Stanford Dogs
Images/n02108089-boxer/n02108089_15432.jpg,Boxer,n02108089-boxer,test,1077,1693,173,46,827,1608,Stanford Dogs
Images/n02108089-boxer/n02108089_1560.jpg,Boxer,n02108089-boxer,train,500,403,18,16,417,326,Stanford Dogs
Images/n02108089-boxer/n02108089_15702.jpg,Boxer,n02108089-boxer,train,340,360,28,24,275,335,Stanford Dogs
Images/n02108089-boxer/n02108089_1571.jpg,Boxer,n02108089-boxer,train,500,498,69,91,332,405,Stanford Dogs
Images/n02108089-boxer/n02108089_1575.jpg,Boxer,n02108089-boxer,test,300,223,0,12,221,210,Stanford Dogs
Images/n02108089-boxer/n02108089_1619.jpg,Boxer,n02108089-boxer,test,500,357,249,67,199,289,Stanford Dogs
Images/n02108089-boxer/n02108089_1626.jpg,Boxer,n02108089-boxer,train,375,500,47,0,324,496,Stanford Dogs
Images/n02108089-boxer/n02108089_1654.jpg,Boxer,n02108089-boxer,train,500,375,94,62,284,295,Stanford Dogs
Images/n02108089-boxer/n02108089_1672.jpg,Boxer,n02108089-boxer,test,375,500,38,75,252,423,Stanford Dogs
Images/n02108089-boxer/n02108089_1675.jpg,Boxer,n02108089-boxer,train,500,375,115,182,306,161,Stanford Dogs
Images/n02108089-boxer/n02108089_1690.jpg,Boxer,n02108089-boxer,train,500,375,159,49,280,325,Stanford Dogs
Images/n02108089-boxer/n02108089_1748.jpg,Boxer,n02108089-boxer,train,500,375,4,36,389,283,Stanford Dogs
Images/n02108089-boxer/n02108089_1757.jpg,Boxer,n02108089-boxer,train,375,500,20,75,353,420,Stanford Dogs
Images/n02108089-boxer/n02108089_1775.jpg,Boxer,n02108089-boxer,train,500,375,8,0,491,369,Stanford Dogs
Images/n02108089-boxer/n02108089_1859.jpg,Boxer,n02108089-boxer,train,1280,960,148,24,690,876,Stanford Dogs
Images/n02108089-boxer/n02108089_1912.jpg,Boxer,n02108089-boxer,train,500,378,0,62,380,301,Stanford Dogs
Images/n02108089-boxer/n02108089_1956.jpg,Boxer,n02108089-boxer,train,376,500,2,56,244,442,Stanford Dogs
Images/n02108089-boxer/n02108089_200.jpg,Boxer,n02108089-boxer,train,500,333,0,143,375,189,Stanford Dogs
Images/n02108089-boxer/n02108089_2007.jpg,Boxer,n02108089-boxer,test,334,500,0,76,290,334,Stanford Dogs
Images/n02108089-boxer/n02108089_2056.jpg,Boxer,n02108089-boxer,train,375,500,52,40,261,458,Stanford Dogs
Images/n02108089-boxer/n02108089_2106.jpg,Boxer,n02108089-boxer,train,405,500,93,92,227,381,Stanford Dogs
Images/n02108089-boxer/n02108089_2355.jpg,Boxer,n02108089-boxer,test,550,366,209,31,252,218,Stanford Dogs
Images/n02108089-boxer/n02108089_2360.jpg,Boxer,n02108089-boxer,test,500,375,91,7,406,367,Stanford Dogs
Images/n02108089-boxer/n02108089_2367.jpg,Boxer,n02108089-boxer,train,357,500,58,43,297,319,Stanford Dogs
Images/n02108089-boxer/n02108089_2432.jpg,Boxer,n02108089-boxer,train,360,336,37,22,269,296,Stanford Dogs
Images/n02108089-boxer/n02108089_2482.jpg,Boxer,n02108089-boxer,train,500,374,18,137,357,236,Stanford Dogs
Images/n02108089-boxer/n02108089_2526.jpg,Boxer,n02108089-boxer,test,500,375,36,34,423,220,Stanford Dogs
Images/n02108089-boxer/n02108089_2608.jpg,Boxer,n02108089-boxer,test,500,354,2,2,493,351,Stanford Dogs
Images/n02108089-boxer/n02108089_2653.jpg,Boxer,n02108089-boxer,train,466,500,32,0,432,498,Stanford Dogs
Images/n02108089-boxer/n02108089_2670.jpg,Boxer,n02108089-boxer,test,500,375,42,0,403,374,Stanford Dogs
Images/n02108089-boxer/n02108089_268.jpg,Boxer,n02108089-boxer,train,500,421,168,103,139,164,Stanford Dogs
Images/n02108089-boxer/n02108089_2718.jpg,Boxer,n02108089-boxer,train,500,375,173,99,287,263,Stanford Dogs
Images/n02108089-boxer/n02108089_2723.jpg,Boxer,n02108089-boxer,test,500,375,69,30,332,336,Stanford Dogs
Images/n02108089-boxer/n02108089_2740.jpg,Boxer,n02108089-boxer,train,396,500,2,3,386,488,Stanford Dogs
Images/n02108089-boxer/n02108089_2741.jpg,Boxer,n02108089-boxer,train,500,375,0,2,392,372,Stanford Dogs
Images/n02108089-boxer/n02108089_2791.jpg,Boxer,n02108089-boxer,train,428,276,31,26,340,141,Stanford Dogs
Images/n02108089-boxer/n02108089_2796.jpg,Boxer,n02108089-boxer,train,333,500,56,31,250,412,Stanford Dogs
Images/n02108089-boxer/n02108089_2815.jpg,Boxer,n02108089-boxer,train,375,500,82,26,249,472,Stanford Dogs
Images/n02108089-boxer/n02108089_2831.jpg,Boxer,n02108089-boxer,test,375,500,147,182,154,239,Stanford Dogs
Images/n02108089-boxer/n02108089_2917.jpg,Boxer,n02108089-boxer,train,301,425,65,22,155,354,Stanford Dogs
Images/n02108089-boxer/n02108089_2953.jpg,Boxer,n02108089-boxer,train,500,302,109,23,388,278,Stanford Dogs
Images/n02108089-boxer/n02108089_3028.jpg,Boxer,n02108089-boxer,train,500,375,181,20,216,354,Stanford Dogs
Images/n02108089-boxer/n02108089_3162.jpg,Boxer,n02108089-boxer,train,500,398,33,128,413,188,Stanford Dogs
Images/n02108089-boxer/n02108089_3236.jpg,Boxer,n02108089-boxer,test,160,160,1,1,158,158,Stanford Dogs
Images/n02108089-boxer/n02108089_3248.jpg,Boxer,n02108089-boxer,test,428,276,214,144,105,61,Stanford Dogs
Images/n02108089-boxer/n02108089_3258.jpg,Boxer,n02108089-boxer,train,320,240,27,46,236,193,Stanford Dogs
Images/n02108089-boxer/n02108089_3269.jpg,Boxer,n02108089-boxer,test,500,375,62,15,392,289,Stanford Dogs
Images/n02108089-boxer/n02108089_3365.jpg,Boxer,n02108089-boxer,train,500,375,73,42,426,307,Stanford Dogs
Images/n02108089-boxer/n02108089_3395.jpg,Boxer,n02108089-boxer,test,288,360,49,23,226,327,Stanford Dogs
Images/n02108089-boxer/n02108089_3400.jpg,Boxer,n02108089-boxer,test,500,375,0,131,324,120,Stanford Dogs
Images/n02108089-boxer/n02108089_3412.jpg,Boxer,n02108089-boxer,train,500,500,0,0,498,498,Stanford Dogs
Images/n02108089-boxer/n02108089_3547.jpg,Boxer,n02108089-boxer,train,375,500,55,25,267,470,Stanford Dogs
Images/n02108089-boxer/n02108089_3557.jpg,Boxer,n02108089-boxer,train,360,259,0,13,352,245,Stanford Dogs
Images/n02108089-boxer/n02108089_3669.jpg,Boxer,n02108089-boxer,train,400,354,5,0,381,353,Stanford Dogs
Images/n02108089-boxer/n02108089_3899.jpg,Boxer,n02108089-boxer,train,740,1064,5,202,732,859,Stanford Dogs
Images/n02108089-boxer/n02108089_395.jpg,Boxer,n02108089-boxer,test,500,400,4,48,486,351,Stanford Dogs
Images/n02108089-boxer/n02108089_4002.jpg,Boxer,n02108089-boxer,train,400,300,66,30,280,269,Stanford Dogs
Images/n02108089-boxer/n02108089_4042.jpg,Boxer,n02108089-boxer,train,500,375,220,124,279,250,Stanford Dogs
Images/n02108089-boxer/n02108089_4076.jpg,Boxer,n02108089-boxer,train,336,500,70,12,212,486,Stanford Dogs
Images/n02108089-boxer/n02108089_4119.jpg,Boxer,n02108089-boxer,train,500,375,170,40,329,334,Stanford Dogs
Images/n02108089-boxer/n02108089_4158.jpg,Boxer,n02108089-boxer,train,190,175,3,7,182,167,Stanford Dogs
Images/n02108089-boxer/n02108089_4440.jpg,Boxer,n02108089-boxer,test,333,500,0,107,331,391,Stanford Dogs
Images/n02108089-boxer/n02108089_4486.jpg,Boxer,n02108089-boxer,train,500,372,84,69,284,302,Stanford Dogs
Images/n02108089-boxer/n02108089_4681.jpg,Boxer,n02108089-boxer,test,334,500,0,61,226,436,Stanford Dogs
Images/n02108089-boxer/n02108089_4730.jpg,Boxer,n02108089-boxer,train,500,375,0,0,492,374,Stanford Dogs
Images/n02108089-boxer/n02108089_485.jpg,Boxer,n02108089-boxer,train,500,357,0,49,298,307,Stanford Dogs
Images/n02108089-boxer/n02108089_4865.jpg,Boxer,n02108089-boxer,train,500,375,145,0,344,372,Stanford Dogs
Images/n02108089-boxer/n02108089_4989.jpg,Boxer,n02108089-boxer,test,333,500,75,15,256,483,Stanford Dogs
Images/n02108089-boxer/n02108089_5043.jpg,Boxer,n02108089-boxer,train,500,375,252,111,222,248,Stanford Dogs
Images/n02108089-boxer/n02108089_522.jpg,Boxer,n02108089-boxer,train,500,333,189,117,102,165,Stanford Dogs
Images/n02108089-boxer/n02108089_5266.jpg,Boxer,n02108089-boxer,train,500,375,73,11,348,340,Stanford Dogs
Images/n02108089-boxer/n02108089_530.jpg,Boxer,n02108089-boxer,train,266,200,46,21,156,153,Stanford Dogs
Images/n02108089-boxer/n02108089_5301.jpg,Boxer,n02108089-boxer,train,399,500,0,181,330,317,Stanford Dogs
Images/n02108089-boxer/n02108089_540.jpg,Boxer,n02108089-boxer,train,331,500,51,10,246,343,Stanford Dogs
Images/n02108089-boxer/n02108089_5423.jpg,Boxer,n02108089-boxer,test,500,333,48,87,268,207,Stanford Dogs
Images/n02108089-boxer/n02108089_5599.jpg,Boxer,n02108089-boxer,test,200,261,16,11,183,249,Stanford Dogs
Images/n02108089-boxer/n02108089_5614.jpg,Boxer,n02108089-boxer,test,500,375,0,59,419,301,Stanford Dogs
Images/n02108089-boxer/n02108089_5753.jpg,Boxer,n02108089-boxer,train,400,380,15,10,371,369,Stanford Dogs
Images/n02108089-boxer/n02108089_5977.jpg,Boxer,n02108089-boxer,test,462,333,78,0,326,331,Stanford Dogs
Images/n02108089-boxer/n02108089_6008.jpg,Boxer,n02108089-boxer,test,841,795,312,163,505,562,Stanford Dogs
Images/n02108089-boxer/n02108089_6223.jpg,Boxer,n02108089-boxer,train,400,300,66,97,122,157,Stanford Dogs
Images/n02108089-boxer/n02108089_625.jpg,Boxer,n02108089-boxer,train,375,500,2,107,371,390,Stanford Dogs
Images/n02108089-boxer/n02108089_6295.jpg,Boxer,n02108089-boxer,train,500,333,74,10,425,322,Stanford Dogs
Images/n02108089-boxer/n02108089_6418.jpg,Boxer,n02108089-boxer,train,302,227,0,11,271,215,Stanford Dogs
Images/n02108089-boxer/n02108089_6429.jpg,Boxer,n02108089-boxer,test,300,443,91,192,187,242,Stanford Dogs
Images/n02108089-boxer/n02108089_6583.jpg,Boxer,n02108089-boxer,train,500,366,0,43,428,322,Stanford Dogs
Images/n02108089-boxer/n02108089_69.jpg,Boxer,n02108089-boxer,train,360,297,76,19,226,276,Stanford Dogs
Images/n02108089-boxer/n02108089_7259.jpg,Boxer,n02108089-boxer,train,500,375,1,1,485,309,Stanford Dogs
Images/n02108089-boxer/n02108089_7319.jpg,Boxer,n02108089-boxer,train,500,396,20,0,420,395,Stanford Dogs
Images/n02108089-boxer/n02108089_7431.jpg,Boxer,n02108089-boxer,test,500,375,59,78,440,296,Stanford Dogs
Images/n02108089-boxer/n02108089_7456.jpg,Boxer,n02108089-boxer,train,500,357,201,135,120,115,Stanford Dogs
Images/n02108089-boxer/n02108089_770.jpg,Boxer,n02108089-boxer,train,500,375,123,0,243,329,Stanford Dogs
Images/n02108089-boxer/n02108089_78.jpg,Boxer,n02108089-boxer,train,375,500,95,55,278,443,Stanford Dogs
Images/n02108089-boxer/n02108089_7853.jpg,Boxer,n02108089-boxer,test,340,255,37,35,226,219,Stanford Dogs
Images/n02108089-boxer/n02108089_813.jpg,Boxer,n02108089-boxer,train,500,375,162,1,334,366,Stanford Dogs
Images/n02108089-boxer/n02108089_836.jpg,Boxer,n02108089-boxer,train,500,333,0,0,499,331,Stanford Dogs
Images/n02108089-boxer/n02108089_849.jpg,Boxer,n02108089-boxer,test,303,221,42,11,226,209,Stanford Dogs
Images/n02108089-boxer/n02108089_8739.jpg,Boxer,n02108089-boxer,test,476,340,2,80,362,258,Stanford Dogs
Images/n02108089-boxer/n02108089_8969.jpg,Boxer,n02108089-boxer,train,500,375,2,144,360,220,Stanford Dogs
Images/n02108089-boxer/n02108089_9045.jpg,Boxer,n02108089-boxer,train,333,500,7,138,237,353,Stanford Dogs
Images/n02108089-boxer/n02108089_9076.jpg,Boxer,n02108089-boxer,test,500,374,9,0,293,373,Stanford Dogs
Images/n02108089-boxer/n02108089_922.jpg,Boxer,n02108089-boxer,train,375,500,0,102,373,396,Stanford Dogs
Images/n02108089-boxer/n02108089_926.jpg,Boxer,n02108089-boxer,train,250,500,37,386,124,96,Stanford Dogs
Images/n02108089-boxer/n02108089_931.jpg,Boxer,n02108089-boxer,test,500,375,63,0,390,374,Stanford Dogs
Images/n02108089-boxer/n02108089_959.jpg,Boxer,n02108089-boxer,train,500,375,158,29,259,345,Stanford Dogs
Images/n02108089-boxer/n02108089_9724.jpg,Boxer,n02108089-boxer,test,375,500,68,68,275,415,Stanford Dogs
Images/n02108089-boxer/n02108089_9778.jpg,Boxer,n02108089-boxer,train,500,374,21,27,345,320,Stanford Dogs
Images/n02108089-boxer/n02108089_995.jpg,Boxer,n02108089-boxer,train,500,357,0,0,499,356,Stanford Dogs
Images/n02109047-Great_Dane/n02109047_1005.jpg,Great Dane,n02109047-Great_Dane,train,400,500,71,35,279,463,Stanford Dogs
Images/n02109047-Great_Dane/n02109047_10112.jpg,Great Dane,n02109047-Great_Dane,train,500,379,81,0,345,378,Stanford Dogs
Images/n02109047-Great_Dane/n02109047_10160.jpg,Great Dane,n02109047-Great_Dane,test,500,375,3,19,496,274,Stanford Dogs
Images/n02109047-Great_Dane/n02109047_10414.jpg,Great Dane,n02109047-Great_Dane,train,540,586,2,4,488,558,Stanford Dogs
Images/n02109047-Great_Dane/n02109047_11178.jpg,Great Dane,n02109047-Great_Dane,test,500,333,118,0,287,328,Stanford Dogs
Images/n02109047-Great_Dane/n02109047_11184.jpg,Great Dane,n02109047-Great_Dane,train,313,500,20,8,250,490,Stanford Dogs
Images/n02109047-Great_Dane/n02109047_11472.jpg,Great Dane,n02109047-Great_Dane,train,500,334,120,51,288,282,Stanford Dogs
Images/n02109047-Great_Dane/n02109047_12085.jpg,Great Dane,n02109047-Great_Dane,test,190,250,9,4,167,236,Stanford Dogs
Images/n02109047-Great_Dane/n02109047_12193.jpg,Great Dane,n02109047-Great_Dane,train,500,500,21,35,454,425,Stanford Dogs
Images/n02109047-Great_Dane/n02109047_12467.jpg,Great Dane,n02109047-Great_Dane,test,500,333,175,88,263,212,Stanford Dogs
Images/n02109047-Great_Dane/n02109047_12569.jpg,Great Dane,n02109047-Great_Dane,test,336,500,62,201,233,229,Stanford Dogs
Images/n02109047-Great_Dane/n02109047_1260.jpg,Great Dane,n02109047-Great_Dane,train,500,375,66,7,274,366,Stanford Dogs
Images/n02109047-Great_Dane/n02109047_12678.jpg,Great Dane,n02109047-Great_Dane,test,341,310,1,2,286,307,Stanford Dogs
Images/n02109047-Great_Dane/n02109047_12726.jpg,Great Dane,n02109047-Great_Dane,train,500,375,0,37,391,337,Stanford Dogs
Images/n02109047-Great_Dane/n02109047_1284.jpg,Great Dane,n02109047-Great_Dane,train,500,413,6,9,492,400,Stanford Dogs
Images/n02109047-Great_Dane/n02109047_12899.jpg,Great Dane,n02109047-Great_Dane,train,375,500,158,173,215,325,Stanford Dogs
Images/n02109047-Great_Dane/n02109047_12916.jpg,Great Dane,n02109047-Great_Dane,test,375,500,33,96,303,402,Stanford Dogs
Images/n02109047-Great_Dane/n02109047_12966.jpg,Great Dane,n02109047-Great_Dane,test,500,375,263,62,155,254,Stanford Dogs
Images/n02109047-Great_Dane/n02109047_13016.jpg,Great Dane,n02109047-Great_Dane,train,500,375,54,9,251,365,Stanford Dogs
Images/n02109047-Great_Dane/n02109047_13040.jpg,Great Dane,n02109047-Great_Dane,train,576,700,110,66,446,544,Stanford Dogs
Images/n02109047-Great_Dane/n02109047_13072.jpg,Great Dane,n02109047-Great_Dane,test,233,320,47,24,134,295,Stanford Dogs
Images/n02109047-Great_Dane/n02109047_13211.jpg,Great Dane,n02109047-Great_Dane,test,333,500,27,147,304,351,Stanford Dogs
Images/n02109047-Great_Dane/n02109047_1371.jpg,Great Dane,n02109047-Great_Dane,test,374,500,51,121,302,357,Stanford Dogs
Images/n02109047-Great_Dane/n02109047_13730.jpg,Great Dane,n02109047-Great_Dane,test,421,500,3,6,359,492,Stanford Dogs
Images/n02109047-Great_Dane/n02109047_13744.jpg,Great Dane,n02109047-Great_Dane,train,488,500,57,108,378,374,Stanford Dogs
Images/n02109047-Great_Dane/n02109047_13868.jpg,Great Dane,n02109047-Great_Dane,train,250,297,0,13,234,277,Stanford Dogs
Images/n02109047-Great_Dane/n02109047_13977.jpg,Great Dane,n02109047-Great_Dane,train,500,398,165,51,198,346,Stanford Dogs
Images/n02109047-Great_Dane/n02109047_14013.jpg,Great Dane,n02109047-Great_Dane,train,500,379,89,127,196,168,Stanford Dogs
Images/n02109047-Great_Dane/n02109047_1449.jpg,Great Dane,n02109047-Great_Dane,train,500,375,202,0,297,374,Stanford Dogs
Images/n02109047-Great_Dane/n02109047_1480.jpg,Great Dane,n02109047-Great_Dane,train,500,396,31,125,423,224,Stanford Dogs
Images/n02109047-Great_Dane/n02109047_1533.jpg,Great Dane,n02109047-Great_Dane,train,1600,1200,391,173,1022,902,Stanford Dogs
Images/n02109047-Great_Dane/n02109047_1659.jpg,Great Dane,n02109047-Great_Dane,train,375,500,92,82,166,411,Stanford Dogs
Images/n02109047-Great_Dane/n02109047_1672.jpg,Great Dane,n02109047-Great_Dane,train,519,800,40,30,470,734,Stanford Dogs
Images/n02109047-Great_Dane/n02109047_16735.jpg,Great Dane,n02109047-Great_Dane,train,403,478,77,45,279,421,Stanford Dogs
Images/n02109047-Great_Dane/n02109047_17050.jpg,Great Dane,n02109047-Great_Dane,train,906,800,192,96,488,564,Stanford Dogs
Images/n02109047-Great_Dane/n02109047_17629.jpg,Great Dane,n02109047-Great_Dane,train,594,800,128,50,380,686,Stanford Dogs
Images/n02109047-Great_Dane/n02109047_17874.jpg,Great Dane,n02109047-Great_Dane,train,450,600,91,61,237,389,Stanford Dogs
Images/n02109047-Great_Dane/n02109047_1813.jpg,Great Dane,n02109047-Great_Dane,test,375,500,85,1,196,494,Stanford Dogs
Images/n02109047-Great_Dane/n02109047_18490.jpg,Great Dane,n02109047-Great_Dane,test,469,625,3,114,464,509,Stanford Dogs
Images/n02109047-Great_Dane/n02109047_18614.jpg,Great Dane,n02109047-Great_Dane,train,450,600,103,150,230,447,Stanford Dogs
Images/n02109047-Great_Dane/n02109047_1876.jpg,Great Dane,n02109047-Great_Dane,test,500,333,252,1,247,317,Stanford Dogs
Images/n02109047-Great_Dane/n02109047_19775.jpg,Great Dane,n02109047-Great_Dane,train,1496,2083,364,192,720,1823,Stanford Dogs
Images/n02109047-Great_Dane/n02109047_19984.jpg,Great Dane,n02109047-Great_Dane,train,1024,686,279,77,419,586,Stanford Dogs
Images/n02109047-Great_Dane/n02109047_20023.jpg,Great Dane,n02109047-Great_Dane,train,600,450,174,91,141,357,Stanford Dogs
Images/n02109047-Great_Dane/n02109047_2009.jpg,Great Dane,n02109047-Great_Dane,train,338,460,0,81,295,377,Stanford Dogs
Images/n02109047-Great_Dane/n02109047_20229.jpg,Great Dane,n02109047-Great_Dane,test,502,625,1,3,491,620,Stanford Dogs
Images/n02109047-Great_Dane/n02109047_2072.jpg,Great Dane,n02109047-Great_Dane,train,500,375,137,29,251,345,Stanford Dogs
Images/n02109047-Great_Dane/n02109047_20770.jpg,Great Dane,n02109047-Great_Dane,train,375,500,1,58,289,415,Stanford Dogs
Images/n02109047-Great_Dane/n02109047_21567.jpg,Great Dane,n02109047-Great_Dane,train,800,779,15,202,490,575,Stanford Dogs
Images/n02109047-Great_Dane/n02109047_21589.jpg,Great Dane,n02109047-Great_Dane,train,434,500,88,47,232,423,Stanford Dogs
Images/n02109047-Great_Dane/n02109047_21692.jpg,Great Dane,n02109047-Great_Dane,train,500,445,182,59,130,384,Stanford Dogs
Images/n02109047-Great_Dane/n02109047_21903.jpg,Great Dane,n02109047-Great_Dane,train,850,638,241,81,351,520,Stanford Dogs
Images/n02109047-Great_Dane/n02109047_22006.jpg,Great Dane,n02109047-Great_Dane,train,375,500,26,33,319,414,Stanford Dogs
Images/n02109047-Great_Dane/n02109047_22193.jpg,Great Dane,n02109047-Great_Dane,train,600,450,150,18,274,430,Stanford Dogs
Images/n02109047-Great_Dane/n02109047_22413.jpg,Great Dane,n02109047-Great_Dane,train,640,1134,76,193,561,938,Stanford Dogs
Images/n02109047-Great_Dane/n02109047_2248.jpg,Great Dane,n02109047-Great_Dane,test,800,600,1,0,543,598,Stanford Dogs
Images/n02109047-Great_Dane/n02109047_22481.jpg,Great Dane,n02109047-Great_Dane,train,800,600,109,0,401,598,Stanford Dogs
Images/n02109047-Great_Dane/n02109047_22955.jpg,Great Dane,n02109047-Great_Dane,train,914,1216,48,176,765,1000,Stanford Dogs
Images/n02109047-Great_Dane/n02109047_23058.jpg,Great Dane,n02109047-Great_Dane,train,500,666,121,61,365,600,Stanford Dogs
Images/n02109047-Great_Dane/n02109047_23483.jpg,Great Dane,n02109047-Great_Dane,train,375,500,40,25,283,471,Stanford Dogs
Images/n02109047-Great_Dane/n02109047_2358.jpg,Great Dane,n02109047-Great_Dane,test,375,500,50,138,178,360,Stanford Dogs
Images/n02109047-Great_Dane/n02109047_23814.jpg,Great Dane,n02109047-Great_Dane,test,500,333,81,120,400,137,Stanford Dogs
Images/n02109047-Great_Dane/n02109047_23852.jpg,Great Dane,n02109047-Great_Dane,train,500,479,101,47,288,376,Stanford Dogs
Images/n02109047-Great_Dane/n02109047_24258.jpg,Great Dane,n02109047-Great_Dane,test,500,440,75,37,423,401,Stanford Dogs
Images/n02109047-Great_Dane/n02109047_24340.jpg,Great Dane,n02109047-Great_Dane,train,700,630,72,149,594,473,Stanford Dogs
Images/n02109047-Great_Dane/n02109047_2465.jpg,Great Dane,n02109047-Great_Dane,train,329,376,24,94,188,281,Stanford Dogs
Images/n02109047-Great_Dane/n02109047_24710.jpg,Great Dane,n02109047-Great_Dane,test,490,640,51,52,398,586,Stanford Dogs
Images/n02109047-Great_Dane/n02109047_2475.jpg,Great Dane,n02109047-Great_Dane,train,500,375,158,0,159,276,Stanford Dogs
Images/n02109047-Great_Dane/n02109047_24773.jpg,Great Dane,n02109047-Great_Dane,test,500,375,109,12,255,361,Stanford Dogs
Images/n02109047-Great_Dane/n02109047_2527.jpg,Great Dane,n02109047-Great_Dane,test,425,343,35,25,376,315,Stanford Dogs
Images/n02109047-Great_Dane/n02109047_25277.jpg,Great Dane,n02109047-Great_Dane,train,469,625,81,9,294,541,Stanford Dogs
Images/n02109047-Great_Dane/n02109047_25291.jpg,Great Dane,n02109047-Great_Dane,test,337,500,21,22,293,435,Stanford Dogs
Images/n02109047-Great_Dane/n02109047_25342.jpg,Great Dane,n02109047-Great_Dane,train,500,403,1,74,368,327,Stanford Dogs
Images/n02109047-Great_Dane/n02109047_2553.jpg,Great Dane,n02109047-Great_Dane,test,800,760,125,93,576,610,Stanford Dogs
Images/n02109047-Great_Dane/n02109047_25603.jpg,Great Dane,n02109047-Great_Dane,test,625,469,110,106,322,361,Stanford Dogs
Images/n02109047-Great_Dane/n02109047_25719.jpg,Great Dane,n02109047-Great_Dane,train,640,480,170,73,310,333,Stanford Dogs
Images/n02109047-Great_Dane/n02109047_25779.jpg,Great Dane,n02109047-Great_Dane,test,500,393,40,82,373,276,Stanford Dogs
Images/n02109047-Great_Dane/n02109047_26134.jpg,Great Dane,n02109047-Great_Dane,train,640,1511,0,302,549,1122,Stanford Dogs
Images/n02109047-Great_Dane/n02109047_2630.jpg,Great Dane,n02109047-Great_Dane,train,375,500,0,98,372,374,Stanford Dogs
Images/n02109047-Great_Dane/n02109047_26729.jpg,Great Dane,n02109047-Great_Dane,train,497,640,16,38,464,574,Stanford Dogs
Images/n02109047-Great_Dane/n02109047_26860.jpg,Great Dane,n02109047-Great_Dane,train,625,363,16,30,575,311,Stanford Dogs
Images/n02109047-Great_Dane/n02109047_27131.jpg,Great Dane,n02109047-Great_Dane,train,341,455,120,28,177,399,Stanford Dogs
Images/n02109047-Great_Dane/n02109047_27409.jpg,Great Dane,n02109047-Great_Dane,train,625,352,101,37,482,296,Stanford Dogs
Images/n02109047-Great_Dane/n02109047_27476.jpg,Great Dane,n02109047-Great_Dane,train,475,800,176,272,286,472,Stanford Dogs
Images/n02109047-Great_Dane/n02109047_2810.jpg,Great Dane,n02109047-Great_Dane,test,500,386,1,21,414,364,Stanford Dogs
Images/n02109047-Great_Dane/n02109047_282.jpg,Great Dane,n02109047-Great_Dane,test,333,500,0,22,331,476,Stanford Dogs
Images/n02109047-Great_Dane/n02109047_28208.jpg,Great Dane,n02109047-Great_Dane,train,1280,1182,153,50,1005,1093,Stanford Dogs
Images/n02109047-Great_Dane/n02109047_28433.jpg,Great Dane,n02109047-Great_Dane,train,600,450,72,43,332,364,Stanford Dogs
Images/n02109047-Great_Dane/n02109047_2851.jpg,Great Dane,n02109047-Great_Dane,train,600,341,91,91,491,226,Stanford Dogs
Images/n02109047-Great_Dane/n02109047_2859.jpg,Great Dane,n02109047-Great_Dane,train,587,800,188,190,288,530,Stanford Dogs
Images/n02109047-Great_Dane/n02109047_3001.jpg,Great Dane,n02109047-Great_Dane,train,330,500,0,62,287,421,Stanford Dogs
Images/n02109047-Great_Dane/n02109047_30923.jpg,Great Dane,n02109047-Great_Dane,test,625,469,15,1,520,466,Stanford Dogs
Images/n02109047-Great_Dane/n02109047_31049.jpg,Great Dane,n02109047-Great_Dane,train,604,453,47,44,496,406,Stanford Dogs
Images/n02109047-Great_Dane/n02109047_31117.jpg,Great Dane,n02109047-Great_Dane,train,1106,1200,252,186,658,855,Stanford Dogs
Images/n02109047-Great_Dane/n02109047_31274.jpg,Great Dane,n02109047-Great_Dane,train,600,450,100,37,371,375,Stanford Dogs
Images/n02109047-Great_Dane/n02109047_31376.jpg,Great Dane,n02109047-Great_Dane,train,600,400,34,81,487,211,Stanford Dogs
Images/n02109047-Great_Dane/n02109047_31522.jpg,Great Dane,n02109047-Great_Dane,test,536,800,26,344,486,408,Stanford Dogs
Images/n02109047-Great_Dane/n02109047_31830.jpg,Great Dane,n02109047-Great_Dane,train,800,577,116,14,538,551,Stanford Dogs
Images/n02109047-Great_Dane/n02109047_32010.jpg,Great Dane,n02109047-Great_Dane,train,569,480,66,46,452,410,Stanford Dogs
Images/n02109047-Great_Dane/n02109047_32635.jpg,Great Dane,n02109047-Great_Dane,train,800,1067,321,227,305,818,Stanford Dogs
Images/n02109047-Great_Dane/n02109047_32692.jpg,Great Dane,n02109047-Great_Dane,train,640,1063,21,58,544,962,Stanford Dogs
Images/n02109047-Great_Dane/n02109047_33029.jpg,Great Dane,n02109047-Great_Dane,train,450,600,58,138,240,460,Stanford Dogs
Images/n02109047-Great_Dane/n02109047_33047.jpg,Great Dane,n02109047-Great_Dane,train,625,469,109,73,514,394,Stanford Dogs
Images/n02109047-Great_Dane/n02109047_33588.jpg,Great Dane,n02109047-Great_Dane,test,520,390,81,10,424,347,Stanford Dogs
Images/n02109047-Great_Dane/n02109047_33651.jpg,Great Dane,n02109047-Great_Dane,test,625,469,103,1,436,466,Stanford Dogs
Images/n02109047-Great_Dane/n02109047_34022.jpg,Great Dane,n02109047-Great_Dane,train,625,469,124,7,367,460,Stanford Dogs
Images/n02109047-Great_Dane/n02109047_34093.jpg,Great Dane,n02109047-Great_Dane,test,553,738,0,208,549,469,Stanford Dogs
Images/n02109047-Great_Dane/n02109047_34102.jpg,Great Dane,n02109047-Great_Dane,train,425,567,14,78,362,460,Stanford Dogs
Images/n02109047-Great_Dane/n02109047_34148.jpg,Great Dane,n02109047-Great_Dane,test,800,774,48,67,690,683,Stanford Dogs
Images/n02109047-Great_Dane/n02109047_34162.jpg,Great Dane,n02109047-Great_Dane,train,640,480,50,8,533,432,Stanford Dogs
Images/n02109047-Great_Dane/n02109047_34175.jpg,Great Dane,n02109047-Great_Dane,train,633,800,86,66,516,688,Stanford Dogs
Images/n02109047-Great_Dane/n02109047_34209.jpg,Great Dane,n02109047-Great_Dane,test,414,481,113,172,238,293,Stanford Dogs
Images/n02109047-Great_Dane/n02109047_3643.jpg,Great Dane,n02109047-Great_Dane,test,480,500,0,0,478,486,Stanford Dogs
Images/n02109047-Great_Dane/n02109047_4267.jpg,Great Dane,n02109047-Great_Dane,test,250,177,35,11,195,152,Stanford Dogs
Images/n02109047-Great_Dane/n02109047_481.jpg,Great Dane,n02109047-Great_Dane,test,333,500,0,85,292,396,Stanford Dogs
Images/n02109047-Great_Dane/n02109047_4884.jpg,Great Dane,n02109047-Great_Dane,test,500,375,108,0,391,374,Stanford Dogs
Images/n02109047-Great_Dane/n02109047_5005.jpg,Great Dane,n02109047-Great_Dane,test,180,316,1,0,178,314,Stanford Dogs
Images/n02109047-Great_Dane/n02109047_5181.jpg,Great Dane,n02109047-Great_Dane,train,447,640,94,100,223,477,Stanford Dogs
Images/n02109047-Great_Dane/n02109047_5326.jpg,Great Dane,n02109047-Great_Dane,train,500,375,1,9,498,365,Stanford Dogs
Images/n02109047-Great_Dane/n02109047_5331.jpg,Great Dane,n02109047-Great_Dane,test,375,500,23,35,344,463,Stanford Dogs
Images/n02109047-Great_Dane/n02109047_5573.jpg,Great Dane,n02109047-Great_Dane,train,500,333,164,76,271,256,Stanford Dogs
Images/n02109047-Great_Dane/n02109047_5588.jpg,Great Dane,n02109047-Great_Dane,train,333,500,75,141,169,264,Stanford Dogs
Images/n02109047-Great_Dane/n02109047_5618.jpg,Great Dane,n02109047-Great_Dane,test,333,500,23,32,308,466,Stanford Dogs
Images/n02109047-Great_Dane/n02109047_562.jpg,Great Dane,n02109047-Great_Dane,test,500,375,108,95,321,233,Stanford Dogs
Images/n02109047-Great_Dane/n02109047_5675.jpg,Great Dane,n02109047-Great_Dane,train,381,500,63,42,277,456,Stanford Dogs
Images/n02109047-Great_Dane/n02109047_5822.jpg,Great Dane,n02109047-Great_Dane,train,500,459,131,206,255,242,Stanford Dogs
Images/n02109047-Great_Dane/n02109047_5894.jpg,Great Dane,n02109047-Great_Dane,train,333,500,51,68,256,428,Stanford Dogs
Images/n02109047-Great_Dane/n02109047_5910.jpg,Great Dane,n02109047-Great_Dane,test,500,375,45,70,390,176,Stanford Dogs
Images/n02109047-Great_Dane/n02109047_5936.jpg,Great Dane,n02109047-Great_Dane,train,500,500,118,122,259,354,Stanford Dogs
Images/n02109047-Great_Dane/n02109047_6008.jpg,Great Dane,n02109047-Great_Dane,train,640,853,49,0,394,850,Stanford Dogs
Images/n02109047-Great_Dane/n02109047_6042.jpg,Great Dane,n02109047-Great_Dane,train,500,375,64,63,301,311,Stanford Dogs
Images/n02109047-Great_Dane/n02109047_6061.jpg,Great Dane,n02109047-Great_Dane,test,500,341,199,140,188,128,Stanford Dogs
Images/n02109047-Great_Dane/n02109047_6093.jpg,Great Dane,n02109047-Great_Dane,train,500,400,18,87,418,311,Stanford Dogs
Images/n02109047-Great_Dane/n02109047_6265.jpg,Great Dane,n02109047-Great_Dane,train,600,450,238,162,303,285,Stanford Dogs
Images/n02109047-Great_Dane/n02109047_6276.jpg,Great Dane,n02109047-Great_Dane,test,500,375,46,54,414,320,Stanford Dogs
Images/n02109047-Great_Dane/n02109047_638.jpg,Great Dane,n02109047-Great_Dane,train,500,375,311,66,62,141,Stanford Dogs
Images/n02109047-Great_Dane/n02109047_6447.jpg,Great Dane,n02109047-Great_Dane,train,500,333,120,18,229,301,Stanford Dogs
Images/n02109047-Great_Dane/n02109047_6680.jpg,Great Dane,n02109047-Great_Dane,test,500,447,133,8,305,437,Stanford Dogs
Images/n02109047-Great_Dane/n02109047_7072.jpg,Great Dane,n02109047-Great_Dane,train,269,225,34,6,225,218,Stanford Dogs
Images/n02109047-Great_Dane/n02109047_7156.jpg,Great Dane,n02109047-Great_Dane,test,500,333,0,1,434,331,Stanford Dogs
Images/n02109047-Great_Dane/n02109047_7227.jpg,Great Dane,n02109047-Great_Dane,train,500,408,2,37,464,368,Stanford Dogs
Images/n02109047-Great_Dane/n02109047_744.jpg,Great Dane,n02109047-Great_Dane,test,500,333,133,15,365,316,Stanford Dogs
Images/n02109047-Great_Dane/n02109047_8090.jpg,Great Dane,n02109047-Great_Dane,test,400,295,8,8,357,266,Stanford Dogs
Images/n02109047-Great_Dane/n02109047_8139.jpg,Great Dane,n02109047-Great_Dane,train,480,319,0,14,405,304,Stanford Dogs
Images/n02109047-Great_Dane/n02109047_875.jpg,Great Dane,n02109047-Great_Dane,train,416,500,15,20,369,478,Stanford Dogs
Images/n02109047-Great_Dane/n02109047_888.jpg,Great Dane,n02109047-Great_Dane,test,410,368,51,36,304,296,Stanford Dogs
Images/n02109047-Great_Dane/n02109047_8912.jpg,Great Dane,n02109047-Great_Dane,train,640,392,87,5,466,381,Stanford Dogs
Images/n02109047-Great_Dane/n02109047_906.jpg,Great Dane,n02109047-Great_Dane,train,500,375,161,65,180,308,Stanford Dogs
Images/n02109047-Great_Dane/n02109047_9164.jpg,Great Dane,n02109047-Great_Dane,test,454,484,61,50,308,386,Stanford Dogs
Images/n02109047-Great_Dane/n02109047_926.jpg,Great Dane,n02109047-Great_Dane,test,378,500,0,75,355,423,Stanford Dogs
Images/n02109047-Great_Dane/n02109047_9396.jpg,Great Dane,n02109047-Great_Dane,train,500,332,33,2,366,306,Stanford Dogs
Images/n02109047-Great_Dane/n02109047_94.jpg,Great Dane,n02109047-Great_Dane,test,404,500,155,143,220,355,Stanford Dogs
Images/n02109047-Great_Dane/n02109047_941.jpg,Great Dane,n02109047-Great_Dane,train,449,500,43,121,350,366,Stanford Dogs
Images/n02109047-Great_Dane/n02109047_946.jpg,Great Dane,n02109047-Great_Dane,test,365,500,38,62,143,435,Stanford Dogs
Images/n02109047-Great_Dane/n02109047_9503.jpg,Great Dane,n02109047-Great_Dane,train,432,321,76,13,236,307,Stanford Dogs
Images/n02109047-Great_Dane/n02109047_9604.jpg,Great Dane,n02109047-Great_Dane,train,334,500,63,68,209,378,Stanford Dogs
Images/n02109525-Saint_Bernard/n02109525_10146.jpg,Saint Bernard,n02109525-Saint_Bernard,train,500,375,281,143,218,231,Stanford Dogs
Images/n02109525-Saint_Bernard/n02109525_10215.jpg,Saint Bernard,n02109525-Saint_Bernard,train,360,480,0,0,279,310,Stanford Dogs
Images/n02109525-Saint_Bernard/n02109525_10297.jpg,Saint Bernard,n02109525-Saint_Bernard,test,386,500,11,167,313,268,Stanford Dogs
Images/n02109525-Saint_Bernard/n02109525_10417.jpg,Saint Bernard,n02109525-Saint_Bernard,train,640,480,177,22,461,456,Stanford Dogs
Images/n02109525-Saint_Bernard/n02109525_10545.jpg,Saint Bernard,n02109525-Saint_Bernard,train,540,499,40,12,475,479,Stanford Dogs
Images/n02109525-Saint_Bernard/n02109525_10743.jpg,Saint Bernard,n02109525-Saint_Bernard,train,500,375,87,141,181,233,Stanford Dogs
Images/n02109525-Saint_Bernard/n02109525_10792.jpg,Saint Bernard,n02109525-Saint_Bernard,train,500,333,96,9,268,323,Stanford Dogs
Images/n02109525-Saint_Bernard/n02109525_10805.jpg,Saint Bernard,n02109525-Saint_Bernard,train,500,417,75,189,292,226,Stanford Dogs
Images/n02109525-Saint_Bernard/n02109525_10992.jpg,Saint Bernard,n02109525-Saint_Bernard,train,443,500,116,186,316,304,Stanford Dogs
Images/n02109525-Saint_Bernard/n02109525_1100.jpg,Saint Bernard,n02109525-Saint_Bernard,test,500,375,121,11,367,363,Stanford Dogs
Images/n02109525-Saint_Bernard/n02109525_11274.jpg,Saint Bernard,n02109525-Saint_Bernard,train,500,391,161,104,338,286,Stanford Dogs
Images/n02109525-Saint_Bernard/n02109525_11465.jpg,Saint Bernard,n02109525-Saint_Bernard,test,480,360,134,62,209,234,Stanford Dogs
Images/n02109525-Saint_Bernard/n02109525_11747.jpg,Saint Bernard,n02109525-Saint_Bernard,train,500,333,112,18,387,314,Stanford Dogs
Images/n02109525-Saint_Bernard/n02109525_12041.jpg,Saint Bernard,n02109525-Saint_Bernard,train,306,346,13,0,273,344,Stanford Dogs
Images/n02109525-Saint_Bernard/n02109525_12155.jpg,Saint Bernard,n02109525-Saint_Bernard,train,500,333,142,52,339,280,Stanford Dogs
Images/n02109525-Saint_Bernard/n02109525_12272.jpg,Saint Bernard,n02109525-Saint_Bernard,train,500,376,25,18,474,357,Stanford Dogs
Images/n02109525-Saint_Bernard/n02109525_12392.jpg,Saint Bernard,n02109525-Saint_Bernard,train,250,370,14,64,198,289,Stanford Dogs
Images/n02109525-Saint_Bernard/n02109525_12610.jpg,Saint Bernard,n02109525-Saint_Bernard,train,500,453,92,12,406,439,Stanford Dogs
Images/n02109525-Saint_Bernard/n02109525_1271.jpg,Saint Bernard,n02109525-Saint_Bernard,train,500,375,129,0,370,351,Stanford Dogs
Images/n02109525-Saint_Bernard/n02109525_13356.jpg,Saint Bernard,n02109525-Saint_Bernard,test,500,376,23,11,441,364,Stanford Dogs
Images/n02109525-Saint_Bernard/n02109525_13702.jpg,Saint Bernard,n02109525-Saint_Bernard,test,500,375,84,18,406,356,Stanford Dogs
Images/n02109525-Saint_Bernard/n02109525_13812.jpg,Saint Bernard,n02109525-Saint_Bernard,train,396,500,30,13,349,485,Stanford Dogs
Images/n02109525-Saint_Bernard/n02109525_13906.jpg,Saint Bernard,n02109525-Saint_Bernard,test,359,500,42,223,285,275,Stanford Dogs
Images/n02109525-Saint_Bernard/n02109525_14249.jpg,Saint Bernard,n02109525-Saint_Bernard,test,315,360,36,39,234,320,Stanford Dogs
Images/n02109525-Saint_Bernard/n02109525_14676.jpg,Saint Bernard,n02109525-Saint_Bernard,train,500,375,163,107,265,215,Stanford Dogs
Images/n02109525-Saint_Bernard/n02109525_14774.jpg,Saint Bernard,n02109525-Saint_Bernard,test,243,336,33,44,195,283,Stanford Dogs
Images/n02109525-Saint_Bernard/n02109525_1480.jpg,Saint Bernard,n02109525-Saint_Bernard,test,480,360,0,0,459,318,Stanford Dogs
Images/n02109525-Saint_Bernard/n02109525_1502.jpg,Saint Bernard,n02109525-Saint_Bernard,test,500,375,52,32,419,218,Stanford Dogs
Images/n02109525-Saint_Bernard/n02109525_15029.jpg,Saint Bernard,n02109525-Saint_Bernard,test,375,500,0,46,373,452,Stanford Dogs
Images/n02109525-Saint_Bernard/n02109525_15376.jpg,Saint Bernard,n02109525-Saint_Bernard,test,375,500,66,21,286,477,Stanford Dogs
Images/n02109525-Saint_Bernard/n02109525_15506.jpg,Saint Bernard,n02109525-Saint_Bernard,test,334,500,60,32,246,369,Stanford Dogs
Images/n02109525-Saint_Bernard/n02109525_15579.jpg,Saint Bernard,n02109525-Saint_Bernard,train,355,320,50,50,211,232,Stanford Dogs
Images/n02109525-Saint_Bernard/n02109525_15746.jpg,Saint Bernard,n02109525-Saint_Bernard,test,500,411,2,32,495,377,Stanford Dogs
Images/n02109525-Saint_Bernard/n02109525_1575.jpg,Saint Bernard,n02109525-Saint_Bernard,test,500,375,22,106,477,254,Stanford Dogs
Images/n02109525-Saint_Bernard/n02109525_16215.jpg,Saint Bernard,n02109525-Saint_Bernard,train,500,474,15,0,483,471,Stanford Dogs
Images/n02109525-Saint_Bernard/n02109525_1624.jpg,Saint Bernard,n02109525-Saint_Bernard,train,375,500,1,10,326,407,Stanford Dogs
Images/n02109525-Saint_Bernard/n02109525_16284.jpg,Saint Bernard,n02109525-Saint_Bernard,train,350,355,56,6,275,348,Stanford Dogs
Images/n02109525-Saint_Bernard/n02109525_16487.jpg,Saint Bernard,n02109525-Saint_Bernard,test,500,485,3,29,484,453,Stanford Dogs
Images/n02109525-Saint_Bernard/n02109525_17025.jpg,Saint Bernard,n02109525-Saint_Bernard,test,500,377,35,65,446,295,Stanford Dogs
Images/n02109525-Saint_Bernard/n02109525_1717.jpg,Saint Bernard,n02109525-Saint_Bernard,train,500,374,0,33,471,340,Stanford Dogs
Images/n02109525-Saint_Bernard/n02109525_17182.jpg,Saint Bernard,n02109525-Saint_Bernard,test,500,484,41,24,422,445,Stanford Dogs
Images/n02109525-Saint_Bernard/n02109525_17291.jpg,Saint Bernard,n02109525-Saint_Bernard,test,500,444,97,0,401,442,Stanford Dogs
Images/n02109525-Saint_Bernard/n02109525_18371.jpg,Saint Bernard,n02109525-Saint_Bernard,train,500,455,0,15,497,438,Stanford Dogs
Images/n02109525-Saint_Bernard/n02109525_1843.jpg,Saint Bernard,n02109525-Saint_Bernard,train,364,500,87,73,193,400,Stanford Dogs
Images/n02109525-Saint_Bernard/n02109525_1864.jpg,Saint Bernard,n02109525-Saint_Bernard,train,500,333,51,36,448,295,Stanford Dogs
Images/n02109525-Saint_Bernard/n02109525_18685.jpg,Saint Bernard,n02109525-Saint_Bernard,test,333,500,60,105,271,348,Stanford Dogs
Images/n02109525-Saint_Bernard/n02109525_1972.jpg,Saint Bernard,n02109525-Saint_Bernard,test,375,500,62,26,279,371,Stanford Dogs
Images/n02109525-Saint_Bernard/n02109525_2008.jpg,Saint Bernard,n02109525-Saint_Bernard,train,400,500,56,53,291,422,Stanford Dogs
Images/n02109525-Saint_Bernard/n02109525_2035.jpg,Saint Bernard,n02109525-Saint_Bernard,train,500,441,1,29,380,411,Stanford Dogs
Images/n02109525-Saint_Bernard/n02109525_2369.jpg,Saint Bernard,n02109525-Saint_Bernard,train,500,375,106,0,291,360,Stanford Dogs
Images/n02109525-Saint_Bernard/n02109525_2575.jpg,Saint Bernard,n02109525-Saint_Bernard,train,1909,1273,79,15,1492,1254,Stanford Dogs
Images/n02109525-Saint_Bernard/n02109525_2648.jpg,Saint Bernard,n02109525-Saint_Bernard,train,500,460,2,0,495,428,Stanford Dogs
Images/n02109525-Saint_Bernard/n02109525_2681.jpg,Saint Bernard,n02109525-Saint_Bernard,train,357,500,47,274,272,202,Stanford Dogs
Images/n02109525-Saint_Bernard/n02109525_2737.jpg,Saint Bernard,n02109525-Saint_Bernard,test,302,361,8,21,259,339,Stanford Dogs
Images/n02109525-Saint_Bernard/n02109525_2770.jpg,Saint Bernard,n02109525-Saint_Bernard,train,375,500,48,65,323,433,Stanford Dogs
Images/n02109525-Saint_Bernard/n02109525_2810.jpg,Saint Bernard,n02109525-Saint_Bernard,train,500,375,0,0,310,374,Stanford Dogs
Images/n02109525-Saint_Bernard/n02109525_3346.jpg,Saint Bernard,n02109525-Saint_Bernard,train,321,480,99,232,190,238,Stanford Dogs
Images/n02109525-Saint_Bernard/n02109525_3360.jpg,Saint Bernard,n02109525-Saint_Bernard,train,352,264,165,14,100,219,Stanford Dogs
Images/n02109525-Saint_Bernard/n02109525_345.jpg,Saint Bernard,n02109525-Saint_Bernard,test,500,334,10,29,264,304,Stanford Dogs
Images/n02109525-Saint_Bernard/n02109525_3506.jpg,Saint Bernard,n02109525-Saint_Bernard,train,290,282,22,0,267,281,Stanford Dogs
Images/n02109525-Saint_Bernard/n02109525_3531.jpg,Saint Bernard,n02109525-Saint_Bernard,train,350,311,1,8,348,258,Stanford Dogs
Images/n02109525-Saint_Bernard/n02109525_3667.jpg,Saint Bernard,n02109525-Saint_Bernard,train,500,465,34,26,432,419,Stanford Dogs
Images/n02109525-Saint_Bernard/n02109525_370.jpg,Saint Bernard,n02109525-Saint_Bernard,test,337,350,0,32,336,317,Stanford Dogs
Images/n02109525-Saint_Bernard/n02109525_393.jpg,Saint Bernard,n02109525-Saint_Bernard,train,448,336,153,74,164,232,Stanford Dogs
Images/n02109525-Saint_Bernard/n02109525_4021.jpg,Saint Bernard,n02109525-Saint_Bernard,train,161,240,22,9,120,219,Stanford Dogs
Images/n02109525-Saint_Bernard/n02109525_4308.jpg,Saint Bernard,n02109525-Saint_Bernard,test,450,480,50,85,372,386,Stanford Dogs
Images/n02109525-Saint_Bernard/n02109525_499.jpg,Saint Bernard,n02109525-Saint_Bernard,train,500,407,0,11,498,394,Stanford Dogs
Images/n02109525-Saint_Bernard/n02109525_5007.jpg,Saint Bernard,n02109525-Saint_Bernard,test,500,334,114,0,385,288,Stanford Dogs
Images/n02109525-Saint_Bernard/n02109525_5264.jpg,Saint Bernard,n02109525-Saint_Bernard,train,882,622,146,157,438,371,Stanford Dogs
Images/n02109525-Saint_Bernard/n02109525_5385.jpg,Saint Bernard,n02109525-Saint_Bernard,test,500,375,128,1,313,372,Stanford Dogs
Images/n02109525-Saint_Bernard/n02109525_6215.jpg,Saint Bernard,n02109525-Saint_Bernard,train,400,266,73,5,295,253,Stanford Dogs
Images/n02109525-Saint_Bernard/n02109525_7024.jpg,Saint Bernard,n02109525-Saint_Bernard,train,400,397,0,114,234,270,Stanford Dogs
Images/n02109525-Saint_Bernard/n02109525_7085.jpg,Saint Bernard,n02109525-Saint_Bernard,test,500,375,26,30,473,343,Stanford Dogs
Images/n02109525-Saint_Bernard/n02109525_7497.jpg,Saint Bernard,n02109525-Saint_Bernard,test,450,361,77,34,328,294,Stanford Dogs
Images/n02109525-Saint_Bernard/n02109525_7656.jpg,Saint Bernard,n02109525-Saint_Bernard,test,500,357,155,22,329,331,Stanford Dogs
Images/n02109525-Saint_Bernard/n02109525_7982.jpg,Saint Bernard,n02109525-Saint_Bernard,test,403,500,0,23,401,475,Stanford Dogs
Images/n02109525-Saint_Bernard/n02109525_8312.jpg,Saint Bernard,n02109525-Saint_Bernard,train,500,333,0,21,309,311,Stanford Dogs
Images/n02109525-Saint_Bernard/n02109525_883.jpg,Saint Bernard,n02109525-Saint_Bernard,test,195,240,4,0,190,234,Stanford Dogs
Images/n02109525-Saint_Bernard/n02109525_9345.jpg,Saint Bernard,n02109525-Saint_Bernard,test,500,375,0,27,378,347,Stanford Dogs
Images/n02109525-Saint_Bernard/n02109525_9379.jpg,Saint Bernard,n02109525-Saint_Bernard,test,500,375,72,1,395,364,Stanford Dogs
Images/n02109525-Saint_Bernard/n02109525_9426.jpg,Saint Bernard,n02109525-Saint_Bernard,train,500,375,0,39,363,335,Stanford Dogs
Images/n02109525-Saint_Bernard/n02109525_9522.jpg,Saint Bernard,n02109525-Saint_Bernard,test,406,273,20,20,122,176,Stanford Dogs
Images/n02109525-Saint_Bernard/n02109525_9869.jpg,Saint Bernard,n02109525-Saint_Bernard,train,500,463,0,10,496,451,Stanford Dogs
Images/n02109525-Saint_Bernard/n02109525_9872.jpg,Saint Bernard,n02109525-Saint_Bernard,train,500,375,0,2,288,370,Stanford Dogs
Images/n02109525-Saint_Bernard/n02109525_997.jpg,Saint Bernard,n02109525-Saint_Bernard,train,375,500,0,43,303,430,Stanford Dogs
Images/n02109525-Saint_Bernard/n02109525_18136.jpg,Saint Bernard,n02109525-Saint_Bernard,train,500,375,0,101,320,273,Stanford Dogs
Images/n02109525-Saint_Bernard/n02109525_1314.jpg,Saint Bernard,n02109525-Saint_Bernard,train,403,500,1,18,396,480,Stanford Dogs
Images/n02109525-Saint_Bernard/n02109525_7121.jpg,Saint Bernard,n02109525-Saint_Bernard,train,500,400,28,0,471,377,Stanford Dogs
Images/n02109525-Saint_Bernard/n02109525_950.jpg,Saint Bernard,n02109525-Saint_Bernard,train,500,333,0,0,442,328,Stanford Dogs
Images/n02109525-Saint_Bernard/n02109525_11444.jpg,Saint Bernard,n02109525-Saint_Bernard,train,500,375,42,47,388,294,Stanford Dogs
Images/n02109525-Saint_Bernard/n02109525_13794.jpg,Saint Bernard,n02109525-Saint_Bernard,train,500,375,168,179,127,194,Stanford Dogs
Images/n02109525-Saint_Bernard/n02109525_11285.jpg,Saint Bernard,n02109525-Saint_Bernard,test,500,392,21,1,478,390,Stanford Dogs
Images/n02109525-Saint_Bernard/n02109525_11445.jpg,Saint Bernard,n02109525-Saint_Bernard,train,480,396,37,101,343,247,Stanford Dogs
Images/n02109525-Saint_Bernard/n02109525_3388.jpg,Saint Bernard,n02109525-Saint_Bernard,train,500,334,211,27,288,306,Stanford Dogs
Images/n02109525-Saint_Bernard/n02109525_10321.jpg,Saint Bernard,n02109525-Saint_Bernard,train,375,500,106,286,166,210,Stanford Dogs
Images/n02109525-Saint_Bernard/n02109525_13420.jpg,Saint Bernard,n02109525-Saint_Bernard,test,500,375,155,69,203,305,Stanford Dogs
Images/n02109525-Saint_Bernard/n02109525_8545.jpg,Saint Bernard,n02109525-Saint_Bernard,test,500,375,191,137,99,190,Stanford Dogs
Images/n02109525-Saint_Bernard/n02109525_13780.jpg,Saint Bernard,n02109525-Saint_Bernard,test,500,375,14,60,363,314,Stanford Dogs
Images/n02109525-Saint_Bernard/n02109525_2943.jpg,Saint Bernard,n02109525-Saint_Bernard,train,480,434,27,13,388,420,Stanford Dogs
Images/n02109525-Saint_Bernard/n02109525_11155.jpg,Saint Bernard,n02109525-Saint_Bernard,train,500,375,112,116,233,248,Stanford Dogs
Images/n02109525-Saint_Bernard/n02109525_12736.jpg,Saint Bernard,n02109525-Saint_Bernard,test,500,388,8,14,479,372,Stanford Dogs
Images/n02109525-Saint_Bernard/n02109525_6593.jpg,Saint Bernard,n02109525-Saint_Bernard,test,333,500,146,102,185,324,Stanford Dogs
Images/n02109525-Saint_Bernard/n02109525_823.jpg,Saint Bernard,n02109525-Saint_Bernard,train,500,486,229,20,269,373,Stanford Dogs
Images/n02109525-Saint_Bernard/n02109525_16100.jpg,Saint Bernard,n02109525-Saint_Bernard,train,350,305,1,45,211,259,Stanford Dogs
Images/n02109525-Saint_Bernard/n02109525_368.jpg,Saint Bernard,n02109525-Saint_Bernard,train,640,436,76,8,474,408,Stanford Dogs
Images/n02109525-Saint_Bernard/n02109525_3448.jpg,Saint Bernard,n02109525-Saint_Bernard,train,500,375,0,27,378,347,Stanford Dogs
Images/n02109525-Saint_Bernard/n02109525_16981.jpg,Saint Bernard,n02109525-Saint_Bernard,test,500,375,3,3,445,329,Stanford Dogs
Images/n02109525-Saint_Bernard/n02109525_10332.jpg,Saint Bernard,n02109525-Saint_Bernard,train,500,500,50,38,220,374,Stanford Dogs
Images/n02109525-Saint_Bernard/n02109525_13580.jpg,Saint Bernard,n02109525-Saint_Bernard,test,333,500,97,53,217,420,Stanford Dogs
Images/n02109525-Saint_Bernard/n02109525_11452.jpg,Saint Bernard,n02109525-Saint_Bernard,test,500,375,79,144,176,228,Stanford Dogs
Images/n02109525-Saint_Bernard/n02109525_2840.jpg,Saint Bernard,n02109525-Saint_Bernard,train,500,333,35,1,360,283,Stanford Dogs
Images/n02109525-Saint_Bernard/n02109525_2248.jpg,Saint Bernard,n02109525-Saint_Bernard,train,500,333,65,2,434,323,Stanford Dogs
Images/n02109525-Saint_Bernard/n02109525_9130.jpg,Saint Bernard,n02109525-Saint_Bernard,train,467,480,82,34,366,444,Stanford Dogs
Images/n02109525-Saint_Bernard/n02109525_14297.jpg,Saint Bernard,n02109525-Saint_Bernard,test,400,325,14,21,385,294,Stanford Dogs
Images/n02109525-Saint_Bernard/n02109525_751.jpg,Saint Bernard,n02109525-Saint_Bernard,test,500,334,0,35,395,297,Stanford Dogs
Images/n02109525-Saint_Bernard/n02109525_539.jpg,Saint Bernard,n02109525-Saint_Bernard,train,500,357,0,0,495,356,Stanford Dogs
Images/n02109525-Saint_Bernard/n02109525_7336.jpg,Saint Bernard,n02109525-Saint_Bernard,train,500,333,18,0,468,269,Stanford Dogs
Images/n02109525-Saint_Bernard/n02109525_11732.jpg,Saint Bernard,n02109525-Saint_Bernard,train,500,435,59,16,439,416,Stanford Dogs
Images/n02109525-Saint_Bernard/n02109525_12937.jpg,Saint Bernard,n02109525-Saint_Bernard,test,479,500,5,18,467,480,Stanford Dogs
Images/n02109525-Saint_Bernard/n02109525_13655.jpg,Saint Bernard,n02109525-Saint_Bernard,train,640,480,142,130,496,341,Stanford Dogs
Images/n02109525-Saint_Bernard/n02109525_1880.jpg,Saint Bernard,n02109525-Saint_Bernard,train,395,500,116,195,137,278,Stanford Dogs
Images/n02109525-Saint_Bernard/n02109525_13154.jpg,Saint Bernard,n02109525-Saint_Bernard,train,500,511,40,23,434,471,Stanford Dogs
Images/n02109525-Saint_Bernard/n02109525_7444.jpg,Saint Bernard,n02109525-Saint_Bernard,test,500,375,0,58,444,293,Stanford Dogs
Images/n02109525-Saint_Bernard/n02109525_16485.jpg,Saint Bernard,n02109525-Saint_Bernard,test,846,743,0,107,572,615,Stanford Dogs
Images/n02109525-Saint_Bernard/n02109525_8475.jpg,Saint Bernard,n02109525-Saint_Bernard,test,440,323,57,20,310,292,Stanford Dogs
Images/n02109525-Saint_Bernard/n02109525_5966.jpg,Saint Bernard,n02109525-Saint_Bernard,test,334,500,5,53,293,358,Stanford Dogs
Images/n02109525-Saint_Bernard/n02109525_10446.jpg,Saint Bernard,n02109525-Saint_Bernard,train,375,500,133,252,179,214,Stanford Dogs
Images/n02109525-Saint_Bernard/n02109525_4516.jpg,Saint Bernard,n02109525-Saint_Bernard,train,331,360,0,39,330,320,Stanford Dogs
Images/n02109525-Saint_Bernard/n02109525_7109.jpg,Saint Bernard,n02109525-Saint_Bernard,test,500,375,0,0,375,374,Stanford Dogs
Images/n02109525-Saint_Bernard/n02109525_13988.jpg,Saint Bernard,n02109525-Saint_Bernard,test,290,290,24,27,225,235,Stanford Dogs
Images/n02109525-Saint_Bernard/n02109525_14198.jpg,Saint Bernard,n02109525-Saint_Bernard,test,400,300,63,0,335,298,Stanford Dogs
Images/n02109525-Saint_Bernard/n02109525_10063.jpg,Saint Bernard,n02109525-Saint_Bernard,test,269,350,32,16,207,331,Stanford Dogs
Images/n02109525-Saint_Bernard/n02109525_10960.jpg,Saint Bernard,n02109525-Saint_Bernard,train,600,801,0,140,545,658,Stanford Dogs
Images/n02109525-Saint_Bernard/n02109525_6931.jpg,Saint Bernard,n02109525-Saint_Bernard,test,333,500,8,101,302,398,Stanford Dogs
Images/n02109525-Saint_Bernard/n02109525_10032.jpg,Saint Bernard,n02109525-Saint_Bernard,test,500,375,29,21,329,307,Stanford Dogs
Images/n02109525-Saint_Bernard/n02109525_5498.jpg,Saint Bernard,n02109525-Saint_Bernard,train,321,480,76,116,205,362,Stanford Dogs
Images/n02109525-Saint_Bernard/n02109525_13627.jpg,Saint Bernard,n02109525-Saint_Bernard,test,600,449,5,77,344,370,Stanford Dogs
Images/n02109525-Saint_Bernard/n02109525_12604.jpg,Saint Bernard,n02109525-Saint_Bernard,train,500,339,203,13,296,324,Stanford Dogs
Images/n02109525-Saint_Bernard/n02109525_8822.jpg,Saint Bernard,n02109525-Saint_Bernard,train,500,375,2,35,381,339,Stanford Dogs
Images/n02109525-Saint_Bernard/n02109525_8211.jpg,Saint Bernard,n02109525-Saint_Bernard,train,500,328,0,58,394,269,Stanford Dogs
Images/n02109525-Saint_Bernard/n02109525_2385.jpg,Saint Bernard,n02109525-Saint_Bernard,train,500,375,157,137,145,237,Stanford Dogs
Images/n02109525-Saint_Bernard/n02109525_8704.jpg,Saint Bernard,n02109525-Saint_Bernard,test,360,311,8,26,320,266,Stanford Dogs
Images/n02109525-Saint_Bernard/n02109525_8417.jpg,Saint Bernard,n02109525-Saint_Bernard,train,500,375,0,47,499,327,Stanford Dogs
Images/n02109525-Saint_Bernard/n02109525_1741.jpg,Saint Bernard,n02109525-Saint_Bernard,train,393,500,0,0,381,498,Stanford Dogs
Images/n02109525-Saint_Bernard/n02109525_14999.jpg,Saint Bernard,n02109525-Saint_Bernard,test,334,500,28,73,304,425,Stanford Dogs
Images/n02109525-Saint_Bernard/n02109525_13230.jpg,Saint Bernard,n02109525-Saint_Bernard,test,500,377,8,7,427,354,Stanford Dogs
Images/n02109525-Saint_Bernard/n02109525_18948.jpg,Saint Bernard,n02109525-Saint_Bernard,train,379,500,28,187,333,311,Stanford Dogs
Images/n02109525-Saint_Bernard/n02109525_10908.jpg,Saint Bernard,n02109525-Saint_Bernard,train,375,500,0,82,373,300,Stanford Dogs
Images/n02109525-Saint_Bernard/n02109525_243.jpg,Saint Bernard,n02109525-Saint_Bernard,train,500,375,167,0,160,295,Stanford Dogs
Images/n02109525-Saint_Bernard/n02109525_1902.jpg,Saint Bernard,n02109525-Saint_Bernard,test,500,298,0,0,499,257,Stanford Dogs
Images/n02109525-Saint_Bernard/n02109525_9243.jpg,Saint Bernard,n02109525-Saint_Bernard,test,500,375,140,56,206,268,Stanford Dogs
Images/n02109525-Saint_Bernard/n02109525_444.jpg,Saint Bernard,n02109525-Saint_Bernard,train,347,400,2,7,344,392,Stanford Dogs
Images/n02109525-Saint_Bernard/n02109525_523.jpg,Saint Bernard,n02109525-Saint_Bernard,train,375,500,20,2,353,445,Stanford Dogs
Images/n02109525-Saint_Bernard/n02109525_13410.jpg,Saint Bernard,n02109525-Saint_Bernard,train,500,375,34,0,457,374,Stanford Dogs
Images/n02109525-Saint_Bernard/n02109525_12641.jpg,Saint Bernard,n02109525-Saint_Bernard,test,500,450,2,0,496,447,Stanford Dogs
Images/n02109525-Saint_Bernard/n02109525_2104.jpg,Saint Bernard,n02109525-Saint_Bernard,train,476,500,0,1,474,497,Stanford Dogs
Images/n02109525-Saint_Bernard/n02109525_7579.jpg,Saint Bernard,n02109525-Saint_Bernard,train,361,500,0,73,344,425,Stanford Dogs
Images/n02109525-Saint_Bernard/n02109525_5013.jpg,Saint Bernard,n02109525-Saint_Bernard,train,500,331,0,0,481,319,Stanford Dogs
Images/n02109525-Saint_Bernard/n02109525_12875.jpg,Saint Bernard,n02109525-Saint_Bernard,test,443,500,1,40,353,420,Stanford Dogs
Images/n02109525-Saint_Bernard/n02109525_10251.jpg,Saint Bernard,n02109525-Saint_Bernard,test,500,375,123,0,299,307,Stanford Dogs
Images/n02109525-Saint_Bernard/n02109525_7016.jpg,Saint Bernard,n02109525-Saint_Bernard,train,333,500,2,0,323,496,Stanford Dogs
Images/n02109525-Saint_Bernard/n02109525_13146.jpg,Saint Bernard,n02109525-Saint_Bernard,test,360,287,38,20,297,251,Stanford Dogs
Images/n02109525-Saint_Bernard/n02109525_17140.jpg,Saint Bernard,n02109525-Saint_Bernard,train,500,333,78,0,385,299,Stanford Dogs
Images/n02109525-Saint_Bernard/n02109525_10374.jpg,Saint Bernard,n02109525-Saint_Bernard,train,384,389,0,24,383,364,Stanford Dogs
Images/n02109525-Saint_Bernard/n02109525_6663.jpg,Saint Bernard,n02109525-Saint_Bernard,train,500,434,1,213,493,220,Stanford Dogs
Images/n02109525-Saint_Bernard/n02109525_6019.jpg,Saint Bernard,n02109525-Saint_Bernard,train,393,480,81,109,168,230,Stanford Dogs
Images/n02109525-Saint_Bernard/n02109525_13804.jpg,Saint Bernard,n02109525-Saint_Bernard,train,400,500,66,157,214,338,Stanford Dogs
Images/n02109525-Saint_Bernard/n02109525_16346.jpg,Saint Bernard,n02109525-Saint_Bernard,test,475,500,1,0,472,498,Stanford Dogs
Images/n02109525-Saint_Bernard/n02109525_6693.jpg,Saint Bernard,n02109525-Saint_Bernard,test,334,500,1,48,300,450,Stanford Dogs
Images/n02109525-Saint_Bernard/n02109525_8096.jpg,Saint Bernard,n02109525-Saint_Bernard,test,500,375,137,70,245,270,Stanford Dogs
Images/n02110185-Siberian_husky/n02110185_10047.jpg,Siberian Husky,n02110185-Siberian_husky,train,333,500,41,147,235,239,Stanford Dogs
Images/n02110185-Siberian_husky/n02110185_10360.jpg,Siberian Husky,n02110185-Siberian_husky,train,300,264,132,32,167,231,Stanford Dogs
Images/n02110185-Siberian_husky/n02110185_10597.jpg,Siberian Husky,n02110185-Siberian_husky,test,500,375,93,12,387,343,Stanford Dogs
Images/n02110185-Siberian_husky/n02110185_1066.jpg,Siberian Husky,n02110185-Siberian_husky,train,512,514,48,39,449,450,Stanford Dogs
Images/n02110185-Siberian_husky/n02110185_10875.jpg,Siberian Husky,n02110185-Siberian_husky,train,375,500,182,173,158,215,Stanford Dogs
Images/n02110185-Siberian_husky/n02110185_10898.jpg,Siberian Husky,n02110185-Siberian_husky,train,500,357,38,69,343,246,Stanford Dogs
Images/n02110185-Siberian_husky/n02110185_10902.jpg,Siberian Husky,n02110185-Siberian_husky,train,210,311,1,7,208,287,Stanford Dogs
Images/n02110185-Siberian_husky/n02110185_10955.jpg,Siberian Husky,n02110185-Siberian_husky,test,500,469,16,0,440,439,Stanford Dogs
Images/n02110185-Siberian_husky/n02110185_10967.jpg,Siberian Husky,n02110185-Siberian_husky,test,493,451,7,3,481,436,Stanford Dogs
Images/n02110185-Siberian_husky/n02110185_11114.jpg,Siberian Husky,n02110185-Siberian_husky,train,500,413,14,24,446,387,Stanford Dogs
Images/n02110185-Siberian_husky/n02110185_11287.jpg,Siberian Husky,n02110185-Siberian_husky,test,500,375,194,142,76,138,Stanford Dogs
Images/n02110185-Siberian_husky/n02110185_11396.jpg,Siberian Husky,n02110185-Siberian_husky,train,500,375,117,102,281,142,Stanford Dogs
Images/n02110185-Siberian_husky/n02110185_11409.jpg,Siberian Husky,n02110185-Siberian_husky,train,500,375,234,163,227,185,Stanford Dogs
Images/n02110185-Siberian_husky/n02110185_11626.jpg,Siberian Husky,n02110185-Siberian_husky,train,206,320,0,0,205,319,Stanford Dogs
Images/n02110185-Siberian_husky/n02110185_11635.jpg,Siberian Husky,n02110185-Siberian_husky,train,500,375,207,151,170,115,Stanford Dogs
Images/n02110185-Siberian_husky/n02110185_11636.jpg,Siberian Husky,n02110185-Siberian_husky,test,476,500,47,100,355,328,Stanford Dogs
Images/n02110185-Siberian_husky/n02110185_11841.jpg,Siberian Husky,n02110185-Siberian_husky,test,500,334,154,68,170,176,Stanford Dogs
Images/n02110185-Siberian_husky/n02110185_120.jpg,Siberian Husky,n02110185-Siberian_husky,test,500,375,146,37,320,337,Stanford Dogs
Images/n02110185-Siberian_husky/n02110185_12380.jpg,Siberian Husky,n02110185-Siberian_husky,train,500,375,184,91,147,218,Stanford Dogs
Images/n02110185-Siberian_husky/n02110185_12748.jpg,Siberian Husky,n02110185-Siberian_husky,test,500,375,224,151,64,96,Stanford Dogs
Images/n02110185-Siberian_husky/n02110185_13127.jpg,Siberian Husky,n02110185-Siberian_husky,train,375,500,33,30,303,468,Stanford Dogs
Images/n02110185-Siberian_husky/n02110185_13855.jpg,Siberian Husky,n02110185-Siberian_husky,train,375,500,45,41,243,377,Stanford Dogs
Images/n02110185-Siberian_husky/n02110185_13942.jpg,Siberian Husky,n02110185-Siberian_husky,train,500,333,173,151,104,70,Stanford Dogs
Images/n02110185-Siberian_husky/n02110185_14056.jpg,Siberian Husky,n02110185-Siberian_husky,test,500,333,192,54,106,268,Stanford Dogs
Images/n02110185-Siberian_husky/n02110185_14061.jpg,Siberian Husky,n02110185-Siberian_husky,train,384,512,33,12,331,498,Stanford Dogs
Images/n02110185-Siberian_husky/n02110185_1439.jpg,Siberian Husky,n02110185-Siberian_husky,test,360,155,53,68,276,71,Stanford Dogs
Images/n02110185-Siberian_husky/n02110185_14560.jpg,Siberian Husky,n02110185-Siberian_husky,train,420,500,0,15,418,483,Stanford Dogs
Images/n02110185-Siberian_husky/n02110185_14597.jpg,Siberian Husky,n02110185-Siberian_husky,train,375,500,21,6,212,377,Stanford Dogs
Images/n02110185-Siberian_husky/n02110185_14650.jpg,Siberian Husky,n02110185-Siberian_husky,train,317,386,16,0,279,369,Stanford Dogs
Images/n02110185-Siberian_husky/n02110185_14766.jpg,Siberian Husky,n02110185-Siberian_husky,test,335,500,26,53,270,445,Stanford Dogs
Images/n02110185-Siberian_husky/n02110185_14906.jpg,Siberian Husky,n02110185-Siberian_husky,train,500,375,1,1,498,372,Stanford Dogs
Images/n02110185-Siberian_husky/n02110185_15019.jpg,Siberian Husky,n02110185-Siberian_husky,test,400,300,0,24,281,270,Stanford Dogs
Images/n02110185-Siberian_husky/n02110185_1532.jpg,Siberian Husky,n02110185-Siberian_husky,train,481,500,122,214,92,111,Stanford Dogs
Images/n02110185-Siberian_husky/n02110185_1794.jpg,Siberian Husky,n02110185-Siberian_husky,test,800,441,74,34,678,389,Stanford Dogs
Images/n02110185-Siberian_husky/n02110185_184.jpg,Siberian Husky,n02110185-Siberian_husky,train,370,500,26,103,342,395,Stanford Dogs
Images/n02110185-Siberian_husky/n02110185_2446.jpg,Siberian Husky,n02110185-Siberian_husky,test,500,375,3,1,470,373,Stanford Dogs
Images/n02110185-Siberian_husky/n02110185_248.jpg,Siberian Husky,n02110185-Siberian_husky,test,500,375,0,11,423,363,Stanford Dogs
Images/n02110185-Siberian_husky/n02110185_2593.jpg,Siberian Husky,n02110185-Siberian_husky,test,500,333,52,48,416,284,Stanford Dogs
Images/n02110185-Siberian_husky/n02110185_2604.jpg,Siberian Husky,n02110185-Siberian_husky,test,337,500,3,6,322,489,Stanford Dogs
Images/n02110185-Siberian_husky/n02110185_2614.jpg,Siberian Husky,n02110185-Siberian_husky,train,500,325,93,66,260,180,Stanford Dogs
Images/n02110185-Siberian_husky/n02110185_2672.jpg,Siberian Husky,n02110185-Siberian_husky,test,500,409,108,44,390,363,Stanford Dogs
Images/n02110185-Siberian_husky/n02110185_2701.jpg,Siberian Husky,n02110185-Siberian_husky,test,333,500,72,163,123,225,Stanford Dogs
Images/n02110185-Siberian_husky/n02110185_2728.jpg,Siberian Husky,n02110185-Siberian_husky,train,500,375,147,67,278,198,Stanford Dogs
Images/n02110185-Siberian_husky/n02110185_2941.jpg,Siberian Husky,n02110185-Siberian_husky,train,500,358,117,23,293,331,Stanford Dogs
Images/n02110185-Siberian_husky/n02110185_3302.jpg,Siberian Husky,n02110185-Siberian_husky,test,480,321,63,123,104,105,Stanford Dogs
Images/n02110185-Siberian_husky/n02110185_3328.jpg,Siberian Husky,n02110185-Siberian_husky,train,500,500,0,7,432,491,Stanford Dogs
Images/n02110185-Siberian_husky/n02110185_3406.jpg,Siberian Husky,n02110185-Siberian_husky,test,438,500,136,40,245,458,Stanford Dogs
Images/n02110185-Siberian_husky/n02110185_3589.jpg,Siberian Husky,n02110185-Siberian_husky,test,500,354,23,15,438,333,Stanford Dogs
Images/n02110185-Siberian_husky/n02110185_3651.jpg,Siberian Husky,n02110185-Siberian_husky,train,500,375,23,164,259,168,Stanford Dogs
Images/n02110185-Siberian_husky/n02110185_3808.jpg,Siberian Husky,n02110185-Siberian_husky,test,375,500,140,102,133,280,Stanford Dogs
Images/n02110185-Siberian_husky/n02110185_4060.jpg,Siberian Husky,n02110185-Siberian_husky,train,500,485,123,242,247,207,Stanford Dogs
Images/n02110185-Siberian_husky/n02110185_4115.jpg,Siberian Husky,n02110185-Siberian_husky,train,333,500,31,143,209,305,Stanford Dogs
Images/n02110185-Siberian_husky/n02110185_4133.jpg,Siberian Husky,n02110185-Siberian_husky,train,500,375,43,25,406,293,Stanford Dogs
Images/n02110185-Siberian_husky/n02110185_4294.jpg,Siberian Husky,n02110185-Siberian_husky,train,400,363,21,92,356,258,Stanford Dogs
Images/n02110185-Siberian_husky/n02110185_4677.jpg,Siberian Husky,n02110185-Siberian_husky,train,333,500,31,27,300,471,Stanford Dogs
Images/n02110185-Siberian_husky/n02110185_4694.jpg,Siberian Husky,n02110185-Siberian_husky,train,240,360,121,166,48,113,Stanford Dogs
Images/n02110185-Siberian_husky/n02110185_5030.jpg,Siberian Husky,n02110185-Siberian_husky,train,500,375,33,25,466,297,Stanford Dogs
Images/n02110185-Siberian_husky/n02110185_5143.jpg,Siberian Husky,n02110185-Siberian_husky,train,500,375,115,0,232,347,Stanford Dogs
Images/n02110185-Siberian_husky/n02110185_5172.jpg,Siberian Husky,n02110185-Siberian_husky,test,500,389,235,79,264,309,Stanford Dogs
Images/n02110185-Siberian_husky/n02110185_5392.jpg,Siberian Husky,n02110185-Siberian_husky,train,271,299,9,0,230,298,Stanford Dogs
Images/n02110185-Siberian_husky/n02110185_5495.jpg,Siberian Husky,n02110185-Siberian_husky,train,500,375,15,147,415,192,Stanford Dogs
Images/n02110185-Siberian_husky/n02110185_5622.jpg,Siberian Husky,n02110185-Siberian_husky,test,600,621,0,0,536,593,Stanford Dogs
Images/n02110185-Siberian_husky/n02110185_5628.jpg,Siberian Husky,n02110185-Siberian_husky,test,500,375,0,1,406,373,Stanford Dogs
Images/n02110185-Siberian_husky/n02110185_6094.jpg,Siberian Husky,n02110185-Siberian_husky,train,500,375,81,196,163,178,Stanford Dogs
Images/n02110185-Siberian_husky/n02110185_6105.jpg,Siberian Husky,n02110185-Siberian_husky,train,500,333,121,85,121,208,Stanford Dogs
Images/n02110185-Siberian_husky/n02110185_6263.jpg,Siberian Husky,n02110185-Siberian_husky,train,360,293,23,26,330,252,Stanford Dogs
Images/n02110185-Siberian_husky/n02110185_632.jpg,Siberian Husky,n02110185-Siberian_husky,train,500,375,279,114,219,198,Stanford Dogs
Images/n02110185-Siberian_husky/n02110185_6351.jpg,Siberian Husky,n02110185-Siberian_husky,train,500,375,98,4,401,366,Stanford Dogs
Images/n02110185-Siberian_husky/n02110185_6409.jpg,Siberian Husky,n02110185-Siberian_husky,train,302,450,136,119,135,140,Stanford Dogs
Images/n02110185-Siberian_husky/n02110185_6438.jpg,Siberian Husky,n02110185-Siberian_husky,test,500,333,235,104,90,172,Stanford Dogs
Images/n02110185-Siberian_husky/n02110185_6473.jpg,Siberian Husky,n02110185-Siberian_husky,test,500,336,36,122,341,122,Stanford Dogs
Images/n02110185-Siberian_husky/n02110185_6564.jpg,Siberian Husky,n02110185-Siberian_husky,test,500,333,228,73,251,181,Stanford Dogs
Images/n02110185-Siberian_husky/n02110185_6780.jpg,Siberian Husky,n02110185-Siberian_husky,train,375,500,143,106,230,392,Stanford Dogs
Images/n02110185-Siberian_husky/n02110185_699.jpg,Siberian Husky,n02110185-Siberian_husky,test,500,467,0,0,473,465,Stanford Dogs
Images/n02110185-Siberian_husky/n02110185_7044.jpg,Siberian Husky,n02110185-Siberian_husky,train,500,398,122,73,193,304,Stanford Dogs
Images/n02110185-Siberian_husky/n02110185_7117.jpg,Siberian Husky,n02110185-Siberian_husky,train,263,280,6,6,251,269,Stanford Dogs
Images/n02110185-Siberian_husky/n02110185_7210.jpg,Siberian Husky,n02110185-Siberian_husky,train,500,333,243,96,117,159,Stanford Dogs
Images/n02110185-Siberian_husky/n02110185_7413.jpg,Siberian Husky,n02110185-Siberian_husky,test,500,332,177,75,126,245,Stanford Dogs
Images/n02110185-Siberian_husky/n02110185_7564.jpg,Siberian Husky,n02110185-Siberian_husky,test,500,375,98,154,155,220,Stanford Dogs
Images/n02110185-Siberian_husky/n02110185_7936.jpg,Siberian Husky,n02110185-Siberian_husky,test,500,333,101,16,311,303,Stanford Dogs
Images/n02110185-Siberian_husky/n02110185_8005.jpg,Siberian Husky,n02110185-Siberian_husky,train,500,375,216,42,172,215,Stanford Dogs
Images/n02110185-Siberian_husky/n02110185_8154.jpg,Siberian Husky,n02110185-Siberian_husky,train,500,307,2,33,470,272,Stanford Dogs
Images/n02110185-Siberian_husky/n02110185_8162.jpg,Siberian Husky,n02110185-Siberian_husky,test,448,500,73,58,373,440,Stanford Dogs
Images/n02110185-Siberian_husky/n02110185_8216.jpg,Siberian Husky,n02110185-Siberian_husky,train,434,500,22,17,396,481,Stanford Dogs
Images/n02110185-Siberian_husky/n02110185_8327.jpg,Siberian Husky,n02110185-Siberian_husky,train,500,375,153,42,209,242,Stanford Dogs
Images/n02110185-Siberian_husky/n02110185_8600.jpg,Siberian Husky,n02110185-Siberian_husky,test,500,333,123,26,376,306,Stanford Dogs
Images/n02110185-Siberian_husky/n02110185_8708.jpg,Siberian Husky,n02110185-Siberian_husky,test,500,375,214,103,285,256,Stanford Dogs
Images/n02110185-Siberian_husky/n02110185_8749.jpg,Siberian Husky,n02110185-Siberian_husky,test,240,360,42,22,145,233,Stanford Dogs
Images/n02110185-Siberian_husky/n02110185_8860.jpg,Siberian Husky,n02110185-Siberian_husky,test,640,627,59,48,546,577,Stanford Dogs
Images/n02110185-Siberian_husky/n02110185_9001.jpg,Siberian Husky,n02110185-Siberian_husky,train,500,333,224,52,170,226,Stanford Dogs
Images/n02110185-Siberian_husky/n02110185_9086.jpg,Siberian Husky,n02110185-Siberian_husky,test,500,333,154,1,343,330,Stanford Dogs
Images/n02110185-Siberian_husky/n02110185_9177.jpg,Siberian Husky,n02110185-Siberian_husky,test,319,500,47,188,164,225,Stanford Dogs
Images/n02110185-Siberian_husky/n02110185_9194.jpg,Siberian Husky,n02110185-Siberian_husky,train,360,294,12,0,347,293,Stanford Dogs
Images/n02110185-Siberian_husky/n02110185_9429.jpg,Siberian Husky,n02110185-Siberian_husky,test,500,375,8,16,491,294,Stanford Dogs
Images/n02110185-Siberian_husky/n02110185_9712.jpg,Siberian Husky,n02110185-Siberian_husky,train,500,376,164,122,237,211,Stanford Dogs
Images/n02110185-Siberian_husky/n02110185_9833.jpg,Siberian Husky,n02110185-Siberian_husky,test,500,333,115,203,45,120,Stanford Dogs
Images/n02110185-Siberian_husky/n02110185_9855.jpg,Siberian Husky,n02110185-Siberian_husky,test,360,331,6,67,315,246,Stanford Dogs
Images/n02110185-Siberian_husky/n02110185_9975.jpg,Siberian Husky,n02110185-Siberian_husky,test,500,375,159,60,158,200,Stanford Dogs
Images/n02110185-Siberian_husky/n02110185_13187.jpg,Siberian Husky,n02110185-Siberian_husky,test,500,375,201,81,112,185,Stanford Dogs
Images/n02110185-Siberian_husky/n02110185_7762.jpg,Siberian Husky,n02110185-Siberian_husky,train,387,500,200,0,184,253,Stanford Dogs
Images/n02110185-Siberian_husky/n02110185_353.jpg,Siberian Husky,n02110185-Siberian_husky,test,500,375,110,83,228,204,Stanford Dogs
Images/n02110185-Siberian_husky/n02110185_14479.jpg,Siberian Husky,n02110185-Siberian_husky,train,500,375,111,37,386,337,Stanford Dogs
Images/n02110185-Siberian_husky/n02110185_4522.jpg,Siberian Husky,n02110185-Siberian_husky,train,332,500,1,47,294,333,Stanford Dogs
Images/n02110185-Siberian_husky/n02110185_13704.jpg,Siberian Husky,n02110185-Siberian_husky,test,500,333,165,0,144,226,Stanford Dogs
Images/n02110185-Siberian_husky/n02110185_712.jpg,Siberian Husky,n02110185-Siberian_husky,train,500,375,183,35,274,339,Stanford Dogs
Images/n02110185-Siberian_husky/n02110185_14283.jpg,Siberian Husky,n02110185-Siberian_husky,train,334,500,22,61,241,426,Stanford Dogs
Images/n02110185-Siberian_husky/n02110185_1614.jpg,Siberian Husky,n02110185-Siberian_husky,test,500,333,145,22,241,310,Stanford Dogs
Images/n02110185-Siberian_husky/n02110185_4186.jpg,Siberian Husky,n02110185-Siberian_husky,test,333,500,25,20,305,478,Stanford Dogs
Images/n02110185-Siberian_husky/n02110185_1511.jpg,Siberian Husky,n02110185-Siberian_husky,test,500,375,144,1,291,354,Stanford Dogs
Images/n02110185-Siberian_husky/n02110185_7980.jpg,Siberian Husky,n02110185-Siberian_husky,test,500,375,80,50,364,187,Stanford Dogs
Images/n02110185-Siberian_husky/n02110185_725.jpg,Siberian Husky,n02110185-Siberian_husky,test,500,375,83,20,287,349,Stanford Dogs
Images/n02110185-Siberian_husky/n02110185_12678.jpg,Siberian Husky,n02110185-Siberian_husky,train,500,357,127,132,203,151,Stanford Dogs
Images/n02110185-Siberian_husky/n02110185_13821.jpg,Siberian Husky,n02110185-Siberian_husky,train,500,344,78,58,405,273,Stanford Dogs
Images/n02110185-Siberian_husky/n02110185_2368.jpg,Siberian Husky,n02110185-Siberian_husky,test,500,375,32,0,409,374,Stanford Dogs
Images/n02110185-Siberian_husky/n02110185_12120.jpg,Siberian Husky,n02110185-Siberian_husky,test,500,334,111,0,117,207,Stanford Dogs
Images/n02110185-Siberian_husky/n02110185_1446.jpg,Siberian Husky,n02110185-Siberian_husky,test,500,333,27,53,264,250,Stanford Dogs
Images/n02110185-Siberian_husky/n02110185_815.jpg,Siberian Husky,n02110185-Siberian_husky,train,500,375,2,66,228,307,Stanford Dogs
Images/n02110185-Siberian_husky/n02110185_10116.jpg,Siberian Husky,n02110185-Siberian_husky,test,500,333,43,73,456,179,Stanford Dogs
Images/n02110185-Siberian_husky/n02110185_5973.jpg,Siberian Husky,n02110185-Siberian_husky,train,500,375,126,70,176,210,Stanford Dogs
Images/n02110185-Siberian_husky/n02110185_4906.jpg,Siberian Husky,n02110185-Siberian_husky,train,350,349,10,7,295,339,Stanford Dogs
Images/n02110185-Siberian_husky/n02110185_10844.jpg,Siberian Husky,n02110185-Siberian_husky,test,450,348,39,41,354,280,Stanford Dogs
Images/n02110185-Siberian_husky/n02110185_13434.jpg,Siberian Husky,n02110185-Siberian_husky,test,500,333,89,30,357,286,Stanford Dogs
Images/n02110185-Siberian_husky/n02110185_11783.jpg,Siberian Husky,n02110185-Siberian_husky,train,376,500,1,0,316,458,Stanford Dogs
Images/n02110185-Siberian_husky/n02110185_7329.jpg,Siberian Husky,n02110185-Siberian_husky,test,500,375,37,70,448,141,Stanford Dogs
Images/n02110185-Siberian_husky/n02110185_6850.jpg,Siberian Husky,n02110185-Siberian_husky,train,409,314,7,13,388,292,Stanford Dogs
Images/n02110185-Siberian_husky/n02110185_11773.jpg,Siberian Husky,n02110185-Siberian_husky,train,500,342,255,127,233,154,Stanford Dogs
Images/n02110185-Siberian_husky/n02110185_7379.jpg,Siberian Husky,n02110185-Siberian_husky,train,500,375,78,99,202,275,Stanford Dogs
Images/n02110185-Siberian_husky/n02110185_5716.jpg,Siberian Husky,n02110185-Siberian_husky,train,500,375,50,59,355,303,Stanford Dogs
Images/n02110185-Siberian_husky/n02110185_1497.jpg,Siberian Husky,n02110185-Siberian_husky,train,500,314,182,57,163,116,Stanford Dogs
Images/n02110185-Siberian_husky/n02110185_388.jpg,Siberian Husky,n02110185-Siberian_husky,test,500,375,3,57,495,272,Stanford Dogs
Images/n02110185-Siberian_husky/n02110185_5624.jpg,Siberian Husky,n02110185-Siberian_husky,test,500,375,26,128,309,109,Stanford Dogs
Images/n02110185-Siberian_husky/n02110185_2736.jpg,Siberian Husky,n02110185-Siberian_husky,train,259,500,7,2,228,496,Stanford Dogs
Images/n02110185-Siberian_husky/n02110185_56.jpg,Siberian Husky,n02110185-Siberian_husky,test,334,500,110,103,142,295,Stanford Dogs
Images/n02110185-Siberian_husky/n02110185_1289.jpg,Siberian Husky,n02110185-Siberian_husky,test,500,375,125,17,215,357,Stanford Dogs
Images/n02110185-Siberian_husky/n02110185_13423.jpg,Siberian Husky,n02110185-Siberian_husky,test,500,332,113,57,371,199,Stanford Dogs
Images/n02110185-Siberian_husky/n02110185_11580.jpg,Siberian Husky,n02110185-Siberian_husky,test,400,500,2,36,305,462,Stanford Dogs
Images/n02110185-Siberian_husky/n02110185_12441.jpg,Siberian Husky,n02110185-Siberian_husky,train,299,500,63,1,209,344,Stanford Dogs
Images/n02110185-Siberian_husky/n02110185_698.jpg,Siberian Husky,n02110185-Siberian_husky,test,349,495,28,6,290,476,Stanford Dogs
Images/n02110185-Siberian_husky/n02110185_1178.jpg,Siberian Husky,n02110185-Siberian_husky,test,462,392,196,36,248,355,Stanford Dogs
Images/n02110185-Siberian_husky/n02110185_10175.jpg,Siberian Husky,n02110185-Siberian_husky,test,500,333,28,113,397,154,Stanford Dogs
Images/n02110185-Siberian_husky/n02110185_6411.jpg,Siberian Husky,n02110185-Siberian_husky,train,413,500,71,103,169,315,Stanford Dogs
Images/n02110185-Siberian_husky/n02110185_4030.jpg,Siberian Husky,n02110185-Siberian_husky,train,444,500,36,12,354,486,Stanford Dogs
Images/n02110185-Siberian_husky/n02110185_10273.jpg,Siberian Husky,n02110185-Siberian_husky,train,800,894,183,100,399,624,Stanford Dogs
Images/n02110185-Siberian_husky/n02110185_13282.jpg,Siberian Husky,n02110185-Siberian_husky,test,500,216,12,18,477,189,Stanford Dogs
Images/n02110185-Siberian_husky/n02110185_12656.jpg,Siberian Husky,n02110185-Siberian_husky,train,500,333,103,64,189,173,Stanford Dogs
Images/n02110185-Siberian_husky/n02110185_15063.jpg,Siberian Husky,n02110185-Siberian_husky,test,360,173,11,12,336,156,Stanford Dogs
Images/n02110185-Siberian_husky/n02110185_8360.jpg,Siberian Husky,n02110185-Siberian_husky,train,460,345,42,53,177,272,Stanford Dogs
Images/n02110185-Siberian_husky/n02110185_1552.jpg,Siberian Husky,n02110185-Siberian_husky,test,333,500,118,73,94,274,Stanford Dogs
Images/n02110185-Siberian_husky/n02110185_7594.jpg,Siberian Husky,n02110185-Siberian_husky,test,375,500,158,130,215,303,Stanford Dogs
Images/n02110185-Siberian_husky/n02110185_1534.jpg,Siberian Husky,n02110185-Siberian_husky,test,460,500,227,225,196,272,Stanford Dogs
Images/n02110185-Siberian_husky/n02110185_2820.jpg,Siberian Husky,n02110185-Siberian_husky,train,500,375,55,101,282,273,Stanford Dogs
Images/n02110185-Siberian_husky/n02110185_7879.jpg,Siberian Husky,n02110185-Siberian_husky,test,500,338,177,134,129,168,Stanford Dogs
Images/n02110185-Siberian_husky/n02110185_1338.jpg,Siberian Husky,n02110185-Siberian_husky,train,500,375,98,35,352,339,Stanford Dogs
Images/n02110185-Siberian_husky/n02110185_5159.jpg,Siberian Husky,n02110185-Siberian_husky,train,375,500,0,45,356,411,Stanford Dogs
Images/n02110185-Siberian_husky/n02110185_58.jpg,Siberian Husky,n02110185-Siberian_husky,test,500,333,69,79,278,220,Stanford Dogs
Images/n02110185-Siberian_husky/n02110185_1469.jpg,Siberian Husky,n02110185-Siberian_husky,train,500,375,38,8,277,354,Stanford Dogs
Images/n02110185-Siberian_husky/n02110185_12498.jpg,Siberian Husky,n02110185-Siberian_husky,test,351,360,75,0,275,359,Stanford Dogs
Images/n02110185-Siberian_husky/n02110185_13158.jpg,Siberian Husky,n02110185-Siberian_husky,train,500,334,38,112,389,221,Stanford Dogs
Images/n02110185-Siberian_husky/n02110185_13794.jpg,Siberian Husky,n02110185-Siberian_husky,test,400,283,24,21,348,252,Stanford Dogs
Images/n02110185-Siberian_husky/n02110185_7246.jpg,Siberian Husky,n02110185-Siberian_husky,train,375,500,1,43,310,455,Stanford Dogs
Images/n02110185-Siberian_husky/n02110185_8397.jpg,Siberian Husky,n02110185-Siberian_husky,test,333,500,95,12,227,478,Stanford Dogs
Images/n02110185-Siberian_husky/n02110185_1598.jpg,Siberian Husky,n02110185-Siberian_husky,test,375,500,136,32,196,466,Stanford Dogs
Images/n02110185-Siberian_husky/n02110185_12478.jpg,Siberian Husky,n02110185-Siberian_husky,train,500,333,152,74,347,258,Stanford Dogs
Images/n02110185-Siberian_husky/n02110185_519.jpg,Siberian Husky,n02110185-Siberian_husky,test,500,375,199,3,295,370,Stanford Dogs
Images/n02110185-Siberian_husky/n02110185_13197.jpg,Siberian Husky,n02110185-Siberian_husky,test,500,414,194,142,153,219,Stanford Dogs
Images/n02110185-Siberian_husky/n02110185_11138.jpg,Siberian Husky,n02110185-Siberian_husky,train,480,360,30,70,268,169,Stanford Dogs
Images/n02110185-Siberian_husky/n02110185_5871.jpg,Siberian Husky,n02110185-Siberian_husky,train,500,375,57,5,384,317,Stanford Dogs
Images/n02110185-Siberian_husky/n02110185_3039.jpg,Siberian Husky,n02110185-Siberian_husky,train,375,500,107,262,51,168,Stanford Dogs
Images/n02110185-Siberian_husky/n02110185_10849.jpg,Siberian Husky,n02110185-Siberian_husky,test,500,333,0,51,125,258,Stanford Dogs
Images/n02110185-Siberian_husky/n02110185_11445.jpg,Siberian Husky,n02110185-Siberian_husky,train,500,375,164,45,236,279,Stanford Dogs
Images/n02110185-Siberian_husky/n02110185_6746.jpg,Siberian Husky,n02110185-Siberian_husky,test,500,332,62,64,394,251,Stanford Dogs
Images/n02110185-Siberian_husky/n02110185_14523.jpg,Siberian Husky,n02110185-Siberian_husky,test,500,376,0,42,339,333,Stanford Dogs
Images/n02110185-Siberian_husky/n02110185_10171.jpg,Siberian Husky,n02110185-Siberian_husky,train,500,333,0,94,340,172,Stanford Dogs
Images/n02110185-Siberian_husky/n02110185_1164.jpg,Siberian Husky,n02110185-Siberian_husky,train,377,500,1,1,335,490,Stanford Dogs
Images/n02110185-Siberian_husky/n02110185_3291.jpg,Siberian Husky,n02110185-Siberian_husky,train,500,346,63,29,259,316,Stanford Dogs
Images/n02110185-Siberian_husky/n02110185_14289.jpg,Siberian Husky,n02110185-Siberian_husky,train,500,375,2,35,318,339,Stanford Dogs
Images/n02110185-Siberian_husky/n02110185_3540.jpg,Siberian Husky,n02110185-Siberian_husky,test,288,352,64,39,188,312,Stanford Dogs
Images/n02110185-Siberian_husky/n02110185_7888.jpg,Siberian Husky,n02110185-Siberian_husky,train,500,375,1,0,431,373,Stanford Dogs
Images/n02110185-Siberian_husky/n02110185_6775.jpg,Siberian Husky,n02110185-Siberian_husky,train,500,375,179,70,123,229,Stanford Dogs
Images/n02110185-Siberian_husky/n02110185_11131.jpg,Siberian Husky,n02110185-Siberian_husky,test,500,271,16,42,473,188,Stanford Dogs
Images/n02110185-Siberian_husky/n02110185_14594.jpg,Siberian Husky,n02110185-Siberian_husky,train,449,231,5,7,439,183,Stanford Dogs
Images/n02110185-Siberian_husky/n02110185_1130.jpg,Siberian Husky,n02110185-Siberian_husky,train,500,333,413,35,86,223,Stanford Dogs
Images/n02110185-Siberian_husky/n02110185_1748.jpg,Siberian Husky,n02110185-Siberian_husky,test,500,375,90,0,237,374,Stanford Dogs
Images/n02110185-Siberian_husky/n02110185_8564.jpg,Siberian Husky,n02110185-Siberian_husky,test,430,500,65,70,218,377,Stanford Dogs
Images/n02110185-Siberian_husky/n02110185_8748.jpg,Siberian Husky,n02110185-Siberian_husky,train,378,500,42,146,300,237,Stanford Dogs
Images/n02110185-Siberian_husky/n02110185_8923.jpg,Siberian Husky,n02110185-Siberian_husky,test,375,500,53,1,320,477,Stanford Dogs
Images/n02110185-Siberian_husky/n02110185_8966.jpg,Siberian Husky,n02110185-Siberian_husky,test,500,333,232,109,124,157,Stanford Dogs
Images/n02110185-Siberian_husky/n02110185_931.jpg,Siberian Husky,n02110185-Siberian_husky,test,360,245,172,36,186,207,Stanford Dogs
Images/n02110185-Siberian_husky/n02110185_9334.jpg,Siberian Husky,n02110185-Siberian_husky,train,500,375,137,69,362,305,Stanford Dogs
Images/n02110185-Siberian_husky/n02110185_9396.jpg,Siberian Husky,n02110185-Siberian_husky,test,500,375,145,94,206,220,Stanford Dogs
Images/n02110185-Siberian_husky/n02110185_9461.jpg,Siberian Husky,n02110185-Siberian_husky,train,500,375,28,86,437,274,Stanford Dogs
Images/n02110185-Siberian_husky/n02110185_9846.jpg,Siberian Husky,n02110185-Siberian_husky,train,500,375,176,81,85,161,Stanford Dogs
Images/n02110958-pug/n02110958_10.jpg,Pug,n02110958-pug,test,600,450,1,65,402,383,Stanford Dogs
Images/n02110958-pug/n02110958_10186.jpg,Pug,n02110958-pug,test,500,400,85,51,413,153,Stanford Dogs
Images/n02110958-pug/n02110958_10193.jpg,Pug,n02110958-pug,train,374,500,0,7,372,491,Stanford Dogs
Images/n02110958-pug/n02110958_1108.jpg,Pug,n02110958-pug,train,500,335,41,20,395,295,Stanford Dogs
Images/n02110958-pug/n02110958_11194.jpg,Pug,n02110958-pug,train,500,333,150,59,348,273,Stanford Dogs
Images/n02110958-pug/n02110958_11239.jpg,Pug,n02110958-pug,train,500,375,50,124,162,190,Stanford Dogs
Images/n02110958-pug/n02110958_11256.jpg,Pug,n02110958-pug,train,312,416,6,0,248,323,Stanford Dogs
Images/n02110958-pug/n02110958_11288.jpg,Pug,n02110958-pug,test,333,500,1,128,330,370,Stanford Dogs
Images/n02110958-pug/n02110958_11675.jpg,Pug,n02110958-pug,train,500,437,112,10,335,245,Stanford Dogs
Images/n02110958-pug/n02110958_11958.jpg,Pug,n02110958-pug,train,500,399,0,0,478,366,Stanford Dogs
Images/n02110958-pug/n02110958_12120.jpg,Pug,n02110958-pug,train,500,375,1,0,389,374,Stanford Dogs
Images/n02110958-pug/n02110958_12128.jpg,Pug,n02110958-pug,test,500,375,303,132,193,216,Stanford Dogs
Images/n02110958-pug/n02110958_12130.jpg,Pug,n02110958-pug,train,500,375,128,75,342,299,Stanford Dogs
Images/n02110958-pug/n02110958_12224.jpg,Pug,n02110958-pug,train,500,375,172,36,167,325,Stanford Dogs
Images/n02110958-pug/n02110958_12260.jpg,Pug,n02110958-pug,test,500,375,79,18,388,355,Stanford Dogs
Images/n02110958-pug/n02110958_12447.jpg,Pug,n02110958-pug,test,500,375,91,1,322,318,Stanford Dogs
Images/n02110958-pug/n02110958_12589.jpg,Pug,n02110958-pug,test,400,300,85,51,159,247,Stanford Dogs
Images/n02110958-pug/n02110958_12808.jpg,Pug,n02110958-pug,test,500,399,40,42,375,275,Stanford Dogs
Images/n02110958-pug/n02110958_12819.jpg,Pug,n02110958-pug,test,500,333,142,30,311,302,Stanford Dogs
Images/n02110958-pug/n02110958_13002.jpg,Pug,n02110958-pug,train,500,334,86,63,174,249,Stanford Dogs
Images/n02110958-pug/n02110958_13023.jpg,Pug,n02110958-pug,train,500,375,27,93,231,236,Stanford Dogs
Images/n02110958-pug/n02110958_13042.jpg,Pug,n02110958-pug,train,500,358,240,105,213,156,Stanford Dogs
Images/n02110958-pug/n02110958_13051.jpg,Pug,n02110958-pug,test,411,500,65,16,343,447,Stanford Dogs
Images/n02110958-pug/n02110958_13340.jpg,Pug,n02110958-pug,test,500,375,283,97,216,277,Stanford Dogs
Images/n02110958-pug/n02110958_13342.jpg,Pug,n02110958-pug,test,400,300,124,45,254,248,Stanford Dogs
Images/n02110958-pug/n02110958_13364.jpg,Pug,n02110958-pug,train,500,375,135,43,189,271,Stanford Dogs
Images/n02110958-pug/n02110958_13391.jpg,Pug,n02110958-pug,train,500,500,136,11,295,485,Stanford Dogs
Images/n02110958-pug/n02110958_13455.jpg,Pug,n02110958-pug,train,500,333,0,35,446,297,Stanford Dogs
Images/n02110958-pug/n02110958_13506.jpg,Pug,n02110958-pug,train,500,375,217,125,213,248,Stanford Dogs
Images/n02110958-pug/n02110958_13560.jpg,Pug,n02110958-pug,test,435,500,66,175,179,281,Stanford Dogs
Images/n02110958-pug/n02110958_13794.jpg,Pug,n02110958-pug,test,333,500,1,65,330,390,Stanford Dogs
Images/n02110958-pug/n02110958_13930.jpg,Pug,n02110958-pug,train,500,390,2,93,276,288,Stanford Dogs
Images/n02110958-pug/n02110958_13993.jpg,Pug,n02110958-pug,test,500,332,1,2,357,329,Stanford Dogs
Images/n02110958-pug/n02110958_13995.jpg,Pug,n02110958-pug,test,332,500,27,96,303,402,Stanford Dogs
Images/n02110958-pug/n02110958_14017.jpg,Pug,n02110958-pug,test,405,500,58,88,247,397,Stanford Dogs
Images/n02110958-pug/n02110958_14111.jpg,Pug,n02110958-pug,test,346,500,51,65,258,398,Stanford Dogs
Images/n02110958-pug/n02110958_14142.jpg,Pug,n02110958-pug,train,500,500,22,37,449,446,Stanford Dogs
Images/n02110958-pug/n02110958_14154.jpg,Pug,n02110958-pug,test,500,483,9,21,489,460,Stanford Dogs
Images/n02110958-pug/n02110958_14265.jpg,Pug,n02110958-pug,test,500,375,91,0,309,374,Stanford Dogs
Images/n02110958-pug/n02110958_14536.jpg,Pug,n02110958-pug,test,500,332,188,149,100,124,Stanford Dogs
Images/n02110958-pug/n02110958_14549.jpg,Pug,n02110958-pug,test,500,375,220,83,264,274,Stanford Dogs
Images/n02110958-pug/n02110958_14563.jpg,Pug,n02110958-pug,test,334,500,115,212,108,165,Stanford Dogs
Images/n02110958-pug/n02110958_14768.jpg,Pug,n02110958-pug,train,350,263,6,16,281,207,Stanford Dogs
Images/n02110958-pug/n02110958_14927.jpg,Pug,n02110958-pug,test,500,375,164,59,207,288,Stanford Dogs
Images/n02110958-pug/n02110958_15015.jpg,Pug,n02110958-pug,train,500,334,215,113,84,155,Stanford Dogs
Images/n02110958-pug/n02110958_15120.jpg,Pug,n02110958-pug,test,500,396,302,105,124,122,Stanford Dogs
Images/n02110958-pug/n02110958_15129.jpg,Pug,n02110958-pug,train,333,500,45,215,264,283,Stanford Dogs
Images/n02110958-pug/n02110958_15171.jpg,Pug,n02110958-pug,train,500,353,41,40,458,312,Stanford Dogs
Images/n02110958-pug/n02110958_152.jpg,Pug,n02110958-pug,test,500,369,253,137,157,180,Stanford Dogs
Images/n02110958-pug/n02110958_15351.jpg,Pug,n02110958-pug,train,500,332,173,74,137,206,Stanford Dogs
Images/n02110958-pug/n02110958_15422.jpg,Pug,n02110958-pug,test,333,500,75,169,151,298,Stanford Dogs
Images/n02110958-pug/n02110958_15449.jpg,Pug,n02110958-pug,train,500,375,39,0,416,364,Stanford Dogs
Images/n02110958-pug/n02110958_15538.jpg,Pug,n02110958-pug,train,500,395,134,12,332,349,Stanford Dogs
Images/n02110958-pug/n02110958_15615.jpg,Pug,n02110958-pug,test,500,375,95,173,369,116,Stanford Dogs
Images/n02110958-pug/n02110958_15663.jpg,Pug,n02110958-pug,train,744,684,0,95,574,587,Stanford Dogs
Images/n02110958-pug/n02110958_15746.jpg,Pug,n02110958-pug,train,500,375,77,38,158,179,Stanford Dogs
Images/n02110958-pug/n02110958_15932.jpg,Pug,n02110958-pug,test,500,375,208,215,119,122,Stanford Dogs
Images/n02110958-pug/n02110958_15969.jpg,Pug,n02110958-pug,test,500,375,0,54,483,241,Stanford Dogs
Images/n02110958-pug/n02110958_16087.jpg,Pug,n02110958-pug,train,500,334,188,65,208,268,Stanford Dogs
Images/n02110958-pug/n02110958_16132.jpg,Pug,n02110958-pug,train,500,400,87,29,338,296,Stanford Dogs
Images/n02110958-pug/n02110958_16330.jpg,Pug,n02110958-pug,test,500,375,57,128,398,246,Stanford Dogs
Images/n02110958-pug/n02110958_16334.jpg,Pug,n02110958-pug,test,500,333,184,92,135,239,Stanford Dogs
Images/n02110958-pug/n02110958_16337.jpg,Pug,n02110958-pug,test,400,259,49,14,281,238,Stanford Dogs
Images/n02110958-pug/n02110958_16426.jpg,Pug,n02110958-pug,train,316,500,81,124,153,206,Stanford Dogs
Images/n02110958-pug/n02110958_16453.jpg,Pug,n02110958-pug,train,500,444,0,87,464,355,Stanford Dogs
Images/n02110958-pug/n02110958_1975.jpg,Pug,n02110958-pug,train,500,375,3,0,398,331,Stanford Dogs
Images/n02110958-pug/n02110958_2009.jpg,Pug,n02110958-pug,train,500,365,110,12,282,347,Stanford Dogs
Images/n02110958-pug/n02110958_2041.jpg,Pug,n02110958-pug,test,500,375,13,82,343,292,Stanford Dogs
Images/n02110958-pug/n02110958_2144.jpg,Pug,n02110958-pug,train,500,375,113,3,276,349,Stanford Dogs
Images/n02110958-pug/n02110958_25.jpg,Pug,n02110958-pug,test,500,333,10,6,411,326,Stanford Dogs
Images/n02110958-pug/n02110958_2611.jpg,Pug,n02110958-pug,test,375,500,45,15,323,483,Stanford Dogs
Images/n02110958-pug/n02110958_2745.jpg,Pug,n02110958-pug,train,350,248,33,32,248,215,Stanford Dogs
Images/n02110958-pug/n02110958_326.jpg,Pug,n02110958-pug,test,500,400,131,101,219,164,Stanford Dogs
Images/n02110958-pug/n02110958_340.jpg,Pug,n02110958-pug,train,500,333,28,36,203,191,Stanford Dogs
Images/n02110958-pug/n02110958_353.jpg,Pug,n02110958-pug,train,375,500,5,95,368,403,Stanford Dogs
Images/n02110958-pug/n02110958_3644.jpg,Pug,n02110958-pug,train,500,477,25,8,443,446,Stanford Dogs
Images/n02110958-pug/n02110958_4030.jpg,Pug,n02110958-pug,test,600,600,43,7,545,591,Stanford Dogs
Images/n02110958-pug/n02110958_4036.jpg,Pug,n02110958-pug,test,500,336,0,0,472,333,Stanford Dogs
Images/n02110958-pug/n02110958_4043.jpg,Pug,n02110958-pug,train,500,375,141,104,228,138,Stanford Dogs
Images/n02110958-pug/n02110958_476.jpg,Pug,n02110958-pug,test,500,333,154,118,102,98,Stanford Dogs
Images/n02110958-pug/n02110958_481.jpg,Pug,n02110958-pug,test,500,375,85,36,360,319,Stanford Dogs
Images/n02110958-pug/n02110958_4993.jpg,Pug,n02110958-pug,test,356,500,7,96,233,386,Stanford Dogs
Images/n02110958-pug/n02110958_5069.jpg,Pug,n02110958-pug,test,500,375,180,39,156,326,Stanford Dogs
Images/n02110958-pug/n02110958_5555.jpg,Pug,n02110958-pug,test,375,500,26,140,251,307,Stanford Dogs
Images/n02110958-pug/n02110958_5788.jpg,Pug,n02110958-pug,train,300,235,24,29,251,180,Stanford Dogs
Images/n02110958-pug/n02110958_5976.jpg,Pug,n02110958-pug,train,233,300,45,20,129,260,Stanford Dogs
Images/n02110958-pug/n02110958_6098.jpg,Pug,n02110958-pug,test,500,400,152,11,347,388,Stanford Dogs
Images/n02110958-pug/n02110958_630.jpg,Pug,n02110958-pug,test,500,428,34,20,251,313,Stanford Dogs
Images/n02110958-pug/n02110958_6598.jpg,Pug,n02110958-pug,test,500,336,105,70,360,247,Stanford Dogs
Images/n02110958-pug/n02110958_6792.jpg,Pug,n02110958-pug,test,334,500,63,317,123,124,Stanford Dogs
Images/n02110958-pug/n02110958_7027.jpg,Pug,n02110958-pug,train,500,374,150,25,227,348,Stanford Dogs
Images/n02110958-pug/n02110958_7255.jpg,Pug,n02110958-pug,train,500,334,144,51,237,282,Stanford Dogs
Images/n02110958-pug/n02110958_771.jpg,Pug,n02110958-pug,test,500,347,148,14,95,102,Stanford Dogs
Images/n02110958-pug/n02110958_7801.jpg,Pug,n02110958-pug,train,500,360,164,10,279,329,Stanford Dogs
Images/n02110958-pug/n02110958_7915.jpg,Pug,n02110958-pug,test,360,270,91,56,171,203,Stanford Dogs
Images/n02110958-pug/n02110958_8075.jpg,Pug,n02110958-pug,test,500,400,63,59,168,190,Stanford Dogs
Images/n02110958-pug/n02110958_8583.jpg,Pug,n02110958-pug,train,500,375,79,21,312,351,Stanford Dogs
Images/n02110958-pug/n02110958_8979.jpg,Pug,n02110958-pug,test,500,434,0,1,498,431,Stanford Dogs
Images/n02110958-pug/n02110958_9008.jpg,Pug,n02110958-pug,train,500,332,0,139,231,192,Stanford Dogs
Images/n02110958-pug/n02110958_9505.jpg,Pug,n02110958-pug,test,500,395,158,112,154,171,Stanford Dogs
Images/n02110958-pug/n02110958_12275.jpg,Pug,n02110958-pug,train,500,375,104,11,253,353,Stanford Dogs
Images/n02110958-pug/n02110958_15352.jpg,Pug,n02110958-pug,train,500,375,0,0,370,374,Stanford Dogs
Images/n02110958-pug/n02110958_13439.jpg,Pug,n02110958-pug,train,500,375,103,4,292,333,Stanford Dogs
Images/n02110958-pug/n02110958_10378.jpg,Pug,n02110958-pug,test,500,375,164,78,148,280,Stanford Dogs
Images/n02110958-pug/n02110958_2777.jpg,Pug,n02110958-pug,train,400,300,59,15,266,283,Stanford Dogs
Images/n02110958-pug/n02110958_15873.jpg,Pug,n02110958-pug,train,500,375,128,101,204,207,Stanford Dogs
Images/n02110958-pug/n02110958_237.jpg,Pug,n02110958-pug,test,500,375,58,196,204,178,Stanford Dogs
Images/n02110958-pug/n02110958_14654.jpg,Pug,n02110958-pug,train,375,500,131,225,119,242,Stanford Dogs
Images/n02110958-pug/n02110958_13224.jpg,Pug,n02110958-pug,train,304,232,27,48,106,137,Stanford Dogs
Images/n02110958-pug/n02110958_11359.jpg,Pug,n02110958-pug,test,500,375,159,160,266,203,Stanford Dogs
Images/n02110958-pug/n02110958_15877.jpg,Pug,n02110958-pug,test,375,500,26,0,347,386,Stanford Dogs
Images/n02110958-pug/n02110958_11977.jpg,Pug,n02110958-pug,train,500,326,306,101,120,155,Stanford Dogs
Images/n02110958-pug/n02110958_2410.jpg,Pug,n02110958-pug,test,500,333,160,86,242,245,Stanford Dogs
Images/n02110958-pug/n02110958_11979.jpg,Pug,n02110958-pug,train,500,375,199,112,77,118,Stanford Dogs
Images/n02110958-pug/n02110958_15766.jpg,Pug,n02110958-pug,test,500,375,233,57,266,289,Stanford Dogs
Images/n02110958-pug/n02110958_15364.jpg,Pug,n02110958-pug,train,500,192,319,52,151,139,Stanford Dogs
Images/n02110958-pug/n02110958_15626.jpg,Pug,n02110958-pug,test,500,377,158,145,227,231,Stanford Dogs
Images/n02110958-pug/n02110958_3338.jpg,Pug,n02110958-pug,test,500,338,38,2,454,329,Stanford Dogs
Images/n02110958-pug/n02110958_13469.jpg,Pug,n02110958-pug,test,500,364,54,72,216,271,Stanford Dogs
Images/n02110958-pug/n02110958_1639.jpg,Pug,n02110958-pug,train,375,500,87,182,213,236,Stanford Dogs
Images/n02110958-pug/n02110958_16178.jpg,Pug,n02110958-pug,train,375,500,0,240,266,258,Stanford Dogs
Images/n02110958-pug/n02110958_16150.jpg,Pug,n02110958-pug,train,500,375,182,190,60,109,Stanford Dogs
Images/n02110958-pug/n02110958_12625.jpg,Pug,n02110958-pug,train,500,375,118,73,337,301,Stanford Dogs
Images/n02110958-pug/n02110958_11458.jpg,Pug,n02110958-pug,test,500,333,149,0,350,332,Stanford Dogs
Images/n02110958-pug/n02110958_12149.jpg,Pug,n02110958-pug,test,500,375,0,60,454,314,Stanford Dogs
Images/n02110958-pug/n02110958_12080.jpg,Pug,n02110958-pug,test,500,375,0,45,317,319,Stanford Dogs
Images/n02110958-pug/n02110958_11825.jpg,Pug,n02110958-pug,test,500,333,194,112,113,167,Stanford Dogs
Images/n02110958-pug/n02110958_5621.jpg,Pug,n02110958-pug,test,500,315,75,120,196,184,Stanford Dogs
Images/n02110958-pug/n02110958_16082.jpg,Pug,n02110958-pug,test,500,446,177,15,318,426,Stanford Dogs
Images/n02110958-pug/n02110958_15550.jpg,Pug,n02110958-pug,train,500,375,117,220,133,105,Stanford Dogs
Images/n02110958-pug/n02110958_16471.jpg,Pug,n02110958-pug,train,337,500,70,31,190,446,Stanford Dogs
Images/n02110958-pug/n02110958_3795.jpg,Pug,n02110958-pug,train,500,361,127,110,184,234,Stanford Dogs
Images/n02110958-pug/n02110958_12350.jpg,Pug,n02110958-pug,train,500,334,122,43,250,290,Stanford Dogs
Images/n02110958-pug/n02110958_14984.jpg,Pug,n02110958-pug,train,500,400,230,116,202,215,Stanford Dogs
Images/n02110958-pug/n02110958_13721.jpg,Pug,n02110958-pug,train,500,333,216,70,190,262,Stanford Dogs
Images/n02110958-pug/n02110958_11306.jpg,Pug,n02110958-pug,train,375,500,56,108,245,324,Stanford Dogs
Images/n02110958-pug/n02110958_11261.jpg,Pug,n02110958-pug,train,334,500,32,130,289,368,Stanford Dogs
Images/n02110958-pug/n02110958_12860.jpg,Pug,n02110958-pug,test,500,336,51,31,448,304,Stanford Dogs
Images/n02110958-pug/n02110958_15216.jpg,Pug,n02110958-pug,test,500,375,52,32,447,342,Stanford Dogs
Images/n02110958-pug/n02110958_15014.jpg,Pug,n02110958-pug,train,320,240,12,60,284,135,Stanford Dogs
Images/n02110958-pug/n02110958_11083.jpg,Pug,n02110958-pug,train,184,276,19,17,162,255,Stanford Dogs
Images/n02110958-pug/n02110958_16433.jpg,Pug,n02110958-pug,test,500,333,178,39,321,187,Stanford Dogs
Images/n02110958-pug/n02110958_14647.jpg,Pug,n02110958-pug,train,500,375,57,97,166,277,Stanford Dogs
Images/n02110958-pug/n02110958_11632.jpg,Pug,n02110958-pug,train,375,500,121,117,151,335,Stanford Dogs
Images/n02110958-pug/n02110958_14832.jpg,Pug,n02110958-pug,train,500,375,158,45,243,282,Stanford Dogs
Images/n02110958-pug/n02110958_15217.jpg,Pug,n02110958-pug,train,403,500,12,36,389,461,Stanford Dogs
Images/n02110958-pug/n02110958_14996.jpg,Pug,n02110958-pug,train,500,375,109,7,384,367,Stanford Dogs
Images/n02110958-pug/n02110958_15527.jpg,Pug,n02110958-pug,test,500,333,173,14,326,210,Stanford Dogs
Images/n02110958-pug/n02110958_3938.jpg,Pug,n02110958-pug,test,500,375,55,25,443,348,Stanford Dogs
Images/n02110958-pug/n02110958_11732.jpg,Pug,n02110958-pug,test,369,500,108,111,170,287,Stanford Dogs
Images/n02110958-pug/n02110958_11870.jpg,Pug,n02110958-pug,train,500,334,99,38,273,292,Stanford Dogs
Images/n02110958-pug/n02110958_12807.jpg,Pug,n02110958-pug,test,500,327,80,92,228,200,Stanford Dogs
Images/n02110958-pug/n02110958_483.jpg,Pug,n02110958-pug,test,500,333,207,132,254,200,Stanford Dogs
Images/n02110958-pug/n02110958_15734.jpg,Pug,n02110958-pug,test,500,375,0,42,419,272,Stanford Dogs
Images/n02110958-pug/n02110958_15130.jpg,Pug,n02110958-pug,test,500,375,126,24,218,350,Stanford Dogs
Images/n02110958-pug/n02110958_16447.jpg,Pug,n02110958-pug,test,500,375,168,51,224,323,Stanford Dogs
Images/n02110958-pug/n02110958_13256.jpg,Pug,n02110958-pug,test,500,375,73,0,319,332,Stanford Dogs
Images/n02110958-pug/n02110958_16217.jpg,Pug,n02110958-pug,train,500,375,119,72,261,252,Stanford Dogs
Images/n02110958-pug/n02110958_14594.jpg,Pug,n02110958-pug,test,500,375,132,88,165,286,Stanford Dogs
Images/n02110958-pug/n02110958_14311.jpg,Pug,n02110958-pug,train,500,375,239,16,260,358,Stanford Dogs
Images/n02110958-pug/n02110958_13263.jpg,Pug,n02110958-pug,train,500,366,60,45,250,280,Stanford Dogs
Images/n02110958-pug/n02110958_10842.jpg,Pug,n02110958-pug,train,500,333,182,70,203,258,Stanford Dogs
Images/n02110958-pug/n02110958_12761.jpg,Pug,n02110958-pug,train,446,500,115,101,188,297,Stanford Dogs
Images/n02110958-pug/n02110958_15981.jpg,Pug,n02110958-pug,test,500,350,25,26,442,290,Stanford Dogs
Images/n02110958-pug/n02110958_4189.jpg,Pug,n02110958-pug,test,500,375,11,1,486,373,Stanford Dogs
Images/n02110958-pug/n02110958_14449.jpg,Pug,n02110958-pug,test,500,375,0,46,310,328,Stanford Dogs
Images/n02110958-pug/n02110958_12432.jpg,Pug,n02110958-pug,train,307,226,66,50,133,121,Stanford Dogs
Images/n02110958-pug/n02110958_13581.jpg,Pug,n02110958-pug,train,500,375,75,34,400,333,Stanford Dogs
Images/n02110958-pug/n02110958_12781.jpg,Pug,n02110958-pug,train,350,246,41,86,241,149,Stanford Dogs
Images/n02110958-pug/n02110958_13276.jpg,Pug,n02110958-pug,test,500,332,53,25,446,305,Stanford Dogs
Images/n02110958-pug/n02110958_13597.jpg,Pug,n02110958-pug,test,478,500,136,125,156,162,Stanford Dogs
Images/n02110958-pug/n02110958_1636.jpg,Pug,n02110958-pug,train,500,333,105,41,329,291,Stanford Dogs
Images/n02110958-pug/n02110958_12025.jpg,Pug,n02110958-pug,train,500,471,108,22,379,441,Stanford Dogs
Images/n02110958-pug/n02110958_15722.jpg,Pug,n02110958-pug,test,375,500,56,102,265,268,Stanford Dogs
Images/n02110958-pug/n02110958_12934.jpg,Pug,n02110958-pug,train,500,375,26,70,276,304,Stanford Dogs
Images/n02110958-pug/n02110958_16434.jpg,Pug,n02110958-pug,train,500,375,1,0,452,374,Stanford Dogs
Images/n02110958-pug/n02110958_12611.jpg,Pug,n02110958-pug,test,500,375,0,0,322,314,Stanford Dogs
Images/n02110958-pug/n02110958_14179.jpg,Pug,n02110958-pug,train,500,373,221,195,90,102,Stanford Dogs
Images/n02110958-pug/n02110958_16492.jpg,Pug,n02110958-pug,train,375,500,41,11,310,471,Stanford Dogs
Images/n02110958-pug/n02110958_11209.jpg,Pug,n02110958-pug,train,500,334,143,63,216,200,Stanford Dogs
Images/n02110958-pug/n02110958_13812.jpg,Pug,n02110958-pug,train,500,375,39,147,156,156,Stanford Dogs
Images/n02110958-pug/n02110958_2154.jpg,Pug,n02110958-pug,test,320,240,37,15,225,177,Stanford Dogs
Images/n02110958-pug/n02110958_14711.jpg,Pug,n02110958-pug,train,364,500,0,0,362,498,Stanford Dogs
Images/n02110958-pug/n02110958_11725.jpg,Pug,n02110958-pug,train,500,333,0,99,231,233,Stanford Dogs
Images/n02110958-pug/n02110958_14683.jpg,Pug,n02110958-pug,test,500,375,112,4,346,363,Stanford Dogs
Images/n02110958-pug/n02110958_5834.jpg,Pug,n02110958-pug,test,375,500,170,247,141,140,Stanford Dogs
Images/n02110958-pug/n02110958_589.jpg,Pug,n02110958-pug,train,500,375,52,61,430,282,Stanford Dogs
Images/n02110958-pug/n02110958_5912.jpg,Pug,n02110958-pug,test,500,375,98,51,267,254,Stanford Dogs
Images/n02110958-pug/n02110958_609.jpg,Pug,n02110958-pug,test,469,500,17,45,413,452,Stanford Dogs
Images/n02110958-pug/n02110958_6274.jpg,Pug,n02110958-pug,test,500,407,41,73,342,254,Stanford Dogs
Images/n02110958-pug/n02110958_6627.jpg,Pug,n02110958-pug,test,500,375,82,39,278,317,Stanford Dogs
Images/n02110958-pug/n02110958_6966.jpg,Pug,n02110958-pug,test,500,481,25,37,362,439,Stanford Dogs
Images/n02110958-pug/n02110958_7698.jpg,Pug,n02110958-pug,test,500,333,199,62,281,265,Stanford Dogs
Images/n02110958-pug/n02110958_8513.jpg,Pug,n02110958-pug,train,375,500,80,31,277,410,Stanford Dogs
Images/n02110958-pug/n02110958_8627.jpg,Pug,n02110958-pug,test,500,430,26,11,422,417,Stanford Dogs
Images/n02110958-pug/n02110958_8724.jpg,Pug,n02110958-pug,train,500,375,175,82,322,291,Stanford Dogs
Images/n02110958-pug/n02110958_8814.jpg,Pug,n02110958-pug,train,500,333,158,60,211,169,Stanford Dogs
Images/n02110958-pug/n02110958_8887.jpg,Pug,n02110958-pug,test,480,321,101,13,271,299,Stanford Dogs
Images/n02110958-pug/n02110958_9642.jpg,Pug,n02110958-pug,train,500,332,182,91,127,234,Stanford Dogs
Images/n02110958-pug/n02110958_9929.jpg,Pug,n02110958-pug,test,715,535,184,48,308,466,Stanford Dogs
Images/n02112018-Pomeranian/n02112018_10129.jpg,Pomeranian,n02112018-Pomeranian,train,375,500,0,26,286,469,Stanford Dogs
Images/n02112018-Pomeranian/n02112018_10309.jpg,Pomeranian,n02112018-Pomeranian,test,435,500,3,160,300,183,Stanford Dogs
Images/n02112018-Pomeranian/n02112018_1090.jpg,Pomeranian,n02112018-Pomeranian,test,413,500,6,45,405,453,Stanford Dogs
Images/n02112018-Pomeranian/n02112018_11071.jpg,Pomeranian,n02112018-Pomeranian,train,500,334,95,14,404,271,Stanford Dogs
Images/n02112018-Pomeranian/n02112018_11105.jpg,Pomeranian,n02112018-Pomeranian,train,480,360,3,26,385,245,Stanford Dogs
Images/n02112018-Pomeranian/n02112018_11233.jpg,Pomeranian,n02112018-Pomeranian,test,333,500,1,3,330,493,Stanford Dogs
Images/n02112018-Pomeranian/n02112018_1146.jpg,Pomeranian,n02112018-Pomeranian,train,500,375,47,57,374,207,Stanford Dogs
Images/n02112018-Pomeranian/n02112018_11557.jpg,Pomeranian,n02112018-Pomeranian,test,320,240,96,54,156,153,Stanford Dogs
Images/n02112018-Pomeranian/n02112018_11641.jpg,Pomeranian,n02112018-Pomeranian,test,375,500,52,6,214,412,Stanford Dogs
Images/n02112018-Pomeranian/n02112018_12853.jpg,Pomeranian,n02112018-Pomeranian,test,500,375,123,20,235,348,Stanford Dogs
Images/n02112018-Pomeranian/n02112018_12953.jpg,Pomeranian,n02112018-Pomeranian,train,500,375,158,119,148,182,Stanford Dogs
Images/n02112018-Pomeranian/n02112018_1317.jpg,Pomeranian,n02112018-Pomeranian,train,375,500,0,32,373,466,Stanford Dogs
Images/n02112018-Pomeranian/n02112018_1339.jpg,Pomeranian,n02112018-Pomeranian,train,500,336,187,43,312,292,Stanford Dogs
Images/n02112018-Pomeranian/n02112018_1348.jpg,Pomeranian,n02112018-Pomeranian,train,500,375,127,58,300,316,Stanford Dogs
Images/n02112018-Pomeranian/n02112018_13600.jpg,Pomeranian,n02112018-Pomeranian,train,500,375,264,115,119,141,Stanford Dogs
Images/n02112018-Pomeranian/n02112018_13636.jpg,Pomeranian,n02112018-Pomeranian,test,500,375,78,5,413,330,Stanford Dogs
Images/n02112018-Pomeranian/n02112018_14257.jpg,Pomeranian,n02112018-Pomeranian,test,500,331,175,25,203,305,Stanford Dogs
Images/n02112018-Pomeranian/n02112018_14482.jpg,Pomeranian,n02112018-Pomeranian,test,800,600,210,106,427,423,Stanford Dogs
Images/n02112018-Pomeranian/n02112018_1462.jpg,Pomeranian,n02112018-Pomeranian,test,334,500,1,233,284,199,Stanford Dogs
Images/n02112018-Pomeranian/n02112018_1463.jpg,Pomeranian,n02112018-Pomeranian,test,500,375,36,0,412,307,Stanford Dogs
Images/n02112018-Pomeranian/n02112018_1486.jpg,Pomeranian,n02112018-Pomeranian,test,500,375,35,0,358,374,Stanford Dogs
Images/n02112018-Pomeranian/n02112018_1518.jpg,Pomeranian,n02112018-Pomeranian,test,500,375,30,39,419,284,Stanford Dogs
Images/n02112018-Pomeranian/n02112018_1577.jpg,Pomeranian,n02112018-Pomeranian,train,500,375,43,6,393,368,Stanford Dogs
Images/n02112018-Pomeranian/n02112018_1584.jpg,Pomeranian,n02112018-Pomeranian,test,333,500,60,275,101,195,Stanford Dogs
Images/n02112018-Pomeranian/n02112018_1611.jpg,Pomeranian,n02112018-Pomeranian,train,500,375,223,0,129,172,Stanford Dogs
Images/n02112018-Pomeranian/n02112018_1705.jpg,Pomeranian,n02112018-Pomeranian,train,500,439,68,27,294,404,Stanford Dogs
Images/n02112018-Pomeranian/n02112018_1816.jpg,Pomeranian,n02112018-Pomeranian,test,500,375,249,144,230,229,Stanford Dogs
Images/n02112018-Pomeranian/n02112018_1929.jpg,Pomeranian,n02112018-Pomeranian,train,500,375,198,51,136,214,Stanford Dogs
Images/n02112018-Pomeranian/n02112018_1954.jpg,Pomeranian,n02112018-Pomeranian,test,375,500,15,2,286,429,Stanford Dogs
Images/n02112018-Pomeranian/n02112018_2154.jpg,Pomeranian,n02112018-Pomeranian,test,375,500,62,32,204,404,Stanford Dogs
Images/n02112018-Pomeranian/n02112018_2218.jpg,Pomeranian,n02112018-Pomeranian,test,370,500,42,2,326,496,Stanford Dogs
Images/n02112018-Pomeranian/n02112018_2255.jpg,Pomeranian,n02112018-Pomeranian,train,500,375,148,127,140,167,Stanford Dogs
Images/n02112018-Pomeranian/n02112018_2271.jpg,Pomeranian,n02112018-Pomeranian,test,500,375,0,16,498,357,Stanford Dogs
Images/n02112018-Pomeranian/n02112018_2277.jpg,Pomeranian,n02112018-Pomeranian,test,500,375,1,0,421,339,Stanford Dogs
Images/n02112018-Pomeranian/n02112018_2380.jpg,Pomeranian,n02112018-Pomeranian,test,300,249,58,37,204,182,Stanford Dogs
Images/n02112018-Pomeranian/n02112018_249.jpg,Pomeranian,n02112018-Pomeranian,train,500,428,164,143,194,167,Stanford Dogs
Images/n02112018-Pomeranian/n02112018_2590.jpg,Pomeranian,n02112018-Pomeranian,train,500,375,111,83,266,222,Stanford Dogs
Images/n02112018-Pomeranian/n02112018_2728.jpg,Pomeranian,n02112018-Pomeranian,train,375,500,65,260,243,223,Stanford Dogs
Images/n02112018-Pomeranian/n02112018_276.jpg,Pomeranian,n02112018-Pomeranian,train,415,500,25,145,352,290,Stanford Dogs
Images/n02112018-Pomeranian/n02112018_2782.jpg,Pomeranian,n02112018-Pomeranian,train,374,500,61,25,255,460,Stanford Dogs
Images/n02112018-Pomeranian/n02112018_2786.jpg,Pomeranian,n02112018-Pomeranian,test,500,333,171,34,269,224,Stanford Dogs
Images/n02112018-Pomeranian/n02112018_2811.jpg,Pomeranian,n02112018-Pomeranian,train,473,500,242,153,229,303,Stanford Dogs
Images/n02112018-Pomeranian/n02112018_2931.jpg,Pomeranian,n02112018-Pomeranian,test,500,375,175,102,165,272,Stanford Dogs
Images/n02112018-Pomeranian/n02112018_2991.jpg,Pomeranian,n02112018-Pomeranian,test,500,333,85,39,267,253,Stanford Dogs
Images/n02112018-Pomeranian/n02112018_3033.jpg,Pomeranian,n02112018-Pomeranian,test,500,446,14,3,484,431,Stanford Dogs
Images/n02112018-Pomeranian/n02112018_3097.jpg,Pomeranian,n02112018-Pomeranian,test,500,375,29,0,410,374,Stanford Dogs
Images/n02112018-Pomeranian/n02112018_3133.jpg,Pomeranian,n02112018-Pomeranian,train,334,500,28,2,304,496,Stanford Dogs
Images/n02112018-Pomeranian/n02112018_3464.jpg,Pomeranian,n02112018-Pomeranian,test,500,375,0,63,421,310,Stanford Dogs
Images/n02112018-Pomeranian/n02112018_3539.jpg,Pomeranian,n02112018-Pomeranian,train,500,375,159,16,177,223,Stanford Dogs
Images/n02112018-Pomeranian/n02112018_3666.jpg,Pomeranian,n02112018-Pomeranian,test,500,333,178,65,213,253,Stanford Dogs
Images/n02112018-Pomeranian/n02112018_3737.jpg,Pomeranian,n02112018-Pomeranian,train,229,186,15,15,201,170,Stanford Dogs
Images/n02112018-Pomeranian/n02112018_3742.jpg,Pomeranian,n02112018-Pomeranian,train,401,500,6,5,393,440,Stanford Dogs
Images/n02112018-Pomeranian/n02112018_3812.jpg,Pomeranian,n02112018-Pomeranian,train,375,500,36,50,310,448,Stanford Dogs
Images/n02112018-Pomeranian/n02112018_4035.jpg,Pomeranian,n02112018-Pomeranian,test,500,376,38,9,404,365,Stanford Dogs
Images/n02112018-Pomeranian/n02112018_4243.jpg,Pomeranian,n02112018-Pomeranian,train,500,375,222,181,165,108,Stanford Dogs
Images/n02112018-Pomeranian/n02112018_436.jpg,Pomeranian,n02112018-Pomeranian,train,500,375,0,57,380,302,Stanford Dogs
Images/n02112018-Pomeranian/n02112018_4456.jpg,Pomeranian,n02112018-Pomeranian,train,500,375,67,29,412,291,Stanford Dogs
Images/n02112018-Pomeranian/n02112018_4554.jpg,Pomeranian,n02112018-Pomeranian,train,500,375,92,82,389,242,Stanford Dogs
Images/n02112018-Pomeranian/n02112018_4639.jpg,Pomeranian,n02112018-Pomeranian,train,333,500,62,55,214,361,Stanford Dogs
Images/n02112018-Pomeranian/n02112018_4813.jpg,Pomeranian,n02112018-Pomeranian,test,304,500,17,0,261,495,Stanford Dogs
Images/n02112018-Pomeranian/n02112018_4840.jpg,Pomeranian,n02112018-Pomeranian,train,500,375,181,120,123,148,Stanford Dogs
Images/n02112018-Pomeranian/n02112018_4928.jpg,Pomeranian,n02112018-Pomeranian,test,500,375,43,45,456,329,Stanford Dogs
Images/n02112018-Pomeranian/n02112018_494.jpg,Pomeranian,n02112018-Pomeranian,train,456,500,67,102,387,396,Stanford Dogs
Images/n02112018-Pomeranian/n02112018_5089.jpg,Pomeranian,n02112018-Pomeranian,train,500,375,0,39,323,216,Stanford Dogs
Images/n02112018-Pomeranian/n02112018_5091.jpg,Pomeranian,n02112018-Pomeranian,train,500,375,127,104,179,160,Stanford Dogs
Images/n02112018-Pomeranian/n02112018_5094.jpg,Pomeranian,n02112018-Pomeranian,test,500,377,2,1,497,360,Stanford Dogs
Images/n02112018-Pomeranian/n02112018_514.jpg,Pomeranian,n02112018-Pomeranian,train,496,500,62,11,350,487,Stanford Dogs
Images/n02112018-Pomeranian/n02112018_5165.jpg,Pomeranian,n02112018-Pomeranian,test,500,375,100,21,294,336,Stanford Dogs
Images/n02112018-Pomeranian/n02112018_5208.jpg,Pomeranian,n02112018-Pomeranian,train,320,240,118,33,126,185,Stanford Dogs
Images/n02112018-Pomeranian/n02112018_5330.jpg,Pomeranian,n02112018-Pomeranian,test,500,375,140,117,152,251,Stanford Dogs
Images/n02112018-Pomeranian/n02112018_5349.jpg,Pomeranian,n02112018-Pomeranian,test,467,479,82,128,200,329,Stanford Dogs
Images/n02112018-Pomeranian/n02112018_5367.jpg,Pomeranian,n02112018-Pomeranian,train,500,333,20,54,419,278,Stanford Dogs
Images/n02112018-Pomeranian/n02112018_554.jpg,Pomeranian,n02112018-Pomeranian,test,500,375,144,38,245,305,Stanford Dogs
Images/n02112018-Pomeranian/n02112018_5540.jpg,Pomeranian,n02112018-Pomeranian,train,500,375,0,1,492,344,Stanford Dogs
Images/n02112018-Pomeranian/n02112018_5554.jpg,Pomeranian,n02112018-Pomeranian,test,360,270,90,15,220,247,Stanford Dogs
Images/n02112018-Pomeranian/n02112018_5738.jpg,Pomeranian,n02112018-Pomeranian,test,375,500,56,5,276,481,Stanford Dogs
Images/n02112018-Pomeranian/n02112018_5778.jpg,Pomeranian,n02112018-Pomeranian,test,332,500,6,108,317,337,Stanford Dogs
Images/n02112018-Pomeranian/n02112018_5807.jpg,Pomeranian,n02112018-Pomeranian,test,500,375,2,141,212,158,Stanford Dogs
Images/n02112018-Pomeranian/n02112018_5812.jpg,Pomeranian,n02112018-Pomeranian,test,500,375,15,43,332,250,Stanford Dogs
Images/n02112018-Pomeranian/n02112018_5814.jpg,Pomeranian,n02112018-Pomeranian,train,500,333,243,2,256,250,Stanford Dogs
Images/n02112018-Pomeranian/n02112018_5864.jpg,Pomeranian,n02112018-Pomeranian,train,500,375,11,38,460,336,Stanford Dogs
Images/n02112018-Pomeranian/n02112018_5888.jpg,Pomeranian,n02112018-Pomeranian,test,500,375,192,76,153,106,Stanford Dogs
Images/n02112018-Pomeranian/n02112018_5936.jpg,Pomeranian,n02112018-Pomeranian,test,500,375,92,0,367,373,Stanford Dogs
Images/n02112018-Pomeranian/n02112018_6113.jpg,Pomeranian,n02112018-Pomeranian,test,500,333,57,28,408,271,Stanford Dogs
Images/n02112018-Pomeranian/n02112018_6121.jpg,Pomeranian,n02112018-Pomeranian,test,500,375,89,77,277,212,Stanford Dogs
Images/n02112018-Pomeranian/n02112018_6129.jpg,Pomeranian,n02112018-Pomeranian,train,500,375,41,30,370,315,Stanford Dogs
Images/n02112018-Pomeranian/n02112018_6149.jpg,Pomeranian,n02112018-Pomeranian,test,374,500,1,1,281,497,Stanford Dogs
Images/n02112018-Pomeranian/n02112018_6190.jpg,Pomeranian,n02112018-Pomeranian,test,500,375,0,2,499,372,Stanford Dogs
Images/n02112018-Pomeranian/n02112018_6201.jpg,Pomeranian,n02112018-Pomeranian,train,375,500,0,3,372,494,Stanford Dogs
Images/n02112018-Pomeranian/n02112018_6208.jpg,Pomeranian,n02112018-Pomeranian,train,500,331,117,3,309,327,Stanford Dogs
Images/n02112018-Pomeranian/n02112018_6227.jpg,Pomeranian,n02112018-Pomeranian,test,500,315,0,0,499,283,Stanford Dogs
Images/n02112018-Pomeranian/n02112018_6676.jpg,Pomeranian,n02112018-Pomeranian,train,476,500,42,3,422,480,Stanford Dogs
Images/n02112018-Pomeranian/n02112018_6832.jpg,Pomeranian,n02112018-Pomeranian,test,400,300,69,26,330,273,Stanford Dogs
Images/n02112018-Pomeranian/n02112018_687.jpg,Pomeranian,n02112018-Pomeranian,train,424,343,208,82,191,159,Stanford Dogs
Images/n02112018-Pomeranian/n02112018_692.jpg,Pomeranian,n02112018-Pomeranian,test,500,376,35,42,395,318,Stanford Dogs
Images/n02112018-Pomeranian/n02112018_7019.jpg,Pomeranian,n02112018-Pomeranian,test,500,333,176,68,243,209,Stanford Dogs
Images/n02112018-Pomeranian/n02112018_7157.jpg,Pomeranian,n02112018-Pomeranian,test,382,500,46,41,272,405,Stanford Dogs
Images/n02112018-Pomeranian/n02112018_7341.jpg,Pomeranian,n02112018-Pomeranian,test,421,500,33,85,335,401,Stanford Dogs
Images/n02112018-Pomeranian/n02112018_7552.jpg,Pomeranian,n02112018-Pomeranian,test,500,375,128,144,211,230,Stanford Dogs
Images/n02112018-Pomeranian/n02112018_7707.jpg,Pomeranian,n02112018-Pomeranian,test,348,500,72,56,185,426,Stanford Dogs
Images/n02112018-Pomeranian/n02112018_7802.jpg,Pomeranian,n02112018-Pomeranian,test,334,500,36,41,265,319,Stanford Dogs
Images/n02112018-Pomeranian/n02112018_8161.jpg,Pomeranian,n02112018-Pomeranian,test,414,500,33,15,344,481,Stanford Dogs
Images/n02112018-Pomeranian/n02112018_8351.jpg,Pomeranian,n02112018-Pomeranian,test,333,500,110,130,135,255,Stanford Dogs
Images/n02112018-Pomeranian/n02112018_863.jpg,Pomeranian,n02112018-Pomeranian,train,500,379,133,22,283,354,Stanford Dogs
Images/n02112018-Pomeranian/n02112018_8745.jpg,Pomeranian,n02112018-Pomeranian,test,500,436,12,3,449,419,Stanford Dogs
Images/n02112018-Pomeranian/n02112018_883.jpg,Pomeranian,n02112018-Pomeranian,train,375,500,40,61,265,412,Stanford Dogs
Images/n02112018-Pomeranian/n02112018_888.jpg,Pomeranian,n02112018-Pomeranian,train,500,375,101,32,398,342,Stanford Dogs
Images/n02112018-Pomeranian/n02112018_9028.jpg,Pomeranian,n02112018-Pomeranian,train,429,500,18,0,407,497,Stanford Dogs
Images/n02112018-Pomeranian/n02112018_904.jpg,Pomeranian,n02112018-Pomeranian,test,500,375,173,0,294,374,Stanford Dogs
Images/n02112018-Pomeranian/n02112018_9376.jpg,Pomeranian,n02112018-Pomeranian,train,500,375,173,48,265,289,Stanford Dogs
Images/n02112018-Pomeranian/n02112018_938.jpg,Pomeranian,n02112018-Pomeranian,train,500,375,114,8,270,345,Stanford Dogs
Images/n02112018-Pomeranian/n02112018_9791.jpg,Pomeranian,n02112018-Pomeranian,train,375,500,92,216,221,250,Stanford Dogs
Images/n02112018-Pomeranian/n02112018_9861.jpg,Pomeranian,n02112018-Pomeranian,train,500,497,120,22,356,453,Stanford Dogs
Images/n02112018-Pomeranian/n02112018_9926.jpg,Pomeranian,n02112018-Pomeranian,test,500,331,67,45,205,213,Stanford Dogs
Images/n02112018-Pomeranian/n02112018_12405.jpg,Pomeranian,n02112018-Pomeranian,train,500,375,185,68,231,215,Stanford Dogs
Images/n02112018-Pomeranian/n02112018_541.jpg,Pomeranian,n02112018-Pomeranian,test,500,488,20,2,478,484,Stanford Dogs
Images/n02112018-Pomeranian/n02112018_1561.jpg,Pomeranian,n02112018-Pomeranian,test,500,451,27,11,471,425,Stanford Dogs
Images/n02112018-Pomeranian/n02112018_4815.jpg,Pomeranian,n02112018-Pomeranian,test,500,334,43,64,455,268,Stanford Dogs
Images/n02112018-Pomeranian/n02112018_3599.jpg,Pomeranian,n02112018-Pomeranian,train,500,375,8,10,491,361,Stanford Dogs
Images/n02112018-Pomeranian/n02112018_3203.jpg,Pomeranian,n02112018-Pomeranian,test,500,322,323,134,93,122,Stanford Dogs
Images/n02112018-Pomeranian/n02112018_1389.jpg,Pomeranian,n02112018-Pomeranian,test,500,430,27,32,389,319,Stanford Dogs
Images/n02112018-Pomeranian/n02112018_2821.jpg,Pomeranian,n02112018-Pomeranian,train,500,375,77,113,208,110,Stanford Dogs
Images/n02112018-Pomeranian/n02112018_3494.jpg,Pomeranian,n02112018-Pomeranian,test,500,375,130,8,321,366,Stanford Dogs
Images/n02112018-Pomeranian/n02112018_12493.jpg,Pomeranian,n02112018-Pomeranian,test,444,500,76,8,340,479,Stanford Dogs
Images/n02112018-Pomeranian/n02112018_5560.jpg,Pomeranian,n02112018-Pomeranian,train,500,375,145,44,284,284,Stanford Dogs
Images/n02112018-Pomeranian/n02112018_2699.jpg,Pomeranian,n02112018-Pomeranian,train,374,424,46,9,326,413,Stanford Dogs
Images/n02112018-Pomeranian/n02112018_5427.jpg,Pomeranian,n02112018-Pomeranian,train,500,375,25,128,288,246,Stanford Dogs
Images/n02112018-Pomeranian/n02112018_2790.jpg,Pomeranian,n02112018-Pomeranian,test,800,600,315,154,135,218,Stanford Dogs
Images/n02112018-Pomeranian/n02112018_13581.jpg,Pomeranian,n02112018-Pomeranian,test,500,375,153,69,214,305,Stanford Dogs
Images/n02112018-Pomeranian/n02112018_4644.jpg,Pomeranian,n02112018-Pomeranian,train,500,375,32,1,448,373,Stanford Dogs
Images/n02112018-Pomeranian/n02112018_3532.jpg,Pomeranian,n02112018-Pomeranian,train,500,375,89,45,279,326,Stanford Dogs
Images/n02112018-Pomeranian/n02112018_4206.jpg,Pomeranian,n02112018-Pomeranian,test,500,452,113,11,374,428,Stanford Dogs
Images/n02112018-Pomeranian/n02112018_2483.jpg,Pomeranian,n02112018-Pomeranian,test,500,375,141,0,250,334,Stanford Dogs
Images/n02112018-Pomeranian/n02112018_6110.jpg,Pomeranian,n02112018-Pomeranian,test,500,374,232,129,164,244,Stanford Dogs
Images/n02112018-Pomeranian/n02112018_3917.jpg,Pomeranian,n02112018-Pomeranian,test,500,375,0,107,341,266,Stanford Dogs
Images/n02112018-Pomeranian/n02112018_161.jpg,Pomeranian,n02112018-Pomeranian,train,500,375,9,0,444,373,Stanford Dogs
Images/n02112018-Pomeranian/n02112018_10243.jpg,Pomeranian,n02112018-Pomeranian,train,500,333,67,10,321,322,Stanford Dogs
Images/n02112018-Pomeranian/n02112018_2896.jpg,Pomeranian,n02112018-Pomeranian,train,500,375,170,98,134,254,Stanford Dogs
Images/n02112018-Pomeranian/n02112018_13930.jpg,Pomeranian,n02112018-Pomeranian,test,500,375,175,35,183,254,Stanford Dogs
Images/n02112018-Pomeranian/n02112018_2336.jpg,Pomeranian,n02112018-Pomeranian,test,750,600,387,321,246,211,Stanford Dogs
Images/n02112018-Pomeranian/n02112018_12513.jpg,Pomeranian,n02112018-Pomeranian,test,500,375,2,2,489,372,Stanford Dogs
Images/n02112018-Pomeranian/n02112018_2314.jpg,Pomeranian,n02112018-Pomeranian,test,500,375,54,46,217,287,Stanford Dogs
Images/n02112018-Pomeranian/n02112018_3302.jpg,Pomeranian,n02112018-Pomeranian,train,317,500,10,1,304,471,Stanford Dogs
Images/n02112018-Pomeranian/n02112018_1659.jpg,Pomeranian,n02112018-Pomeranian,train,500,376,170,109,149,200,Stanford Dogs
Images/n02112018-Pomeranian/n02112018_4583.jpg,Pomeranian,n02112018-Pomeranian,test,500,333,238,24,260,307,Stanford Dogs
Images/n02112018-Pomeranian/n02112018_12750.jpg,Pomeranian,n02112018-Pomeranian,test,500,375,199,128,101,126,Stanford Dogs
Images/n02112018-Pomeranian/n02112018_5961.jpg,Pomeranian,n02112018-Pomeranian,test,500,333,0,20,457,312,Stanford Dogs
Images/n02112018-Pomeranian/n02112018_12137.jpg,Pomeranian,n02112018-Pomeranian,test,500,375,89,57,305,250,Stanford Dogs
Images/n02112018-Pomeranian/n02112018_10158.jpg,Pomeranian,n02112018-Pomeranian,test,320,480,70,0,245,428,Stanford Dogs
Images/n02112018-Pomeranian/n02112018_5959.jpg,Pomeranian,n02112018-Pomeranian,test,500,375,151,41,199,317,Stanford Dogs
Images/n02112018-Pomeranian/n02112018_1380.jpg,Pomeranian,n02112018-Pomeranian,train,375,500,0,220,368,278,Stanford Dogs
Images/n02112018-Pomeranian/n02112018_12519.jpg,Pomeranian,n02112018-Pomeranian,test,500,333,184,98,153,223,Stanford Dogs
Images/n02112018-Pomeranian/n02112018_1495.jpg,Pomeranian,n02112018-Pomeranian,train,500,375,79,44,390,255,Stanford Dogs
Images/n02112018-Pomeranian/n02112018_3504.jpg,Pomeranian,n02112018-Pomeranian,train,500,333,329,115,170,196,Stanford Dogs
Images/n02112018-Pomeranian/n02112018_4245.jpg,Pomeranian,n02112018-Pomeranian,train,273,292,13,6,253,285,Stanford Dogs
Images/n02112018-Pomeranian/n02112018_5840.jpg,Pomeranian,n02112018-Pomeranian,test,500,375,109,1,377,373,Stanford Dogs
Images/n02112018-Pomeranian/n02112018_4586.jpg,Pomeranian,n02112018-Pomeranian,train,500,333,127,92,221,203,Stanford Dogs
Images/n02112018-Pomeranian/n02112018_3126.jpg,Pomeranian,n02112018-Pomeranian,train,333,500,0,0,331,476,Stanford Dogs
Images/n02112018-Pomeranian/n02112018_1621.jpg,Pomeranian,n02112018-Pomeranian,test,500,375,63,0,319,355,Stanford Dogs
Images/n02112018-Pomeranian/n02112018_6098.jpg,Pomeranian,n02112018-Pomeranian,train,375,500,26,63,314,389,Stanford Dogs
Images/n02112018-Pomeranian/n02112018_2846.jpg,Pomeranian,n02112018-Pomeranian,test,500,375,0,0,283,323,Stanford Dogs
Images/n02112018-Pomeranian/n02112018_336.jpg,Pomeranian,n02112018-Pomeranian,test,500,375,187,204,77,90,Stanford Dogs
Images/n02112018-Pomeranian/n02112018_2207.jpg,Pomeranian,n02112018-Pomeranian,test,463,500,36,18,425,445,Stanford Dogs
Images/n02112018-Pomeranian/n02112018_14394.jpg,Pomeranian,n02112018-Pomeranian,train,500,333,206,114,178,183,Stanford Dogs
Images/n02112018-Pomeranian/n02112018_5515.jpg,Pomeranian,n02112018-Pomeranian,test,375,500,88,91,244,316,Stanford Dogs
Images/n02112018-Pomeranian/n02112018_1325.jpg,Pomeranian,n02112018-Pomeranian,train,357,500,32,47,323,451,Stanford Dogs
Images/n02112018-Pomeranian/n02112018_10174.jpg,Pomeranian,n02112018-Pomeranian,train,500,334,128,0,214,320,Stanford Dogs
Images/n02112018-Pomeranian/n02112018_12020.jpg,Pomeranian,n02112018-Pomeranian,test,500,375,10,21,479,353,Stanford Dogs
Images/n02112018-Pomeranian/n02112018_1556.jpg,Pomeranian,n02112018-Pomeranian,test,400,336,56,8,246,260,Stanford Dogs
Images/n02112018-Pomeranian/n02112018_2711.jpg,Pomeranian,n02112018-Pomeranian,test,500,375,263,132,102,122,Stanford Dogs
Images/n02112018-Pomeranian/n02112018_150.jpg,Pomeranian,n02112018-Pomeranian,train,500,227,312,14,165,203,Stanford Dogs
Images/n02112018-Pomeranian/n02112018_5482.jpg,Pomeranian,n02112018-Pomeranian,train,500,376,59,2,344,371,Stanford Dogs
Images/n02112018-Pomeranian/n02112018_4936.jpg,Pomeranian,n02112018-Pomeranian,test,205,143,4,21,193,105,Stanford Dogs
Images/n02112018-Pomeranian/n02112018_3427.jpg,Pomeranian,n02112018-Pomeranian,train,316,475,33,199,215,167,Stanford Dogs
Images/n02112018-Pomeranian/n02112018_4373.jpg,Pomeranian,n02112018-Pomeranian,train,264,397,35,41,228,293,Stanford Dogs
Images/n02112018-Pomeranian/n02112018_4597.jpg,Pomeranian,n02112018-Pomeranian,test,500,333,117,33,310,246,Stanford Dogs
Images/n02112018-Pomeranian/n02112018_1612.jpg,Pomeranian,n02112018-Pomeranian,train,333,500,20,16,297,437,Stanford Dogs
Images/n02112018-Pomeranian/n02112018_4958.jpg,Pomeranian,n02112018-Pomeranian,train,500,333,150,126,150,149,Stanford Dogs
Images/n02112018-Pomeranian/n02112018_5700.jpg,Pomeranian,n02112018-Pomeranian,test,270,360,1,45,234,314,Stanford Dogs
Images/n02112018-Pomeranian/n02112018_4296.jpg,Pomeranian,n02112018-Pomeranian,test,288,309,53,36,222,268,Stanford Dogs
Images/n02112018-Pomeranian/n02112018_5329.jpg,Pomeranian,n02112018-Pomeranian,train,500,375,138,42,222,291,Stanford Dogs
Images/n02112018-Pomeranian/n02112018_14468.jpg,Pomeranian,n02112018-Pomeranian,test,413,500,91,21,283,466,Stanford Dogs
Images/n02112018-Pomeranian/n02112018_598.jpg,Pomeranian,n02112018-Pomeranian,test,500,375,80,56,316,205,Stanford Dogs
Images/n02112018-Pomeranian/n02112018_354.jpg,Pomeranian,n02112018-Pomeranian,test,360,226,35,18,324,186,Stanford Dogs
Images/n02112018-Pomeranian/n02112018_3867.jpg,Pomeranian,n02112018-Pomeranian,test,500,385,88,6,325,378,Stanford Dogs
Images/n02112018-Pomeranian/n02112018_3064.jpg,Pomeranian,n02112018-Pomeranian,test,500,375,94,70,299,264,Stanford Dogs
Images/n02112018-Pomeranian/n02112018_13691.jpg,Pomeranian,n02112018-Pomeranian,test,500,333,51,2,378,330,Stanford Dogs
Images/n02112018-Pomeranian/n02112018_3090.jpg,Pomeranian,n02112018-Pomeranian,test,349,360,22,28,234,315,Stanford Dogs
Images/n02112018-Pomeranian/n02112018_5317.jpg,Pomeranian,n02112018-Pomeranian,train,500,339,87,52,266,218,Stanford Dogs
Images/n02112018-Pomeranian/n02112018_290.jpg,Pomeranian,n02112018-Pomeranian,test,500,333,215,100,107,196,Stanford Dogs
Images/n02112018-Pomeranian/n02112018_2614.jpg,Pomeranian,n02112018-Pomeranian,train,500,371,110,34,276,260,Stanford Dogs
Images/n02112018-Pomeranian/n02112018_2691.jpg,Pomeranian,n02112018-Pomeranian,train,500,375,214,73,285,248,Stanford Dogs
Images/n02112018-Pomeranian/n02112018_5697.jpg,Pomeranian,n02112018-Pomeranian,test,375,500,21,62,301,396,Stanford Dogs
Images/n02112018-Pomeranian/n02112018_2288.jpg,Pomeranian,n02112018-Pomeranian,train,500,375,53,97,424,277,Stanford Dogs
Images/n02112018-Pomeranian/n02112018_1158.jpg,Pomeranian,n02112018-Pomeranian,train,500,358,21,16,167,339,Stanford Dogs
Images/n02112018-Pomeranian/n02112018_10937.jpg,Pomeranian,n02112018-Pomeranian,train,500,441,116,33,163,238,Stanford Dogs
Images/n02112018-Pomeranian/n02112018_12586.jpg,Pomeranian,n02112018-Pomeranian,test,400,301,93,57,188,243,Stanford Dogs
Images/n02112018-Pomeranian/n02112018_5860.jpg,Pomeranian,n02112018-Pomeranian,test,333,500,0,2,331,476,Stanford Dogs
Images/n02112018-Pomeranian/n02112018_4148.jpg,Pomeranian,n02112018-Pomeranian,train,500,375,84,40,415,277,Stanford Dogs
Images/n02112018-Pomeranian/n02112018_612.jpg,Pomeranian,n02112018-Pomeranian,train,500,455,36,1,462,452,Stanford Dogs
Images/n02112018-Pomeranian/n02112018_6159.jpg,Pomeranian,n02112018-Pomeranian,train,375,500,90,46,202,422,Stanford Dogs
Images/n02112018-Pomeranian/n02112018_6182.jpg,Pomeranian,n02112018-Pomeranian,test,500,375,153,102,195,227,Stanford Dogs
Images/n02112018-Pomeranian/n02112018_6214.jpg,Pomeranian,n02112018-Pomeranian,train,500,400,136,97,259,263,Stanford Dogs
Images/n02112018-Pomeranian/n02112018_627.jpg,Pomeranian,n02112018-Pomeranian,train,375,500,2,26,371,472,Stanford Dogs
Images/n02112018-Pomeranian/n02112018_6319.jpg,Pomeranian,n02112018-Pomeranian,test,425,500,3,23,309,379,Stanford Dogs
Images/n02112018-Pomeranian/n02112018_651.jpg,Pomeranian,n02112018-Pomeranian,train,500,375,0,10,284,363,Stanford Dogs
Images/n02112018-Pomeranian/n02112018_653.jpg,Pomeranian,n02112018-Pomeranian,test,375,500,42,66,318,355,Stanford Dogs
Images/n02112018-Pomeranian/n02112018_7103.jpg,Pomeranian,n02112018-Pomeranian,test,375,500,105,172,268,326,Stanford Dogs
Images/n02112018-Pomeranian/n02112018_7127.jpg,Pomeranian,n02112018-Pomeranian,test,500,375,133,72,228,238,Stanford Dogs
Images/n02112018-Pomeranian/n02112018_725.jpg,Pomeranian,n02112018-Pomeranian,train,500,333,29,49,251,283,Stanford Dogs
Images/n02112018-Pomeranian/n02112018_7460.jpg,Pomeranian,n02112018-Pomeranian,test,335,500,42,96,171,302,Stanford Dogs
Images/n02112018-Pomeranian/n02112018_7880.jpg,Pomeranian,n02112018-Pomeranian,train,361,500,45,109,230,372,Stanford Dogs
Images/n02112018-Pomeranian/n02112018_7953.jpg,Pomeranian,n02112018-Pomeranian,train,300,225,50,55,214,151,Stanford Dogs
Images/n02112018-Pomeranian/n02112018_8246.jpg,Pomeranian,n02112018-Pomeranian,train,500,340,93,82,304,236,Stanford Dogs
Images/n02112018-Pomeranian/n02112018_869.jpg,Pomeranian,n02112018-Pomeranian,test,500,333,68,62,386,270,Stanford Dogs
Images/n02112018-Pomeranian/n02112018_877.jpg,Pomeranian,n02112018-Pomeranian,train,466,311,130,19,285,291,Stanford Dogs
Images/n02112018-Pomeranian/n02112018_919.jpg,Pomeranian,n02112018-Pomeranian,test,500,375,149,73,173,277,Stanford Dogs
Images/n02112018-Pomeranian/n02112018_9263.jpg,Pomeranian,n02112018-Pomeranian,test,500,333,156,48,188,238,Stanford Dogs
Images/n02112018-Pomeranian/n02112018_9753.jpg,Pomeranian,n02112018-Pomeranian,test,500,375,128,59,308,315,Stanford Dogs
